STCOFIPS,STATE,STATEABBRV,COUNTY,RISK_SCORE,RISK_RATNG,HRCN_RISKS,HRCN_RISKR,IFLD_RISKS,IFLD_RISKR,CFLD_RISKS,CFLD_RISKR,HWAV_RISKS,HWAV_RISKR,ERQK_RISKS,ERQK_RISKR,LNDS_RISKS,LNDS_RISKR,WFIR_RISKS,WFIR_RISKR
01001,Alabama,AL,Autauga,57.56997455470738,Relatively Low,72.090112640801,Relatively Low,65.52162849872774,Relatively Low,,Not Applicable,85.90237636480411,Relatively Moderate,67.84351145038168,Relatively Low,73.50508905852418,Relatively Low,45.73791348600509,Very Low
01003,Alabama,AL,Baldwin,96.72391857506362,Relatively High,99.24906132665832,Very High,92.20737913486005,Relatively Moderate,85.8,Relatively High,92.1965317919075,Relatively Moderate,72.39185750636132,Relatively Low,65.07633587786259,Relatively Low,90.77608142493638,Relatively Moderate
01005,Alabama,AL,Barbour,48.1234096692112,Relatively Low,79.9749687108886,Relatively Low,50.76335877862596,Relatively Low,,Not Applicable,69.46050096339114,Relatively Low,53.721374045801525,Very Low,65.39440203562341,Relatively Low,48.854961832061065,Very Low
01007,Alabama,AL,Bibb,39.12213740458015,Very Low,50.06257822277848,Very Low,48.918575063613225,Relatively Low,,Not Applicable,59.69813744380218,Relatively Low,62.43638676844784,Relatively Low,77.86259541984732,Relatively Low,48.66412213740458,Very Low
01009,Alabama,AL,Blount,68.4796437659033,Relatively Low,62.99541093032958,Relatively Low,69.46564885496184,Relatively Low,,Not Applicable,69.49261400128452,Relatively Low,72.7735368956743,Relatively Low,80.9796437659033,Relatively Low,65.04452926208651,Relatively Low
01011,Alabama,AL,Bullock,25.254452926208653,Very Low,76.17855652899458,Relatively Low,20.165394402035624,Very Low,,Not Applicable,49.96788696210662,Relatively Low,45.48346055979644,Very Low,40.776081424936386,Very Low,46.087786259541986,Very Low
01013,Alabama,AL,Butler,45.16539440203562,Relatively Low,85.85732165206508,Relatively Moderate,36.1323155216285,Relatively Low,,Not Applicable,56.1014771997431,Relatively Low,52.703562340966926,Very Low,42.49363867684479,Very Low,31.075063613231553,Very Low
01015,Alabama,AL,Calhoun,88.45419847328245,Relatively Moderate,73.9674593241552,Relatively Low,89.53562340966921,Relatively Moderate,,Not Applicable,78.3558124598587,Relatively Low,84.7328244274809,Relatively Low,85.49618320610686,Relatively Low,81.5203562340967,Relatively Low
01017,Alabama,AL,Chambers,47.23282442748092,Relatively Low,70.17104714226116,Relatively Low,57.474554707379134,Relatively Low,,Not Applicable,82.7874116891458,Relatively Moderate,57.538167938931295,Very Low,27.003816793893133,Very Low,51.653944020356235,Very Low
01019,Alabama,AL,Cherokee,63.32697201017812,Relatively Low,62.91197329995828,Relatively Low,70.41984732824427,Relatively Low,,Not Applicable,44.637122671804754,Relatively Low,73.44147582697201,Relatively Low,70.41984732824427,Relatively Low,68.22519083969466,Relatively Low
01021,Alabama,AL,Chilton,54.70737913486005,Relatively Low,58.072590738423024,Very Low,60.17811704834606,Relatively Low,,Not Applicable,68.11175337186897,Relatively Low,66.03053435114504,Relatively Low,76.68575063613231,Relatively Low,63.26335877862596,Very Low
01023,Alabama,AL,Choctaw,70.61068702290076,Relatively Low,89.31998331247392,Relatively Moderate,73.53689567430025,Relatively Moderate,,Not Applicable,46.0179833012203,Relatively Low,70.8969465648855,Relatively Low,73.72773536895674,Relatively Low,52.44910941475827,Very Low
01025,Alabama,AL,Clarke,53.40330788804071,Relatively Low,89.61201501877348,Relatively Moderate,40.394402035623415,Relatively Low,22.2,Very Low,66.21708413615927,Relatively Low,52.608142493638674,Very Low,76.11323155216286,Relatively Low,43.92493638676845,Very Low
01027,Alabama,AL,Clay,26.685750636132315,Very Low,67.50104297037964,Relatively Low,35.30534351145038,Relatively Low,,Not Applicable,39.948619139370585,Relatively Low,49.93638676844784,Very Low,61.00508905852418,Very Low,71.08778625954199,Relatively Low
01029,Alabama,AL,Cleburne,27.480916030534353,Very Low,65.4151022110972,Relatively Low,37.150127226463106,Relatively Low,,Not Applicable,35.32434168272319,Very Low,47.23282442748092,Very Low,67.36641221374046,Relatively Low,67.27099236641222,Relatively Low
01031,Alabama,AL,Coffee,83.42875318066157,Relatively Moderate,92.86608260325406,Relatively Moderate,84.4147582697201,Relatively Moderate,,Not Applicable,64.7077713551702,Relatively Low,58.651399491094146,Very Low,71.69211195928753,Relatively Low,56.45674300254453,Very Low
01033,Alabama,AL,Colbert,80.6615776081425,Relatively Low,59.99165623696287,Relatively Low,76.49491094147582,Relatively Moderate,,Not Applicable,81.11753371868978,Relatively Moderate,91.98473282442748,Relatively Moderate,41.18956743002545,Very Low,28.27608142493639,Very Low
01035,Alabama,AL,Conecuh,31.106870229007633,Very Low,84.89778890279516,Relatively Moderate,23.505089058524174,Very Low,,Not Applicable,49.550417469492615,Relatively Low,42.74809160305343,Very Low,42.43002544529262,Very Low,49.87277353689568,Very Low
01037,Alabama,AL,Coosa,14.567430025445294,Very Low,55.15227367542762,Very Low,34.25572519083969,Very Low,,Not Applicable,39.30635838150289,Relatively Low,37.62722646310432,Very Low,58.5559796437659,Very Low,64.44020356234097,Relatively Low
01039,Alabama,AL,Covington,82.44274809160305,Relatively Moderate,95.57780559032123,Relatively High,69.0203562340967,Relatively Low,,Not Applicable,69.65317919075144,Relatively Low,54.19847328244275,Very Low,51.08142493638677,Very Low,49.650127226463106,Very Low
01041,Alabama,AL,Crenshaw,34.38295165394402,Very Low,84.56403838130997,Relatively Moderate,33.587786259541986,Very Low,,Not Applicable,48.426461143224145,Relatively Low,36.291348600508904,Very Low,41.06234096692112,Very Low,25.159033078880405,Very Low
01043,Alabama,AL,Cullman,81.93384223918575,Relatively Moderate,72.79933249895703,Relatively Low,80.24809160305344,Relatively Moderate,,Not Applicable,82.27360308285164,Relatively Moderate,86.57760814249363,Relatively Low,79.86641221374046,Relatively Low,65.07633587786259,Relatively Low
01045,Alabama,AL,Dale,67.74809160305344,Relatively Low,89.27826449728828,Relatively Moderate,61.00508905852418,Relatively Low,,Not Applicable,66.98779704560052,Relatively Low,49.07760814249364,Very Low,64.50381679389314,Relatively Low,44.56106870229007,Very Low
01047,Alabama,AL,Dallas,70.76972010178118,Relatively Low,77.09637046307884,Relatively Low,75.19083969465649,Relatively Moderate,,Not Applicable,81.95247270391779,Relatively Moderate,81.10687022900763,Relatively Low,59.82824427480916,Very Low,42.17557251908397,Very Low
01049,Alabama,AL,DeKalb,80.37531806615776,Relatively Low,69.67042136003337,Relatively Low,81.74300254452926,Relatively Moderate,,Not Applicable,64.03339755940912,Relatively Low,85.55979643765903,Relatively Low,87.02290076335878,Relatively Low,73.75954198473282,Relatively Low
01051,Alabama,AL,Elmore,72.16921119592875,Relatively Low,75.38589904046725,Relatively Low,80.56615776081425,Relatively Moderate,,Not Applicable,86.5446371226718,Relatively Moderate,75.25445292620864,Relatively Low,76.94020356234097,Relatively Low,61.86386768447837,Very Low
01053,Alabama,AL,Escambia,85.01908396946564,Relatively Moderate,96.5790571547768,Relatively High,67.27099236641222,Relatively Low,,Not Applicable,83.78291586384073,Relatively Moderate,56.8384223918575,Very Low,43.38422391857507,Very Low,74.01399491094148,Relatively Low
01055,Alabama,AL,Etowah,87.34096692111959,Relatively Moderate,68.37713808927826,Relatively Low,87.5,Relatively Moderate,,Not Applicable,77.64932562620423,Relatively Low,88.32697201017811,Relatively Low,77.67175572519083,Relatively Low,72.67811704834605,Relatively Low
01057,Alabama,AL,Fayette,38.16793893129771,Very Low,63.99666249478515,Relatively Low,41.0941475826972,Relatively Low,,Not Applicable,67.66217084136159,Relatively Low,63.93129770992366,Relatively Low,78.84860050890585,Relatively Low,27.512722646310433,Very Low
01059,Alabama,AL,Franklin,67.71628498727735,Relatively Low,60.36712557363371,Relatively Low,54.67557251908397,Relatively Low,,Not Applicable,70.29543994861915,Relatively Low,83.07888040712467,Relatively Low,82.8880407124682,Relatively Low,37.72264631043257,Very Low
01061,Alabama,AL,Geneva,53.37150127226463,Relatively Low,87.27576136837713,Relatively Moderate,55.43893129770993,Relatively Low,,Not Applicable,52.922286448298,Relatively Low,45.86513994910941,Very Low,23.44147582697201,Very Low,37.786259541984734,Very Low
01063,Alabama,AL,Greene,29.293893129770993,Very Low,63.03712974551523,Relatively Low,32.82442748091603,Very Low,,Not Applicable,86.03082851637764,Relatively Moderate,62.59541984732825,Relatively Low,38.040712468193384,Very Low,14.153944020356235,Very Low
01065,Alabama,AL,Hale,39.090330788804074,Very Low,68.6691697955778,Relatively Low,41.79389312977099,Relatively Low,,Not Applicable,58.92742453436095,Relatively Low,65.80788804071247,Relatively Low,50.286259541984734,Very Low,25.572519083969464,Very Low
01067,Alabama,AL,Henry,42.04834605597965,Very Low,82.68669169795578,Relatively Moderate,38.39058524173028,Relatively Low,,Not Applicable,43.86640976236352,Relatively Low,39.217557251908396,Very Low,46.24681933842239,Very Low,33.778625954198475,Very Low
01069,Alabama,AL,Houston,87.78625954198473,Relatively Moderate,93.82561535252398,Relatively High,87.1501272264631,Relatively Moderate,,Not Applicable,79.76878612716763,Relatively Moderate,72.70992366412213,Relatively Low,38.645038167938935,Very Low,51.94020356234097,Very Low
01071,Alabama,AL,Jackson,79.03944020356234,Relatively Low,59.36587400917814,Relatively Low,78.72137404580153,Relatively Moderate,,Not Applicable,53.72511239563262,Relatively Low,85.6234096692112,Relatively Low,74.87277353689568,Relatively Low,61.19592875318066,Very Low
01073,Alabama,AL,Jefferson,97.6145038167939,Relatively High,76.59574468085107,Relatively Low,98.09160305343512,Relatively High,,Not Applicable,97.62363519588953,Relatively High,96.0559796437659,Relatively Moderate,94.94274809160305,Relatively Moderate,79.07124681933843,Relatively Low
01075,Alabama,AL,Lamar,31.393129770992367,Very Low,61.82728410513142,Relatively Low,31.647582697201017,Very Low,,Not Applicable,50.321130378933844,Relatively Low,74.84096692111959,Relatively Low,73.44147582697201,Relatively Low,24.71374045801527,Very Low
01077,Alabama,AL,Lauderdale,85.49618320610686,Relatively Moderate,61.11806424697539,Relatively Low,84.22391857506362,Relatively Moderate,,Not Applicable,84.6499678869621,Relatively Moderate,92.49363867684478,Relatively Moderate,40.71246819338422,Very Low,23.791348600508904,Very Low
01079,Alabama,AL,Lawrence,69.30661577608143,Relatively Low,62.95369211514393,Relatively Low,63.70865139949109,Relatively Low,,Not Applicable,81.59922928709055,Relatively Moderate,83.3969465648855,Relatively Low,16.762086513994912,Very Low,33.14249363867685,Very Low
01081,Alabama,AL,Lee,79.70737913486005,Relatively Low,82.186065915728,Relatively Moderate,84.7328244274809,Relatively Moderate,,Not Applicable,92.00385356454721,Relatively Moderate,81.74300254452926,Relatively Low,43.44783715012723,Very Low,72.39185750636132,Relatively Low
01083,Alabama,AL,Limestone,79.9618320610687,Relatively Low,60.200250312891114,Relatively Low,76.68575063613231,Relatively Moderate,,Not Applicable,72.28644829800899,Relatively Low,89.8854961832061,Relatively Low,24.045801526717558,Very Low,25.763358778625957,Very Low
01085,Alabama,AL,Lowndes,29.07124681933842,Very Low,71.42261159783062,Relatively Low,31.87022900763359,Very Low,,Not Applicable,72.67180475272961,Relatively Low,49.52290076335878,Very Low,38.23155216284987,Very Low,31.48854961832061,Very Low
01087,Alabama,AL,Macon,23.85496183206107,Very Low,68.87776387150605,Relatively Low,34.79643765903308,Very Low,,Not Applicable,59.73025048169557,Relatively Low,59.82824427480916,Relatively Low,43.320610687022906,Very Low,52.83078880407125,Very Low
01089,Alabama,AL,Madison,94.56106870229007,Relatively High,70.4630788485607,Relatively Low,95.92875318066157,Relatively High,,Not Applicable,94.21965317919076,Relatively Moderate,94.8473282442748,Relatively Moderate,35.75063613231552,Very Low,36.06870229007634,Very Low
01091,Alabama,AL,Marengo,52.16284987277354,Relatively Low,77.43012098456404,Relatively Low,50.63613231552163,Relatively Low,,Not Applicable,71.16249197174052,Relatively Low,73.47328244274809,Relatively Low,46.31043256997455,Very Low,38.83587786259542,Very Low
01093,Alabama,AL,Marion,69.14758269720102,Relatively Low,67.62619941593658,Relatively Low,63.99491094147582,Relatively Low,,Not Applicable,67.63005780346822,Relatively Low,80.1526717557252,Relatively Low,86.41857506361323,Relatively Low,37.086513994910945,Very Low
01095,Alabama,AL,Marshall,87.30916030534351,Relatively Moderate,68.96120150187734,Relatively Low,85.2735368956743,Relatively Moderate,,Not Applicable,80.76429030186254,Relatively Moderate,87.72264631043257,Relatively Low,69.49745547073792,Relatively Low,63.167938931297705,Very Low
01097,Alabama,AL,Mobile,98.02798982188295,Relatively High,99.41593658740092,Very High,95.8969465648855,Relatively High,90.60000000000001,Relatively High,95.95375722543352,Relatively Moderate,84.764631043257,Relatively Low,72.55089058524173,Relatively Low,93.4796437659033,Relatively Moderate
01099,Alabama,AL,Monroe,48.66412213740458,Relatively Low,87.94326241134752,Relatively Moderate,41.9529262086514,Relatively Low,18.0,Very Low,59.15221579961464,Relatively Low,51.3676844783715,Very Low,56.87022900763359,Very Low,42.23918575063613,Very Low
01101,Alabama,AL,Montgomery,91.82569974554707,Relatively Moderate,87.3174801835628,Relatively Moderate,94.05216284987277,Relatively High,,Not Applicable,96.53179190751445,Relatively High,92.4618320610687,Relatively Moderate,52.958015267175576,Very Low,51.62213740458015,Very Low
01103,Alabama,AL,Morgan,88.83587786259542,Relatively Moderate,68.00166875260743,Relatively Low,86.73664122137404,Relatively Moderate,,Not Applicable,88.08606294155426,Relatively Moderate,92.27099236641222,Relatively Moderate,26.431297709923662,Very Low,48.918575063613225,Very Low
01105,Alabama,AL,Perry,18.829516539440203,Very Low,69.29495202336253,Relatively Low,22.455470737913487,Very Low,,Not Applicable,48.81181759794477,Relatively Low,61.100508905852415,Relatively Low,58.778625954198475,Very Low,23.155216284987276,Very Low
01107,Alabama,AL,Pickens,44.6882951653944,Relatively Low,69.2532332081769,Relatively Low,41.85750636132315,Relatively Low,,Not Applicable,79.70456005138085,Relatively Moderate,78.53053435114504,Relatively Low,68.1615776081425,Relatively Low,27.89440203562341,Very Low
01109,Alabama,AL,Pike,43.98854961832061,Relatively Low,83.56278681685441,Relatively Moderate,47.61450381679389,Relatively Low,,Not Applicable,76.2684649967887,Relatively Low,57.029262086513995,Very Low,63.99491094147582,Relatively Low,33.87404580152672,Very Low
01111,Alabama,AL,Randolph,30.59796437659033,Very Low,71.9232373800584,Relatively Low,41.98473282442748,Relatively Low,,Not Applicable,45.3757225433526,Relatively Low,46.56488549618321,Very Low,65.13994910941476,Relatively Low,63.77226463104325,Relatively Low
01113,Alabama,AL,Russell,54.73918575063613,Relatively Low,75.177304964539,Relatively Low,66.85750636132316,Relatively Low,,Not Applicable,77.296082209377,Relatively Low,53.657760814249365,Very Low,69.8473282442748,Relatively Low,55.6615776081425,Very Low
01115,Alabama,AL,St. Clair,72.13740458015268,Relatively Low,56.65415102211098,Very Low,75.92239185750637,Relatively Moderate,,Not Applicable,71.70841361592807,Relatively Low,74.93638676844783,Relatively Low,85.08269720101781,Relatively Low,71.7557251908397,Relatively Low
01117,Alabama,AL,Shelby,90.2671755725191,Relatively Moderate,65.95744680851064,Relatively Low,91.57124681933843,Relatively Moderate,,Not Applicable,88.56775850995504,Relatively Moderate,84.47837150127226,Relatively Low,92.87531806615776,Relatively Moderate,74.30025445292621,Relatively Low
01119,Alabama,AL,Sumter,53.021628498727736,Relatively Low,76.26199415936587,Relatively Low,54.770992366412216,Relatively Low,,Not Applicable,67.91907514450867,Relatively Low,74.14122137404581,Relatively Low,55.37531806615776,Very Low,34.4147582697201,Very Low
01121,Alabama,AL,Talladega,84.66921119592875,Relatively Moderate,74.42636629119733,Relatively Low,87.24554707379136,Relatively Moderate,,Not Applicable,81.79190751445087,Relatively Moderate,78.46692111959288,Relatively Low,67.17557251908397,Relatively Low,79.13486005089058,Relatively Low
01123,Alabama,AL,Tallapoosa,67.4618320610687,Relatively Low,74.21777221526908,Relatively Low,77.86259541984732,Relatively Moderate,,Not Applicable,84.26461143224148,Relatively Moderate,68.98854961832062,Relatively Low,73.34605597964376,Relatively Low,75.06361323155217,Relatively Low
01125,Alabama,AL,Tuscaloosa,90.80788804071247,Relatively Moderate,81.10137672090113,Relatively Low,91.63486005089058,Relatively Moderate,,Not Applicable,95.6005138086063,Relatively Moderate,92.55725190839695,Relatively Moderate,67.49363867684478,Relatively Low,57.09287531806616,Very Low
01127,Alabama,AL,Walker,82.60178117048346,Relatively Moderate,58.28118481435127,Very Low,85.7824427480916,Relatively Moderate,,Not Applicable,84.6820809248555,Relatively Moderate,83.49236641221374,Relatively Low,84.2557251908397,Relatively Low,62.468193384223916,Very Low
01129,Alabama,AL,Washington,45.64249363867685,Relatively Low,86.94201084689195,Relatively Moderate,38.3587786259542,Relatively Low,21.6,Very Low,52.44059087989724,Relatively Low,46.024173027989825,Very Low,33.078880407124686,Very Low,65.83969465648855,Relatively Low
01131,Alabama,AL,Wilcox,36.704834605597966,Very Low,76.42886942010847,Relatively Low,53.0852417302799,Relatively Low,,Not Applicable,44.797687861271676,Relatively Low,50.76335877862596,Very Low,56.64758269720102,Very Low,45.70610687022901,Very Low
01133,Alabama,AL,Winston,59.19211195928753,Relatively Low,62.78681685440134,Relatively Low,64.7264631043257,Relatively Low,,Not Applicable,62.71676300578035,Relatively Low,81.42493638676844,Relatively Low,85.40076335877863,Relatively Low,59.12849872773537,Very Low
02013,Alaska,AK,Aleutians East,21.342239185750635,Very Low,,Not Applicable,0.0,No Rating,0.0,No Rating,,Insufficient Data,74.55470737913485,Relatively Low,97.6145038167939,Relatively Moderate,0.063613231552163,Very Low
02016,Alaska,AK,Aleutians West,67.30279898218829,Relatively Low,,Not Applicable,0.0,No Rating,0.0,No Rating,,Insufficient Data,89.66284987277355,Relatively Low,87.53180661577609,Relatively Moderate,0.0,No Rating
02020,Alaska,AK,Anchorage,97.39185750636132,Relatively High,,Not Applicable,0.190839694656489,Very Low,28.000000000000004,Very Low,,Insufficient Data,99.49109414758269,Relatively High,98.85496183206108,Relatively High,78.62595419847328,Relatively Low
02050,Alaska,AK,Bethel,44.30661577608143,Relatively Low,,Not Applicable,9.573791348600508,Very Low,0.0,No Rating,,Insufficient Data,49.395674300254456,Very Low,37.849872773536894,Very Low,83.84223918575063,Relatively Low
02060,Alaska,AK,Bristol Bay,1.208651399491094,Very Low,,Not Applicable,0.0,No Rating,0.0,No Rating,,Insufficient Data,71.9147582697201,Relatively Low,3.307888040712468,Very Low,34.223918575063614,Very Low
02063,Alaska,AK,Chugach,19.62468193384224,Very Low,,Not Applicable,0.763358778625954,Very Low,20.8,Very Low,,Insufficient Data,81.80661577608143,Relatively Low,97.07379134860051,Relatively Moderate,1.304071246819339,Very Low
02066,Alaska,AK,Copper River,39.94910941475827,Very Low,,Not Applicable,1.908396946564886,Very Low,0.0,No Rating,,Insufficient Data,77.7671755725191,Relatively Low,96.81933842239185,Relatively Moderate,83.65139949109415,Relatively Low
02068,Alaska,AK,Denali,28.30788804071247,Very Low,,Not Applicable,1.463104325699746,Very Low,,Not Applicable,,Insufficient Data,78.91221374045801,Relatively Low,84.79643765903307,Relatively Low,84.764631043257,Relatively Low
02070,Alaska,AK,Dillingham,35.68702290076336,Very Low,,Not Applicable,3.085241730279898,Very Low,0.0,No Rating,,Insufficient Data,75.0,Relatively Low,89.3765903307888,Relatively Moderate,62.150127226463106,Very Low
02090,Alaska,AK,Fairbanks North Star,88.5178117048346,Relatively Moderate,,Not Applicable,45.67430025445292,Relatively Low,,Not Applicable,,Insufficient Data,97.58269720101781,Relatively Moderate,99.36386768447836,Relatively High,97.6145038167939,Relatively Moderate
02100,Alaska,AK,Haines,4.293893129770993,Very Low,,Not Applicable,0.826972010178117,Very Low,0.0,No Rating,,Insufficient Data,64.53562340966921,Relatively Low,96.34223918575063,Relatively Moderate,4.993638676844784,Very Low
02105,Alaska,AK,Hoonah-Angoon,14.31297709923664,Very Low,,Not Applicable,1.304071246819339,Very Low,22.8,Very Low,,Insufficient Data,73.15521628498728,Relatively Low,96.88295165394402,Relatively Moderate,5.566157760814249,Very Low
02110,Alaska,AK,Juneau,11.513994910941475,Very Low,,Not Applicable,12.213740458015266,Very Low,38.0,Very Low,,Insufficient Data,80.53435114503816,Relatively Low,95.76972010178118,Relatively Moderate,19.529262086513995,Very Low
02122,Alaska,AK,Kenai Peninsula,93.03435114503816,Relatively Moderate,,Not Applicable,43.765903307888046,Relatively Low,33.800000000000004,Very Low,,Insufficient Data,98.69592875318067,Relatively High,97.16921119592875,Relatively Moderate,97.07379134860051,Relatively Moderate
02130,Alaska,AK,Ketchikan Gateway,1.685750636132316,Very Low,,Not Applicable,4.548346055979644,Very Low,26.0,Very Low,,Insufficient Data,31.170483460559794,Very Low,86.95928753180662,Relatively Low,10.941475826972011,Very Low
02150,Alaska,AK,Kodiak Island,65.13994910941476,Relatively Low,,Not Applicable,4.421119592875318,Very Low,0.0,No Rating,,Insufficient Data,94.72010178117048,Relatively Moderate,96.50127226463104,Relatively Moderate,23.21882951653944,Very Low
02158,Alaska,AK,Kusilvak,57.91984732824428,Relatively Low,,Not Applicable,0.0,No Rating,0.0,No Rating,,Insufficient Data,24.58651399491094,Very Low,82.69720101781171,Relatively Low,46.9147582697201,Very Low
02164,Alaska,AK,Lake and Peninsula,6.26590330788804,Very Low,,Not Applicable,0.159033078880407,Very Low,0.0,No Rating,,Insufficient Data,79.67557251908397,Relatively Low,66.69847328244275,Relatively Low,45.45165394402035,Very Low
02170,Alaska,AK,Matanuska-Susitna,93.25699745547074,Relatively Moderate,,Not Applicable,51.30407124681934,Relatively Low,0.0,No Rating,,Insufficient Data,98.88676844783714,Relatively High,96.78753180661577,Relatively Moderate,94.65648854961832,Relatively Moderate
02180,Alaska,AK,Nome,34.06488549618321,Very Low,,Not Applicable,5.725190839694656,Very Low,0.0,No Rating,,Insufficient Data,73.53689567430025,Relatively Low,85.01908396946564,Relatively Low,45.16539440203562,Very Low
02185,Alaska,AK,North Slope,14.75826972010178,Very Low,,Not Applicable,2.608142493638677,Very Low,0.0,No Rating,,Insufficient Data,50.19083969465649,Very Low,13.772264631043257,Very Low,11.38676844783715,Very Low
02188,Alaska,AK,Northwest Arctic,54.58015267175572,Relatively Low,,Not Applicable,3.403307888040712,Very Low,0.0,No Rating,,Insufficient Data,65.68066157760815,Relatively Low,86.06870229007633,Relatively Low,65.68066157760815,Relatively Low
02195,Alaska,AK,Petersburg,15.426208651399492,Very Low,,Not Applicable,0.986005089058524,Very Low,0.0,No Rating,,Insufficient Data,18.25699745547074,Very Low,99.6501272264631,Relatively High,3.403307888040712,Very Low
02198,Alaska,AK,Prince of Wales-Hyder,0.954198473282443,Very Low,,Not Applicable,3.753180661577608,Very Low,0.0,No Rating,,Insufficient Data,43.034351145038165,Very Low,93.6704834605598,Relatively Moderate,10.114503816793894,Very Low
02220,Alaska,AK,Sitka,23.823155216284988,Very Low,,Not Applicable,2.639949109414758,Very Low,34.0,Very Low,,Insufficient Data,83.87404580152672,Relatively Low,99.23664122137404,Relatively High,8.746819338422391,Very Low
02230,Alaska,AK,Skagway,0.477099236641221,Very Low,,Not Applicable,0.254452926208651,Very Low,0.0,No Rating,,Insufficient Data,43.89312977099237,Very Low,92.58905852417303,Relatively Moderate,2.44910941475827,Very Low
02240,Alaska,AK,Southeast Fairbanks,57.029262086513995,Relatively Low,,Not Applicable,9.351145038167939,Very Low,,Not Applicable,,Insufficient Data,86.4821882951654,Relatively Low,86.54580152671755,Relatively Low,97.10559796437659,Relatively Moderate
02275,Alaska,AK,Wrangell,0.063613231552163,Very Low,,Not Applicable,0.413486005089058,Very Low,0.0,No Rating,,Insufficient Data,13.008905852417302,Very Low,87.11832061068702,Relatively Low,1.526717557251908,Very Low
02282,Alaska,AK,Yakutat,2.958015267175572,Very Low,,Not Applicable,0.286259541984733,Very Low,0.0,No Rating,,Insufficient Data,77.44910941475827,Relatively Low,96.11959287531806,Relatively Moderate,1.685750636132316,Very Low
02290,Alaska,AK,Yukon-Koyukuk,61.54580152671756,Relatively Low,,Not Applicable,6.647582697201019,Very Low,,Not Applicable,,Insufficient Data,75.31806615776081,Relatively Low,94.8473282442748,Relatively Moderate,93.00254452926208,Relatively Moderate
04001,Arizona,AZ,Apache,78.7849872773537,Relatively Low,11.681268251981644,Very Low,80.72519083969466,Relatively Moderate,,Not Applicable,46.660244059087994,Relatively Low,67.71628498727735,Relatively Low,93.51145038167938,Relatively Moderate,97.90076335877863,Relatively High
04003,Arizona,AZ,Cochise,92.84351145038168,Relatively Moderate,34.209428452231954,Very Low,93.8295165394402,Relatively High,,Not Applicable,99.06872190109183,Relatively High,78.49872773536896,Relatively Low,55.089058524173026,Very Low,99.17302798982189,Relatively High
04005,Arizona,AZ,Coconino,94.21119592875317,Relatively Moderate,0.0,No Rating,96.46946564885496,Relatively High,,Not Applicable,63.90494540783558,Relatively Low,90.36259541984732,Relatively Moderate,97.36005089058524,Relatively Moderate,99.39567430025446,Relatively High
04007,Arizona,AZ,Gila,90.17175572519083,Relatively Moderate,7.676261994159366,Very Low,93.06615776081425,Relatively Moderate,,Not Applicable,86.73731535003212,Relatively Moderate,59.00127226463104,Very Low,77.60814249363868,Relatively Low,99.07760814249363,Relatively High
04009,Arizona,AZ,Graham,64.59923664122137,Relatively Low,13.68377138089278,Very Low,67.93893129770993,Relatively Low,,Not Applicable,95.02247912652537,Relatively Moderate,47.86895674300254,Very Low,42.87531806615776,Very Low,94.27480916030534,Relatively Moderate
04011,Arizona,AZ,Greenlee,12.372773536895675,Very Low,7.384230287859824,Very Low,29.64376590330789,Very Low,,Not Applicable,60.43673731535003,Relatively Low,21.978371501272264,Very Low,63.42239185750637,Relatively Low,82.50636132315522,Relatively Low
04012,Arizona,AZ,La Paz,83.52417302798982,Relatively Moderate,16.68752607425949,Very Low,91.47582697201018,Relatively Moderate,,Not Applicable,90.20552344251766,Relatively Moderate,79.03944020356234,Relatively Low,56.202290076335885,Very Low,70.16539440203562,Relatively Low
04013,Arizona,AZ,Maricopa,99.87277353689568,Very High,26.574885273258243,Very Low,99.87277353689568,Very High,,Not Applicable,100.0,Very High,96.81933842239185,Relatively Moderate,83.9058524173028,Relatively Low,99.61832061068702,Relatively High
04015,Arizona,AZ,Mohave,94.75190839694656,Relatively High,0.0,No Rating,97.07379134860051,Relatively High,,Not Applicable,98.55491329479769,Relatively High,87.05470737913485,Relatively Low,67.04834605597965,Relatively Low,98.82315521628499,Relatively High
04017,Arizona,AZ,Navajo,88.07251908396947,Relatively Moderate,0.0,No Rating,89.50381679389314,Relatively Moderate,,Not Applicable,56.71162491971741,Relatively Low,81.23409669211196,Relatively Low,93.95674300254453,Relatively Moderate,98.79134860050891,Relatively High
04019,Arizona,AZ,Pima,99.10941475826972,Relatively High,18.69002920317063,Very Low,99.52290076335878,Very High,,Not Applicable,99.77520873474631,Very High,91.73027989821882,Relatively Moderate,58.651399491094146,Very Low,99.6501272264631,Relatively High
04021,Arizona,AZ,Pinal,93.8295165394402,Relatively Moderate,18.815185648727574,Very Low,96.37404580152672,Relatively High,,Not Applicable,98.87604367373154,Relatively High,79.83460559796438,Relatively Low,50.76335877862596,Very Low,97.99618320610686,Relatively High
04023,Arizona,AZ,Santa Cruz,88.32697201017811,Relatively Moderate,17.271589486858574,Very Low,87.40458015267176,Relatively Moderate,,Not Applicable,99.00449582530507,Relatively High,43.47964376590331,Very Low,69.14758269720102,Relatively Low,98.05979643765903,Relatively High
04025,Arizona,AZ,Yavapai,93.73409669211196,Relatively Moderate,0.0,No Rating,96.0559796437659,Relatively High,,Not Applicable,84.97109826589595,Relatively Moderate,85.30534351145039,Relatively Low,69.97455470737913,Relatively Low,99.58651399491094,Relatively High
04027,Arizona,AZ,Yuma,92.55725190839695,Relatively Moderate,22.736754276178555,Very Low,90.96692111959288,Relatively Moderate,,Not Applicable,96.66024405908799,Relatively High,98.44147582697201,Relatively High,45.86513994910941,Very Low,59.223918575063614,Very Low
05001,Arkansas,AR,Arkansas,63.199745547073796,Relatively Low,60.95118898623279,Relatively Low,58.396946564885496,Relatively Low,,Not Applicable,68.78612716763006,Relatively Low,92.04834605597965,Relatively Moderate,23.346055979643765,Very Low,19.84732824427481,Very Low
05003,Arkansas,AR,Ashley,53.912213740458014,Relatively Low,65.12307050479767,Relatively Low,54.007633587786266,Relatively Low,,Not Applicable,78.67694283879256,Relatively Low,83.26972010178118,Relatively Low,17.36641221374046,Very Low,32.092875318066156,Very Low
05005,Arkansas,AR,Baxter,72.29643765903307,Relatively Low,35.91989987484355,Very Low,64.3765903307888,Relatively Low,,Not Applicable,76.043673731535,Relatively Low,85.97328244274809,Relatively Low,82.25190839694656,Relatively Low,71.94656488549617,Relatively Low
05007,Arkansas,AR,Benton,88.74045801526718,Relatively Moderate,52.35711305798916,Very Low,90.42620865139949,Relatively Moderate,,Not Applicable,94.7334617854849,Relatively Moderate,86.80025445292621,Relatively Low,87.69083969465649,Relatively Moderate,92.77989821882952,Relatively Moderate
05009,Arkansas,AR,Boone,62.34096692111959,Relatively Low,37.463496036712556,Very Low,51.24045801526718,Relatively Low,,Not Applicable,64.41875401412975,Relatively Low,71.27862595419847,Relatively Low,69.81552162849873,Relatively Low,65.5852417302799,Relatively Low
05011,Arkansas,AR,Bradley,30.756997455470735,Very Low,54.44305381727159,Very Low,24.491094147582697,Very Low,,Not Applicable,85.13166345536288,Relatively Moderate,81.1704834605598,Relatively Low,19.65648854961832,Very Low,27.449109414758272,Very Low
05013,Arkansas,AR,Calhoun,2.258269720101781,Very Low,31.45598664997914,Very Low,6.870229007633588,Very Low,,Not Applicable,29.158638407193322,Very Low,53.14885496183206,Very Low,7.888040712468193,Very Low,7.569974554707379,Very Low
05015,Arkansas,AR,Carroll,64.56743002544529,Relatively Low,50.438047559449316,Very Low,65.10814249363868,Relatively Low,,Not Applicable,68.88246628131022,Relatively Low,70.16539440203562,Relatively Low,88.54961832061069,Relatively Moderate,64.91730279898219,Relatively Low
05017,Arkansas,AR,Chicot,43.765903307888046,Relatively Low,65.74885273258239,Relatively Low,49.395674300254456,Relatively Low,,Not Applicable,61.368015414258196,Relatively Low,77.86259541984732,Relatively Low,26.685750636132315,Very Low,8.428753180661577,Very Low
05019,Arkansas,AR,Clark,41.0941475826972,Very Low,50.98039215686274,Very Low,38.13613231552163,Relatively Low,,Not Applicable,67.79062299293514,Relatively Low,73.05979643765903,Relatively Low,57.85623409669212,Very Low,31.01145038167939,Very Low
05021,Arkansas,AR,Clay,71.62849872773536,Relatively Low,49.81226533166458,Very Low,39.98091603053435,Relatively Low,,Not Applicable,82.7552986512524,Relatively Moderate,93.89312977099237,Relatively Moderate,51.43129770992366,Very Low,6.075063613231553,Very Low
05023,Arkansas,AR,Cleburne,72.70992366412213,Relatively Low,53.066332916145186,Very Low,73.31424936386769,Relatively Moderate,,Not Applicable,66.15285806037251,Relatively Low,86.73664122137404,Relatively Low,72.16921119592875,Relatively Low,75.79516539440203,Relatively Low
05025,Arkansas,AR,Cleveland,9.478371501272264,Very Low,51.27242386316229,Very Low,13.931297709923665,Very Low,,Not Applicable,52.24791265253693,Relatively Low,62.913486005089055,Relatively Low,10.337150127226463,Very Low,25.41348600508906,Very Low
05027,Arkansas,AR,Columbia,42.08015267175573,Very Low,61.03462661660409,Relatively Low,24.58651399491094,Very Low,,Not Applicable,78.00256904303147,Relatively Low,71.43765903307889,Relatively Low,19.306615776081426,Very Low,31.806615776081426,Very Low
05029,Arkansas,AR,Conway,56.55216284987278,Relatively Low,52.732582394659985,Very Low,45.35623409669211,Relatively Low,,Not Applicable,71.13037893384714,Relatively Low,86.92748091603053,Relatively Low,53.11704834605598,Very Low,74.90458015267176,Relatively Low
05031,Arkansas,AR,Craighead,91.79389312977099,Relatively Moderate,56.82102628285357,Very Low,78.7531806615776,Relatively Moderate,,Not Applicable,95.18304431599229,Relatively Moderate,97.80534351145039,Relatively Moderate,70.06997455470739,Relatively Low,43.829516539440206,Very Low
05033,Arkansas,AR,Crawford,71.5966921119593,Relatively Low,43.38756779307468,Very Low,70.64249363867684,Relatively Low,,Not Applicable,93.44894026974951,Relatively Moderate,66.57124681933843,Relatively Low,88.58142493638677,Relatively Moderate,91.06234096692111,Relatively Moderate
05035,Arkansas,AR,Crittenden,82.95165394402035,Relatively Moderate,47.26741760534001,Very Low,72.36005089058524,Relatively Low,,Not Applicable,89.33847141939627,Relatively Moderate,96.4058524173028,Relatively Moderate,39.75826972010178,Very Low,5.820610687022901,Very Low
05037,Arkansas,AR,Cross,64.91730279898219,Relatively Low,49.56195244055069,Very Low,39.344783715012724,Relatively Low,,Not Applicable,70.39177906229929,Relatively Low,94.6882951653944,Relatively Moderate,49.968193384223916,Very Low,12.5,Very Low
05039,Arkansas,AR,Dallas,10.082697201017812,Very Low,45.30663329161452,Very Low,17.68447837150127,Very Low,,Not Applicable,50.83493898522801,Relatively Low,67.36641221374046,Relatively Low,16.380407124681934,Very Low,13.867684478371501,Very Low
05041,Arkansas,AR,Desha,32.88804071246819,Very Low,63.28744263662912,Relatively Low,33.396946564885496,Very Low,,Not Applicable,64.00128452151573,Relatively Low,83.84223918575063,Relatively Low,18.416030534351144,Very Low,3.212468193384224,Very Low
05043,Arkansas,AR,Drew,35.146310432569976,Very Low,56.57071339173968,Very Low,18.98854961832061,Very Low,,Not Applicable,77.87411689145793,Relatively Low,83.7468193384224,Relatively Low,24.204834605597963,Very Low,25.667938931297712,Very Low
05045,Arkansas,AR,Faulkner,86.16412213740458,Relatively Moderate,52.816020025031285,Very Low,77.00381679389314,Relatively Moderate,,Not Applicable,91.68272318561336,Relatively Moderate,94.37022900763358,Relatively Moderate,61.73664122137404,Very Low,77.7671755725191,Relatively Low
05047,Arkansas,AR,Franklin,49.395674300254456,Relatively Low,46.93366708385482,Very Low,50.89058524173028,Relatively Low,,Not Applicable,86.44829800899166,Relatively Moderate,62.531806615776084,Relatively Low,38.42239185750636,Very Low,82.5381679389313,Relatively Low
05049,Arkansas,AR,Fulton,50.667938931297705,Relatively Low,32.874426366291196,Very Low,45.64249363867685,Relatively Low,,Not Applicable,66.53821451509313,Relatively Low,76.33587786259542,Relatively Low,70.00636132315522,Relatively Low,56.04325699745547,Very Low
05051,Arkansas,AR,Garland,89.31297709923665,Relatively Moderate,62.07759699624531,Relatively Low,90.10814249363868,Relatively Moderate,,Not Applicable,93.9306358381503,Relatively Moderate,89.18575063613231,Relatively Low,91.79389312977099,Relatively Moderate,72.86895674300254,Relatively Low
05053,Arkansas,AR,Grant,15.712468193384224,Very Low,37.79724655819774,Very Low,16.730279898218832,Very Low,,Not Applicable,61.143224149004496,Relatively Low,66.12595419847328,Relatively Low,20.610687022900763,Very Low,24.141221374045802,Very Low
05055,Arkansas,AR,Greene,80.18447837150127,Relatively Low,46.057571964956196,Very Low,63.231552162849866,Relatively Low,,Not Applicable,91.00834938985228,Relatively Moderate,95.70610687022901,Relatively Moderate,62.88167938931297,Relatively Low,29.961832061068705,Very Low
05057,Arkansas,AR,Hempstead,52.06743002544529,Relatively Low,64.99791405924071,Relatively Low,43.86132315521628,Relatively Low,,Not Applicable,70.00642260757868,Relatively Low,75.54071246819338,Relatively Low,34.86005089058524,Very Low,32.76081424936387,Very Low
05059,Arkansas,AR,Hot Spring,55.534351145038165,Relatively Low,53.35836462244472,Very Low,58.61959287531806,Relatively Low,,Not Applicable,77.55298651252409,Relatively Low,76.49491094147582,Relatively Low,62.849872773536894,Relatively Low,55.24809160305344,Very Low
05061,Arkansas,AR,Howard,48.50508905852418,Relatively Low,56.904463913224866,Very Low,52.13104325699746,Relatively Low,,Not Applicable,60.211946050096344,Relatively Low,63.32697201017812,Relatively Low,53.40330788804071,Very Low,45.67430025445292,Very Low
05063,Arkansas,AR,Independence,69.08396946564885,Relatively Low,50.68836045056321,Very Low,56.48854961832062,Relatively Low,,Not Applicable,76.39691714836223,Relatively Low,89.98091603053436,Relatively Low,65.29898218829516,Relatively Low,70.48346055979644,Relatively Low
05065,Arkansas,AR,Izard,53.0852417302799,Relatively Low,41.05131414267834,Very Low,48.091603053435115,Relatively Low,,Not Applicable,60.72575465639049,Relatively Low,80.18447837150127,Relatively Low,71.53307888040712,Relatively Low,62.054707379134854,Very Low
05067,Arkansas,AR,Jackson,67.84351145038168,Relatively Low,53.858990404672504,Very Low,43.92493638676845,Relatively Low,,Not Applicable,70.03853564547207,Relatively Low,91.6030534351145,Relatively Moderate,25.986005089058523,Very Low,44.24300254452926,Very Low
05069,Arkansas,AR,Jefferson,85.17811704834605,Relatively Moderate,65.28994576554025,Relatively Low,78.21246819338423,Relatively Moderate,,Not Applicable,91.36159280667951,Relatively Moderate,95.57888040712467,Relatively Moderate,46.723918575063614,Very Low,57.63358778625955,Very Low
05071,Arkansas,AR,Johnson,58.14249363867684,Relatively Low,36.37880684188569,Very Low,61.959287531806616,Relatively Low,,Not Applicable,79.31920359666024,Relatively Moderate,69.08396946564885,Relatively Low,67.08015267175573,Relatively Low,67.39821882951654,Relatively Low
05073,Arkansas,AR,Lafayette,33.23791348600509,Very Low,63.07884856070088,Relatively Low,16.857506361323153,Very Low,,Not Applicable,49.614643545279385,Relatively Low,53.81679389312977,Very Low,15.903307888040713,Very Low,21.62849872773537,Very Low
05075,Arkansas,AR,Lawrence,67.87531806615776,Relatively Low,50.27117229870671,Very Low,52.51272264631043,Relatively Low,,Not Applicable,77.10340398201669,Relatively Low,92.36641221374046,Relatively Moderate,31.265903307888042,Very Low,35.655216284987276,Very Low
05077,Arkansas,AR,Lee,40.42620865139949,Very Low,50.73007926574885,Very Low,21.183206106870227,Very Low,,Not Applicable,62.65253692999357,Relatively Low,90.45801526717557,Relatively Moderate,21.21501272264631,Very Low,7.315521628498728,Very Low
05079,Arkansas,AR,Lincoln,29.770992366412212,Very Low,57.65540258656654,Very Low,24.36386768447837,Very Low,,Not Applicable,65.70327552986512,Relatively Low,79.45292620865139,Relatively Low,16.730279898218832,Very Low,16.730279898218832,Very Low
05081,Arkansas,AR,Little River,44.05216284987277,Relatively Low,42.803504380475594,Very Low,44.11577608142493,Relatively Low,,Not Applicable,57.89980732177264,Relatively Low,64.02671755725191,Relatively Low,16.030534351145036,Very Low,37.88167938931298,Very Low
05083,Arkansas,AR,Logan,48.18702290076336,Relatively Low,44.931163954943685,Very Low,56.902035623409674,Relatively Low,,Not Applicable,73.37829158638407,Relatively Low,61.036895674300254,Relatively Low,50.22264631043257,Very Low,71.56488549618321,Relatively Low
05085,Arkansas,AR,Lonoke,75.09541984732824,Relatively Low,52.85773884021694,Very Low,69.3384223918575,Relatively Low,,Not Applicable,85.00321130378934,Relatively Moderate,92.74809160305344,Relatively Moderate,40.26717557251908,Very Low,52.19465648854962,Very Low
05087,Arkansas,AR,Madison,45.06997455470738,Relatively Low,45.51522736754276,Very Low,53.88040712468194,Relatively Low,,Not Applicable,77.58509955041747,Relatively Low,53.30788804071247,Very Low,82.3473282442748,Relatively Low,71.2150127226463,Relatively Low
05089,Arkansas,AR,Marion,47.96437659033079,Relatively Low,32.7909887359199,Very Low,43.06615776081425,Relatively Low,,Not Applicable,61.04688503532434,Relatively Low,65.71246819338423,Relatively Low,81.55216284987277,Relatively Low,64.98091603053436,Relatively Low
05091,Arkansas,AR,Miller,70.83333333333334,Relatively Low,51.35586149353358,Very Low,57.283715012722645,Relatively Low,,Not Applicable,87.1868978805395,Relatively Moderate,68.60687022900763,Relatively Low,37.27735368956743,Very Low,64.28117048346056,Relatively Low
05093,Arkansas,AR,Mississippi,89.2175572519084,Relatively Moderate,52.98289528577388,Very Low,63.040712468193384,Relatively Low,,Not Applicable,93.19203596660243,Relatively Moderate,97.96437659033079,Relatively Moderate,39.12213740458015,Very Low,11.673027989821882,Very Low
05095,Arkansas,AR,Monroe,36.51399491094148,Very Low,49.353358364622444,Very Low,28.403307888040715,Very Low,,Not Applicable,48.84393063583815,Relatively Low,89.02671755725191,Relatively Low,13.104325699745548,Very Low,20.32442748091603,Very Low
05097,Arkansas,AR,Montgomery,30.693384223918574,Very Low,42.219440967876515,Very Low,48.66412213740458,Relatively Low,,Not Applicable,53.43609505459217,Relatively Low,46.21501272264631,Very Low,65.99872773536896,Relatively Low,61.45038167938931,Very Low
05099,Arkansas,AR,Nevada,30.56615776081425,Very Low,56.94618272841051,Very Low,24.013994910941474,Very Low,,Not Applicable,55.362877328195246,Relatively Low,57.12468193384224,Very Low,21.278625954198475,Very Low,29.48473282442748,Very Low
05101,Arkansas,AR,Newton,18.447837150127228,Very Low,17.688777638715063,Very Low,21.310432569974555,Very Low,,Not Applicable,37.12267180475273,Very Low,38.23155216284987,Very Low,81.8384223918575,Relatively Low,50.98600508905853,Very Low
05103,Arkansas,AR,Ouachita,51.20865139949109,Relatively Low,56.15352523988319,Very Low,53.05343511450382,Relatively Low,,Not Applicable,76.6538214515093,Relatively Low,79.86641221374046,Relatively Low,57.3791348600509,Very Low,28.498727735368956,Very Low
05105,Arkansas,AR,Perry,28.053435114503817,Very Low,34.96036712557363,Very Low,38.54961832061068,Relatively Low,,Not Applicable,55.61978163134233,Relatively Low,56.52035623409669,Very Low,53.88040712468194,Very Low,55.05725190839694,Very Low
05107,Arkansas,AR,Phillips,61.67302798982188,Relatively Low,58.11430955360868,Very Low,46.151399491094146,Relatively Low,,Not Applicable,75.24084778420038,Relatively Low,92.6526717557252,Relatively Moderate,53.18066157760815,Very Low,18.28880407124682,Very Low
05109,Arkansas,AR,Pike,26.55852417302799,Very Low,49.645390070921984,Very Low,39.94910941475827,Relatively Low,,Not Applicable,51.05973025048169,Relatively Low,52.51272264631043,Very Low,53.975826972010175,Very Low,49.904580152671755,Very Low
05111,Arkansas,AR,Poinsett,72.51908396946564,Relatively Low,44.2636629119733,Very Low,37.27735368956743,Relatively Low,,Not Applicable,76.01156069364163,Relatively Low,95.16539440203562,Relatively Moderate,46.78753180661578,Very Low,7.442748091603053,Very Low
05113,Arkansas,AR,Polk,46.11959287531807,Relatively Low,45.8072590738423,Very Low,53.37150127226463,Relatively Low,,Not Applicable,68.43288375080283,Relatively Low,55.470737913486005,Very Low,75.31806615776081,Relatively Low,82.44274809160305,Relatively Low
05115,Arkansas,AR,Pope,77.83078880407125,Relatively Low,42.97037964121819,Very Low,75.28625954198473,Relatively Moderate,,Not Applicable,86.1271676300578,Relatively Moderate,84.12849872773536,Relatively Low,67.55725190839695,Relatively Low,72.32824427480917,Relatively Low
05117,Arkansas,AR,Prairie,41.38040712468193,Very Low,49.60367125573634,Very Low,43.225190839694655,Relatively Low,,Not Applicable,51.38086062941555,Relatively Low,87.02290076335878,Relatively Low,22.932569974554706,Very Low,20.419847328244277,Very Low
05119,Arkansas,AR,Pulaski,96.78753180661577,Relatively High,71.75636211931581,Relatively Low,96.7557251908397,Relatively High,,Not Applicable,95.85741811175336,Relatively Moderate,98.15521628498728,Relatively High,88.19974554707379,Relatively Moderate,71.81933842239185,Relatively Low
05121,Arkansas,AR,Randolph,66.98473282442748,Relatively Low,49.26992073425115,Very Low,45.51526717557252,Relatively Low,,Not Applicable,82.85163776493256,Relatively Moderate,92.39821882951654,Relatively Moderate,59.732824427480914,Very Low,40.04452926208651,Very Low
05123,Arkansas,AR,St. Francis,74.74554707379136,Relatively Low,51.230705047976635,Very Low,41.18956743002545,Relatively Low,,Not Applicable,85.35645472061657,Relatively Moderate,90.61704834605598,Relatively Moderate,56.01145038167938,Very Low,27.067430025445294,Very Low
05125,Arkansas,AR,Saline,77.63994910941476,Relatively Low,56.07008760951189,Very Low,74.90458015267176,Relatively Moderate,,Not Applicable,92.35709698137444,Relatively Moderate,89.24936386768448,Relatively Low,77.3854961832061,Relatively Low,61.51399491094147,Very Low
05127,Arkansas,AR,Scott,26.84478371501272,Very Low,34.376303712974554,Very Low,45.038167938931295,Relatively Low,,Not Applicable,49.32562620423892,Relatively Low,40.29898218829516,Very Low,54.32569974554708,Very Low,67.08015267175573,Relatively Low
05129,Arkansas,AR,Searcy,27.735368956743002,Very Low,17.229870671672927,Very Low,20.99236641221374,Very Low,,Not Applicable,36.86576750160565,Very Low,56.64758269720102,Very Low,76.8765903307888,Relatively Low,67.970737913486,Relatively Low
05131,Arkansas,AR,Sebastian,86.80025445292621,Relatively Moderate,49.436795994993744,Very Low,86.06870229007633,Relatively Moderate,,Not Applicable,96.4354527938343,Relatively Moderate,85.1145038167939,Relatively Low,58.17430025445292,Very Low,90.36259541984732,Relatively Moderate
05133,Arkansas,AR,Sevier,64.94910941475827,Relatively Low,54.06758448060075,Very Low,48.155216284987276,Relatively Low,,Not Applicable,66.40976236351959,Relatively Low,61.704834605597966,Relatively Low,61.38676844783715,Very Low,58.0470737913486,Very Low
05135,Arkansas,AR,Sharp,68.06615776081425,Relatively Low,51.06382978723404,Very Low,66.34860050890585,Relatively Low,,Not Applicable,71.67630057803468,Relatively Low,86.64122137404581,Relatively Low,75.38167938931298,Relatively Low,54.51653944020356,Very Low
05137,Arkansas,AR,Stone,49.87277353689568,Relatively Low,38.71506049228202,Very Low,47.391857506361326,Relatively Low,,Not Applicable,53.66088631984586,Relatively Low,73.21882951653944,Relatively Low,77.51272264631042,Relatively Low,68.09796437659033,Relatively Low
05139,Arkansas,AR,Union,53.88040712468194,Relatively Low,59.44931163954944,Relatively Low,51.20865139949109,Relatively Low,,Not Applicable,84.39306358381504,Relatively Moderate,77.13104325699746,Relatively Low,48.72773536895674,Very Low,27.92620865139949,Very Low
05141,Arkansas,AR,Van Buren,50.57251908396947,Relatively Low,36.337088026700044,Very Low,47.900763358778626,Relatively Low,,Not Applicable,61.5606936416185,Relatively Low,76.8765903307888,Relatively Low,77.16284987277355,Relatively Low,75.19083969465649,Relatively Low
05143,Arkansas,AR,Washington,92.27099236641222,Relatively Moderate,54.401335002085936,Very Low,90.13994910941476,Relatively Moderate,,Not Applicable,99.3577392421323,Relatively High,84.06488549618321,Relatively Low,83.65139949109415,Relatively Low,94.05216284987277,Relatively Moderate
05145,Arkansas,AR,White,85.71882951653944,Relatively Moderate,54.60992907801418,Very Low,80.69338422391857,Relatively Moderate,,Not Applicable,88.37508028259474,Relatively Moderate,95.96055979643766,Relatively Moderate,50.25445292620865,Very Low,79.38931297709924,Relatively Low
05147,Arkansas,AR,Woodruff,42.270992366412216,Very Low,49.77054651647893,Very Low,34.478371501272264,Very Low,,Not Applicable,46.885035324341686,Relatively Low,87.94529262086515,Relatively Low,15.044529262086515,Very Low,11.60941475826972,Very Low
05149,Arkansas,AR,Yell,58.93765903307888,Relatively Low,48.226950354609926,Very Low,64.85368956743002,Relatively Low,,Not Applicable,72.35067437379577,Relatively Low,66.63486005089058,Relatively Low,54.19847328244275,Very Low,68.19338422391857,Relatively Low
06001,California,CA,Alameda,99.77735368956743,Very High,,Not Applicable,99.68193384223919,Very High,86.0,Relatively High,97.55940912010276,Relatively High,99.96819338422391,Very High,99.84096692111959,Relatively High,97.70992366412213,Relatively High
06003,California,CA,Alpine,10.559796437659033,Very Low,,Not Applicable,11.195928753180661,Very Low,,Not Applicable,4.592164418754014,Very Low,53.021628498727736,Very Low,66.47582697201018,Relatively Low,89.12213740458014,Relatively Moderate
06005,California,CA,Amador,79.19847328244275,Relatively Low,,Not Applicable,70.00636132315522,Relatively Low,,Not Applicable,77.32819524727039,Relatively Low,64.50381679389314,Relatively Low,94.3384223918575,Relatively Moderate,98.1234096692112,Relatively High
06007,California,CA,Butte,93.92493638676844,Relatively Moderate,,Not Applicable,93.22519083969466,Relatively Moderate,,Not Applicable,81.98458574181117,Relatively Moderate,97.48727735368958,Relatively Moderate,97.64631043256998,Relatively Moderate,98.53689567430025,Relatively High
06009,California,CA,Calaveras,86.60941475826972,Relatively Moderate,,Not Applicable,77.57633587786259,Relatively Moderate,,Not Applicable,84.10404624277457,Relatively Moderate,76.74936386768448,Relatively Low,96.56488549618321,Relatively Moderate,99.45928753180662,Relatively High
06011,California,CA,Colusa,81.13867684478372,Relatively Moderate,,Not Applicable,37.913486005089055,Relatively Low,,Not Applicable,65.38214515093128,Relatively Low,90.77608142493638,Relatively Moderate,70.64249363867684,Relatively Low,89.09033078880407,Relatively Moderate
06013,California,CA,Contra Costa,99.49109414758269,Very High,,Not Applicable,99.49109414758269,Very High,66.0,Relatively Moderate,98.26589595375722,Relatively High,99.74554707379136,Relatively High,99.33206106870229,Relatively High,97.58269720101781,Relatively Moderate
06015,California,CA,Del Norte,94.43384223918575,Relatively High,,Not Applicable,77.79898218829516,Relatively Moderate,42.4,Very Low,14.932562620423893,Very Low,94.24300254452926,Relatively Moderate,98.56870229007633,Relatively High,85.65521628498728,Relatively Low
06017,California,CA,El Dorado,91.41221374045801,Relatively Moderate,,Not Applicable,91.69847328244275,Relatively Moderate,,Not Applicable,67.98330122029544,Relatively Low,91.57124681933843,Relatively Moderate,96.97837150127226,Relatively Moderate,99.71374045801527,Relatively High
06019,California,CA,Fresno,99.30025445292621,Relatively High,,Not Applicable,98.69592875318067,Relatively High,,Not Applicable,97.94476557482338,Relatively High,99.23664122137404,Relatively High,98.05979643765903,Relatively High,98.44147582697201,Relatively High
06021,California,CA,Glenn,74.42748091603053,Relatively Low,,Not Applicable,42.30279898218829,Relatively Low,,Not Applicable,74.75915221579962,Relatively Low,92.52544529262087,Relatively Moderate,86.70483460559797,Relatively Low,91.76208651399492,Relatively Moderate
06023,California,CA,Humboldt,96.7557251908397,Relatively High,,Not Applicable,94.17938931297711,Relatively High,87.8,Relatively High,47.2703917790623,Relatively Low,98.9821882951654,Relatively High,99.58651399491094,Relatively High,95.51526717557252,Relatively Moderate
06025,California,CA,Imperial,96.46946564885496,Relatively High,22.31956612432207,Very Low,94.11577608142494,Relatively High,,Not Applicable,93.96274887604368,Relatively Moderate,99.20483460559797,Relatively High,41.221374045801525,Very Low,76.04961832061069,Relatively Low
06027,California,CA,Inyo,79.32569974554707,Relatively Low,,Not Applicable,61.60941475826972,Relatively Low,,Not Applicable,97.81631342324984,Relatively High,94.30661577608143,Relatively Moderate,82.72900763358778,Relatively Low,83.68320610687023,Relatively Low
06029,California,CA,Kern,98.88676844783714,Relatively High,,Not Applicable,98.47328244274809,Relatively High,,Not Applicable,99.48619139370585,Relatively High,99.42748091603053,Relatively High,98.53689567430025,Relatively High,99.74554707379136,Relatively High
06031,California,CA,Kings,92.43002544529261,Relatively Moderate,,Not Applicable,87.69083969465649,Relatively Moderate,,Not Applicable,97.91265253692998,Relatively High,97.04198473282443,Relatively Moderate,57.665394402035616,Very Low,77.09923664122137,Relatively Low
06033,California,CA,Lake,93.00254452926208,Relatively Moderate,,Not Applicable,94.14758269720102,Relatively High,,Not Applicable,52.633269107257554,Relatively Low,97.01017811704835,Relatively Moderate,98.79134860050891,Relatively High,99.10941475826972,Relatively High
06035,California,CA,Lassen,73.09160305343512,Relatively Low,,Not Applicable,74.36386768447836,Relatively Moderate,,Not Applicable,24.213230571612073,Very Low,89.7264631043257,Relatively Low,51.01781170483461,Very Low,97.48727735368958,Relatively Moderate
06037,California,CA,Los Angeles,100.0,Very High,0.0,No Rating,100.0,Very High,90.0,Relatively High,99.32562620423893,Relatively High,100.0,Very High,99.26844783715013,Relatively High,99.93638676844783,Very High
06039,California,CA,Madera,96.43765903307889,Relatively High,,Not Applicable,93.98854961832062,Relatively High,,Not Applicable,97.75208734746307,Relatively High,96.85114503816794,Relatively Moderate,97.83715012722645,Relatively Moderate,99.36386768447836,Relatively High
06041,California,CA,Marin,96.37404580152672,Relatively High,,Not Applicable,96.53307888040712,Relatively High,97.2,Very High,74.63070006422608,Relatively Low,98.72773536895674,Relatively High,99.20483460559797,Relatively High,94.56106870229007,Relatively Moderate
06043,California,CA,Mariposa,86.41857506361323,Relatively Moderate,,Not Applicable,70.83333333333334,Relatively Low,,Not Applicable,98.42646114322416,Relatively High,67.4618320610687,Relatively Low,99.45928753180662,Relatively High,99.01399491094148,Relatively High
06045,California,CA,Mendocino,94.3384223918575,Relatively High,,Not Applicable,95.10178117048346,Relatively High,54.400000000000006,Relatively Low,52.376364804110466,Relatively Low,98.31424936386769,Relatively High,99.55470737913485,Relatively High,97.80534351145039,Relatively High
06047,California,CA,Merced,96.85114503816794,Relatively High,,Not Applicable,94.6882951653944,Relatively High,,Not Applicable,97.65574823378292,Relatively High,98.50508905852418,Relatively High,54.73918575063613,Very Low,92.17557251908397,Relatively Moderate
06049,California,CA,Modoc,39.69465648854962,Very Low,,Not Applicable,44.81552162849873,Relatively Low,,Not Applicable,29.76878612716763,Very Low,68.76590330788804,Relatively Low,33.30152671755725,Very Low,92.93893129770993,Relatively Moderate
06051,California,CA,Mono,46.50127226463104,Relatively Low,,Not Applicable,46.88295165394402,Relatively Low,,Not Applicable,23.410404624277454,Very Low,88.99491094147582,Relatively Low,74.90458015267176,Relatively Low,91.15776081424937,Relatively Moderate
06053,California,CA,Monterey,98.72773536895674,Relatively High,,Not Applicable,97.29643765903307,Relatively High,59.8,Relatively Low,95.82530507386,Relatively Moderate,99.39567430025446,Relatively High,99.87277353689568,Relatively High,98.66412213740458,Relatively High
06055,California,CA,Napa,95.26081424936386,Relatively High,,Not Applicable,95.83333333333334,Relatively High,68.2,Relatively Moderate,66.8272318561336,Relatively Low,98.37786259541986,Relatively High,98.72773536895674,Relatively High,95.96055979643766,Relatively Moderate
06057,California,CA,Nevada,89.8854961832061,Relatively Moderate,,Not Applicable,89.94910941475827,Relatively Moderate,,Not Applicable,57.80346820809249,Relatively Low,92.1119592875318,Relatively Moderate,95.54707379134861,Relatively Moderate,99.42748091603053,Relatively High
06059,California,CA,Orange,99.80916030534351,Very High,0.0,No Rating,99.80916030534351,Very High,92.0,Relatively High,97.20616570327553,Relatively High,99.87277353689568,Very High,99.71374045801527,Relatively High,99.80916030534351,Relatively High
06061,California,CA,Placer,93.06615776081425,Relatively Moderate,,Not Applicable,95.76972010178118,Relatively High,,Not Applicable,68.75401412973667,Relatively Low,95.22900763358778,Relatively Moderate,85.52798982188295,Relatively Low,98.69592875318067,Relatively High
06063,California,CA,Plumas,86.38676844783714,Relatively Moderate,,Not Applicable,87.94529262086515,Relatively Moderate,,Not Applicable,27.071290944123316,Very Low,92.20737913486005,Relatively Moderate,88.89949109414759,Relatively Moderate,98.6323155216285,Relatively High
06065,California,CA,Riverside,99.90458015267176,Very High,11.973299958281185,Very Low,99.90458015267176,Very High,,Not Applicable,98.45857418111753,Relatively High,99.80916030534351,Very High,98.69592875318067,Relatively High,99.96819338422391,Very High
06067,California,CA,Sacramento,98.1234096692112,Relatively High,,Not Applicable,98.9821882951654,Relatively High,0.0,No Rating,96.11432241490046,Relatively Moderate,98.85496183206108,Relatively High,79.35750636132316,Relatively Low,95.92875318066157,Relatively Moderate
06069,California,CA,San Benito,85.24173027989822,Relatively Moderate,,Not Applicable,69.43384223918575,Relatively Low,,Not Applicable,59.85870263326911,Relatively Low,97.264631043257,Relatively Moderate,97.74173027989822,Relatively Moderate,95.41984732824427,Relatively Moderate
06071,California,CA,San Bernardino,99.84096692111959,Very High,0.0,No Rating,99.84096692111959,Very High,,Not Applicable,98.36223506743738,Relatively High,99.84096692111959,Very High,99.93638676844783,Very High,99.90458015267176,Very High
06073,California,CA,San Diego,99.71374045801527,Very High,8.302044221944097,Very Low,99.74554707379136,Very High,72.8,Relatively Moderate,98.74759152215799,Relatively High,99.68193384223919,Relatively High,99.49109414758269,Relatively High,100.0,Very High
06075,California,CA,San Francisco,99.52290076335878,Very High,,Not Applicable,98.60050890585241,Relatively High,62.0,Relatively Moderate,93.8985228002569,Relatively Moderate,99.77735368956743,Very High,98.44147582697201,Relatively High,28.65776081424936,Very Low
06077,California,CA,San Joaquin,98.60050890585241,Relatively High,,Not Applicable,97.74173027989822,Relatively High,,Not Applicable,97.39884393063583,Relatively High,99.30025445292621,Relatively High,61.959287531806616,Very Low,91.98473282442748,Relatively Moderate
06079,California,CA,San Luis Obispo,95.8969465648855,Relatively High,,Not Applicable,96.66030534351145,Relatively High,50.0,Relatively Low,78.74116891457932,Relatively Low,97.90076335877863,Relatively Moderate,99.42748091603053,Relatively High,98.31424936386769,Relatively High
06081,California,CA,San Mateo,99.23664122137404,Relatively High,,Not Applicable,98.44147582697201,Relatively High,91.8,Relatively High,91.5863840719332,Relatively Moderate,99.71374045801527,Relatively High,99.68193384223919,Relatively High,92.01653944020356,Relatively Moderate
06083,California,CA,Santa Barbara,98.9821882951654,Relatively High,0.0,No Rating,98.6323155216285,Relatively High,51.4,Relatively Low,75.36929993577392,Relatively Low,99.36386768447836,Relatively High,100.0,Very High,99.20483460559797,Relatively High
06085,California,CA,Santa Clara,99.74554707379136,Very High,,Not Applicable,99.77735368956743,Very High,88.8,Relatively High,98.58702633269107,Relatively High,99.93638676844783,Very High,99.74554707379136,Relatively High,97.39185750636132,Relatively Moderate
06087,California,CA,Santa Cruz,97.80534351145039,Relatively High,,Not Applicable,96.18320610687023,Relatively High,49.2,Relatively Low,86.60886319845858,Relatively Moderate,99.26844783715013,Relatively High,99.30025445292621,Relatively High,97.32824427480917,Relatively Moderate
06089,California,CA,Shasta,93.38422391857506,Relatively Moderate,,Not Applicable,94.8473282442748,Relatively High,,Not Applicable,85.74181117533719,Relatively Moderate,96.53307888040712,Relatively Moderate,92.43002544529261,Relatively Moderate,99.49109414758269,Relatively High
06091,California,CA,Sierra,31.520356234096692,Very Low,,Not Applicable,37.69083969465649,Relatively Low,,Not Applicable,7.514450867052023,Very Low,66.82569974554707,Relatively Low,94.59287531806616,Relatively Moderate,95.57888040712467,Relatively Moderate
06093,California,CA,Siskiyou,89.02671755725191,Relatively Moderate,,Not Applicable,90.93511450381679,Relatively Moderate,,Not Applicable,77.84200385356455,Relatively Low,88.19974554707379,Relatively Low,91.06234096692111,Relatively Moderate,98.60050890585241,Relatively High
06095,California,CA,Solano,97.01017811704835,Relatively High,,Not Applicable,97.36005089058524,Relatively High,82.8,Relatively High,76.97495183044316,Relatively Low,98.95038167938931,Relatively High,98.37786259541986,Relatively High,94.49745547073792,Relatively Moderate
06097,California,CA,Sonoma,99.07760814249363,Relatively High,,Not Applicable,99.17302798982189,Relatively High,68.60000000000001,Relatively Moderate,88.82466281310212,Relatively Moderate,99.45928753180662,Relatively High,99.80916030534351,Relatively High,98.21882951653944,Relatively High
06099,California,CA,Stanislaus,96.88295165394402,Relatively High,,Not Applicable,95.96055979643766,Relatively High,,Not Applicable,96.30700064226076,Relatively Moderate,98.53689567430025,Relatively High,86.73664122137404,Relatively Low,95.0381679389313,Relatively Moderate
06101,California,CA,Sutter,83.7150127226463,Relatively Moderate,,Not Applicable,71.4058524173028,Relatively Low,,Not Applicable,80.12202954399487,Relatively Moderate,94.08396946564885,Relatively Moderate,47.20101781170484,Very Low,77.13104325699746,Relatively Low
06103,California,CA,Tehama,88.89949109414759,Relatively Moderate,,Not Applicable,90.04452926208651,Relatively Moderate,,Not Applicable,57.19332048811817,Relatively Low,94.27480916030534,Relatively Moderate,98.25063613231552,Relatively High,98.47328244274809,Relatively High
06105,California,CA,Trinity,79.45292620865139,Relatively Low,,Not Applicable,79.03944020356234,Relatively Moderate,,Not Applicable,39.755940912010274,Relatively Low,84.95547073791349,Relatively Low,98.66412213740458,Relatively High,98.50508905852418,Relatively High
06107,California,CA,Tulare,97.04198473282443,Relatively High,,Not Applicable,98.1234096692112,Relatively High,,Not Applicable,99.165061014772,Relatively High,97.86895674300254,Relatively Moderate,97.86895674300254,Relatively High,97.96437659033079,Relatively High
06109,California,CA,Tuolumne,85.20992366412213,Relatively Moderate,,Not Applicable,81.04325699745547,Relatively Moderate,,Not Applicable,89.04945407835582,Relatively Moderate,71.02417302798982,Relatively Low,91.18956743002545,Relatively Moderate,99.33206106870229,Relatively High
06111,California,CA,Ventura,99.39567430025446,Relatively High,0.0,No Rating,99.26844783715013,Very High,60.8,Relatively Moderate,85.80603725112395,Relatively Moderate,99.6501272264631,Relatively High,97.99618320610686,Relatively High,99.77735368956743,Relatively High
06113,California,CA,Yolo,91.38040712468194,Relatively Moderate,,Not Applicable,89.56743002544529,Relatively Moderate,,Not Applicable,78.61271676300578,Relatively Low,97.42366412213741,Relatively Moderate,86.19592875318067,Relatively Low,86.95928753180662,Relatively Low
06115,California,CA,Yuba,80.88422391857506,Relatively Low,,Not Applicable,83.77862595419847,Relatively Moderate,,Not Applicable,54.078355812459854,Relatively Low,90.07633587786259,Relatively Low,89.12213740458014,Relatively Moderate,96.81933842239185,Relatively Moderate
08001,Colorado,CO,Adams,91.18956743002545,Relatively Moderate,,Not Applicable,87.21374045801527,Relatively Moderate,,Not Applicable,76.9107257546564,Relatively Low,84.38295165394402,Relatively Low,38.39058524173028,Very Low,80.94783715012723,Relatively Low
08003,Colorado,CO,Alamosa,40.36259541984733,Very Low,,Not Applicable,43.734096692111954,Relatively Low,,Not Applicable,15.157353885677585,Very Low,82.5381679389313,Relatively Low,38.07251908396946,Very Low,62.27735368956743,Very Low
08005,Colorado,CO,Arapahoe,93.79770992366412,Relatively Moderate,,Not Applicable,92.52544529262087,Relatively Moderate,,Not Applicable,68.56133590237636,Relatively Low,85.49618320610686,Relatively Low,50.50890585241731,Very Low,84.70101781170484,Relatively Low
08007,Colorado,CO,Archuleta,34.478371501272264,Very Low,,Not Applicable,51.653944020356235,Relatively Low,,Not Applicable,3.307642903018625,Very Low,46.31043256997455,Very Low,90.9033078880407,Relatively Moderate,94.46564885496184,Relatively Moderate
08009,Colorado,CO,Baca,23.155216284987276,Very Low,,Not Applicable,6.393129770992366,Very Low,,Not Applicable,3.917790622992935,Very Low,19.338422391857506,Very Low,5.629770992366412,Very Low,80.75699745547074,Relatively Low
08011,Colorado,CO,Bent,5.629770992366412,Very Low,,Not Applicable,7.569974554707379,Very Low,,Not Applicable,7.89980732177264,Very Low,16.539440203562343,Very Low,3.276081424936387,Very Low,64.69465648854961,Relatively Low
08013,Colorado,CO,Boulder,90.71246819338423,Relatively Moderate,,Not Applicable,92.23918575063614,Relatively Moderate,,Not Applicable,60.40462427745664,Relatively Low,80.50254452926208,Relatively Low,89.8854961832061,Relatively Moderate,97.86895674300254,Relatively High
08014,Colorado,CO,Broomfield,34.70101781170484,Very Low,,Not Applicable,33.078880407124686,Very Low,,Not Applicable,30.50738599871548,Very Low,47.99618320610687,Very Low,6.23409669211196,Very Low,72.36005089058524,Relatively Low
08015,Colorado,CO,Chaffee,51.11323155216285,Relatively Low,,Not Applicable,64.69465648854961,Relatively Low,,Not Applicable,7.771355170199101,Very Low,39.82188295165394,Very Low,97.45547073791349,Relatively Moderate,71.69211195928753,Relatively Low
08017,Colorado,CO,Cheyenne,3.021628498727735,Very Low,,Not Applicable,3.975826972010178,Very Low,,Not Applicable,2.986512524084779,Very Low,8.110687022900763,Very Low,2.035623409669211,Very Low,30.375318066157757,Very Low
08019,Colorado,CO,Clear Creek,46.723918575063614,Relatively Low,,Not Applicable,40.04452926208651,Relatively Low,,Not Applicable,0.0,No Rating,25.667938931297712,Very Low,88.13613231552164,Relatively Moderate,93.98854961832062,Relatively Moderate
08021,Colorado,CO,Conejos,22.932569974554706,Very Low,,Not Applicable,33.71501272264631,Very Low,,Not Applicable,9.087989723827874,Very Low,46.533078880407125,Very Low,67.970737913486,Relatively Low,58.333333333333336,Very Low
08023,Colorado,CO,Costilla,6.552162849872774,Very Low,,Not Applicable,17.20737913486005,Very Low,,Not Applicable,5.812459858702633,Very Low,36.51399491094148,Very Low,78.49872773536896,Relatively Low,73.1234096692112,Relatively Low
08025,Colorado,CO,Crowley,3.880407124681934,Very Low,,Not Applicable,6.424936386768448,Very Low,,Not Applicable,10.982658959537572,Very Low,21.787531806615775,Very Low,0.413486005089058,Very Low,62.65903307888041,Very Low
08027,Colorado,CO,Custer,3.912213740458016,Very Low,,Not Applicable,9.510178117048346,Very Low,,Not Applicable,3.211303789338472,Very Low,14.058524173027989,Very Low,81.67938931297711,Relatively Low,81.61577608142494,Relatively Low
08029,Colorado,CO,Delta,51.27226463104325,Relatively Low,,Not Applicable,69.59287531806616,Relatively Low,,Not Applicable,18.914579319203597,Very Low,68.28880407124683,Relatively Low,94.46564885496184,Relatively Moderate,86.73664122137404,Relatively Low
08031,Colorado,CO,Denver,95.22900763358778,Relatively High,,Not Applicable,95.26081424936386,Relatively High,,Not Applicable,71.48362235067437,Relatively Low,91.03053435114504,Relatively Moderate,87.27735368956743,Relatively Moderate,60.62340966921119,Very Low
08033,Colorado,CO,Dolores,11.323155216284988,Very Low,,Not Applicable,8.810432569974555,Very Low,,Not Applicable,5.973025048169557,Very Low,32.91984732824427,Very Low,97.93256997455471,Relatively High,79.77099236641222,Relatively Low
08035,Colorado,CO,Douglas,88.70865139949109,Relatively Moderate,,Not Applicable,86.92748091603053,Relatively Moderate,,Not Applicable,54.8490687219011,Relatively Low,62.37277353689568,Relatively Low,78.18066157760815,Relatively Low,98.37786259541986,Relatively High
08037,Colorado,CO,Eagle,76.24045801526718,Relatively Low,,Not Applicable,86.51399491094148,Relatively Moderate,,Not Applicable,0.0,No Rating,53.21246819338422,Very Low,95.61068702290076,Relatively Moderate,75.50890585241731,Relatively Low
08039,Colorado,CO,Elbert,36.57760814249364,Very Low,,Not Applicable,29.930025445292618,Very Low,,Not Applicable,9.473346178548491,Very Low,32.06106870229007,Very Low,32.12468193384224,Very Low,95.06997455470739,Relatively Moderate
08041,Colorado,CO,El Paso,94.05216284987277,Relatively Moderate,,Not Applicable,94.97455470737913,Relatively High,,Not Applicable,77.74566473988439,Relatively Low,75.09541984732824,Relatively Low,42.8117048346056,Very Low,99.26844783715013,Relatively High
08043,Colorado,CO,Fremont,68.57506361323156,Relatively Low,,Not Applicable,80.21628498727735,Relatively Moderate,,Not Applicable,39.17790622992935,Relatively Low,41.221374045801525,Very Low,93.60687022900763,Relatively Moderate,94.17938931297711,Relatively Moderate
08045,Colorado,CO,Garfield,64.53562340966921,Relatively Low,,Not Applicable,77.51272264631042,Relatively Moderate,,Not Applicable,36.41618497109826,Very Low,62.02290076335878,Relatively Low,99.10941475826972,Relatively High,90.96692111959288,Relatively Moderate
08047,Colorado,CO,Gilpin,6.361323155216285,Very Low,,Not Applicable,11.577608142493638,Very Low,,Not Applicable,0.0,No Rating,23.66412213740458,Very Low,85.24173027989822,Relatively Low,87.5,Relatively Low
08049,Colorado,CO,Grand,50.19083969465649,Relatively Low,,Not Applicable,62.37277353689568,Relatively Low,,Not Applicable,0.0,No Rating,46.62849872773537,Very Low,93.54325699745547,Relatively Moderate,78.53053435114504,Relatively Low
08051,Colorado,CO,Gunnison,44.974554707379134,Relatively Low,,Not Applicable,57.029262086513995,Relatively Low,,Not Applicable,2.344251766217084,Very Low,41.18956743002545,Very Low,97.39185750636132,Relatively Moderate,70.19720101781171,Relatively Low
08053,Colorado,CO,Hinsdale,1.017811704834606,Very Low,,Not Applicable,7.347328244274809,Very Low,,Not Applicable,0.0,No Rating,8.969465648854962,Very Low,81.87022900763358,Relatively Low,50.19083969465649,Very Low
08055,Colorado,CO,Huerfano,24.236641221374043,Very Low,,Not Applicable,47.86895674300254,Relatively Low,,Not Applicable,18.24020552344252,Very Low,26.08142493638677,Very Low,41.38040712468193,Very Low,87.56361323155217,Relatively Low
08057,Colorado,CO,Jackson,11.768447837150127,Very Low,,Not Applicable,5.820610687022901,Very Low,,Not Applicable,0.0,No Rating,18.06615776081425,Very Low,67.52544529262087,Relatively Low,23.982188295165393,Very Low
08059,Colorado,CO,Jefferson,94.94274809160305,Relatively High,,Not Applicable,93.44783715012723,Relatively High,,Not Applicable,71.03403982016698,Relatively Low,84.03307888040712,Relatively Low,97.58269720101781,Relatively Moderate,99.52290076335878,Relatively High
08061,Colorado,CO,Kiowa,3.784987277353689,Very Low,,Not Applicable,4.802798982188295,Very Low,,Not Applicable,2.890173410404624,Very Low,13.676844783715012,Very Low,1.176844783715013,Very Low,51.24045801526718,Very Low
08063,Colorado,CO,Kit Carson,32.474554707379134,Very Low,,Not Applicable,20.29262086513995,Very Low,,Not Applicable,5.394990366088632,Very Low,29.64376590330789,Very Low,4.675572519083969,Very Low,42.43002544529262,Very Low
08065,Colorado,CO,Lake,5.661577608142494,Very Low,,Not Applicable,8.746819338422391,Very Low,,Not Applicable,0.0,No Rating,29.357506361323153,Very Low,94.6882951653944,Relatively Moderate,23.40966921119593,Very Low
08067,Colorado,CO,La Plata,75.15903307888041,Relatively Low,,Not Applicable,81.36132315521628,Relatively Moderate,,Not Applicable,6.422607578676944,Very Low,70.92875318066157,Relatively Low,87.8498727735369,Relatively Moderate,97.55089058524173,Relatively Moderate
08069,Colorado,CO,Larimer,90.13994910941476,Relatively Moderate,,Not Applicable,89.44020356234097,Relatively Moderate,,Not Applicable,58.76685934489403,Relatively Low,80.9796437659033,Relatively Low,97.20101781170484,Relatively Moderate,97.67811704834605,Relatively High
08071,Colorado,CO,Las Animas,23.6323155216285,Very Low,,Not Applicable,36.25954198473282,Relatively Low,,Not Applicable,25.43352601156069,Very Low,26.685750636132315,Very Low,70.29262086513995,Relatively Low,91.82569974554707,Relatively Moderate
08073,Colorado,CO,Lincoln,7.474554707379134,Very Low,,Not Applicable,14.75826972010178,Very Low,,Not Applicable,5.716120745022479,Very Low,18.575063613231553,Very Low,4.262086513994911,Very Low,58.42875318066157,Very Low
08075,Colorado,CO,Logan,58.7468193384224,Relatively Low,,Not Applicable,46.62849872773537,Relatively Low,,Not Applicable,19.781631342324985,Very Low,33.68320610687023,Very Low,13.549618320610687,Very Low,63.58142493638677,Relatively Low
08077,Colorado,CO,Mesa,75.12722646310432,Relatively Low,,Not Applicable,81.90203562340967,Relatively Moderate,,Not Applicable,59.34489402697495,Relatively Low,84.70101781170484,Relatively Low,99.39567430025446,Relatively High,89.94910941475827,Relatively Moderate
08079,Colorado,CO,Mineral,5.438931297709924,Very Low,,Not Applicable,7.474554707379134,Very Low,,Not Applicable,0.0,No Rating,14.376590330788805,Very Low,78.14885496183206,Relatively Low,45.80152671755725,Very Low
08081,Colorado,CO,Moffat,12.054707379134861,Very Low,,Not Applicable,30.693384223918574,Very Low,,Not Applicable,1.894669235709698,Very Low,49.713740458015266,Very Low,92.30279898218829,Relatively Moderate,87.46819338422391,Relatively Low
08083,Colorado,CO,Montezuma,47.61450381679389,Relatively Low,,Not Applicable,56.13867684478372,Relatively Low,,Not Applicable,25.626204238921,Very Low,61.86386768447837,Relatively Low,93.25699745547074,Relatively Moderate,93.60687022900763,Relatively Moderate
08085,Colorado,CO,Montrose,49.01399491094148,Relatively Low,,Not Applicable,67.43002544529261,Relatively Low,,Not Applicable,15.703275529865124,Very Low,77.29007633587787,Relatively Low,82.15648854961832,Relatively Low,78.56234096692111,Relatively Low
08087,Colorado,CO,Morgan,51.94020356234097,Relatively Low,,Not Applicable,55.8206106870229,Relatively Low,,Not Applicable,18.85035324341683,Very Low,39.98091603053435,Very Low,9.541984732824428,Very Low,65.17175572519083,Relatively Low
08089,Colorado,CO,Otero,50.731552162849866,Relatively Low,,Not Applicable,60.14631043256997,Relatively Low,,Not Applicable,27.26396917148362,Very Low,35.36895674300254,Very Low,9.16030534351145,Very Low,75.92239185750637,Relatively Low
08091,Colorado,CO,Ouray,17.716284987277355,Very Low,,Not Applicable,24.681933842239186,Very Low,,Not Applicable,1.734104046242774,Very Low,27.92620865139949,Very Low,98.2824427480916,Relatively High,71.85114503816794,Relatively Low
08093,Colorado,CO,Park,22.201017811704833,Very Low,,Not Applicable,21.81933842239186,Very Low,,Not Applicable,1.70199100834939,Very Low,30.025445292620866,Very Low,94.56106870229007,Relatively Moderate,94.8791348600509,Relatively Moderate
08095,Colorado,CO,Phillips,12.340966921119593,Very Low,,Not Applicable,8.269720101781171,Very Low,,Not Applicable,7.064868336544637,Very Low,20.833333333333336,Very Low,0.66793893129771,Very Low,31.520356234096692,Very Low
08097,Colorado,CO,Pitkin,54.103053435114504,Relatively Low,,Not Applicable,58.17430025445292,Relatively Low,,Not Applicable,0.0,No Rating,38.199745547073796,Very Low,98.34605597964376,Relatively High,76.59033078880407,Relatively Low
08099,Colorado,CO,Prowers,48.60050890585242,Relatively Low,,Not Applicable,49.4910941475827,Relatively Low,,Not Applicable,16.473988439306357,Very Low,29.51653944020356,Very Low,3.848600508905852,Very Low,79.23027989821882,Relatively Low
08101,Colorado,CO,Pueblo,82.50636132315522,Relatively Moderate,,Not Applicable,81.10687022900763,Relatively Moderate,,Not Applicable,55.97302504816955,Relatively Low,66.53944020356234,Relatively Low,48.56870229007634,Very Low,92.74809160305344,Relatively Moderate
08103,Colorado,CO,Rio Blanco,37.595419847328245,Very Low,,Not Applicable,50.98600508905853,Relatively Low,,Not Applicable,2.055234425176621,Very Low,40.64885496183206,Very Low,93.89312977099237,Relatively Moderate,91.63486005089058,Relatively Moderate
08105,Colorado,CO,Rio Grande,45.76972010178117,Relatively Low,,Not Applicable,54.93002544529262,Relatively Low,,Not Applicable,15.189466923570972,Very Low,68.79770992366412,Relatively Low,93.19338422391857,Relatively Moderate,63.61323155216285,Relatively Low
08107,Colorado,CO,Routt,33.36513994910941,Very Low,,Not Applicable,57.50636132315522,Relatively Low,,Not Applicable,0.0,No Rating,47.041984732824424,Very Low,89.94910941475827,Relatively Moderate,80.50254452926208,Relatively Low
08109,Colorado,CO,Saguache,14.249363867684478,Very Low,,Not Applicable,17.4618320610687,Very Low,,Not Applicable,8.44572896596018,Very Low,37.05470737913486,Very Low,96.2468193384224,Relatively Moderate,64.12213740458014,Relatively Low
08111,Colorado,CO,San Juan,10.687022900763358,Very Low,,Not Applicable,4.007633587786259,Very Low,,Not Applicable,0.0,No Rating,10.973282442748092,Very Low,64.28117048346056,Relatively Low,33.61959287531807,Very Low
08113,Colorado,CO,San Miguel,19.115776081424936,Very Low,,Not Applicable,31.552162849872772,Very Low,,Not Applicable,7.161207450224791,Very Low,31.361323155216287,Very Low,86.25954198473282,Relatively Low,80.1208651399491,Relatively Low
08115,Colorado,CO,Sedgwick,6.520356234096693,Very Low,,Not Applicable,3.880407124681934,Very Low,,Not Applicable,5.587668593448941,Very Low,14.31297709923664,Very Low,1.494910941475827,Very Low,34.12849872773537,Very Low
08117,Colorado,CO,Summit,60.20992366412214,Relatively Low,,Not Applicable,65.42620865139949,Relatively Low,,Not Applicable,0.0,No Rating,46.94656488549619,Very Low,93.63867684478372,Relatively Moderate,53.56234096692112,Very Low
08119,Colorado,CO,Teller,38.83587786259542,Very Low,,Not Applicable,15.935114503816795,Very Low,,Not Applicable,2.440590879897238,Very Low,23.346055979643765,Very Low,92.23918575063614,Relatively Moderate,97.04198473282443,Relatively Moderate
08121,Colorado,CO,Washington,11.991094147582697,Very Low,,Not Applicable,15.585241730279897,Very Low,,Not Applicable,9.312780989081567,Very Low,22.868956743002546,Very Low,3.371501272264631,Very Low,60.464376590330794,Very Low
08123,Colorado,CO,Weld,89.15394402035624,Relatively Moderate,,Not Applicable,88.45419847328245,Relatively Moderate,,Not Applicable,60.115606936416185,Relatively Low,77.83078880407125,Relatively Low,41.157760814249365,Very Low,87.69083969465649,Relatively Low
08125,Colorado,CO,Yuma,36.800254452926204,Very Low,,Not Applicable,12.945292620865139,Very Low,,Not Applicable,6.069364161849711,Very Low,16.9529262086514,Very Low,22.7735368956743,Very Low,60.17811704834606,Very Low
09110,Connecticut,CT,Capitol,97.36005089058524,Relatively High,93.15811430955361,Relatively High,99.04580152671755,Relatively High,38.4,Very Low,96.4033397559409,Relatively Moderate,93.4796437659033,Relatively Moderate,87.24554707379136,Relatively Moderate,56.93384223918575,Very Low
09120,Connecticut,CT,Greater Bridgeport,91.76208651399492,Relatively Moderate,95.07717980809345,Relatively High,93.92493638676844,Relatively High,94.8,Very High,77.61721258831086,Relatively Low,86.41857506361323,Relatively Low,46.469465648854964,Very Low,23.918575063613233,Very Low
09130,Connecticut,CT,Lower Connecticut River Valley,83.84223918575063,Relatively Moderate,87.69294952023363,Relatively Moderate,90.33078880407125,Relatively Moderate,79.60000000000001,Relatively Moderate,42.19653179190752,Relatively Low,74.77735368956743,Relatively Low,72.51908396946564,Relatively Low,43.63867684478372,Very Low
09140,Connecticut,CT,Naugatuck Valley,93.19338422391857,Relatively Moderate,95.11889862327911,Relatively High,96.34223918575063,Relatively High,42.199999999999996,Very Low,80.73217726396918,Relatively Moderate,86.1323155216285,Relatively Low,86.80025445292621,Relatively Low,47.70992366412214,Very Low
09150,Connecticut,CT,Northeastern Connecticut,62.75445292620865,Relatively Low,86.14935335836462,Relatively Moderate,75.22264631043257,Relatively Moderate,0.0,No Rating,49.67886962106615,Relatively Low,61.41857506361323,Relatively Low,62.150127226463106,Very Low,22.900763358778626,Very Low
09160,Connecticut,CT,Northwest Hills,79.6119592875318,Relatively Low,86.77513558614936,Relatively Moderate,88.00890585241731,Relatively Moderate,,Not Applicable,30.828516377649322,Very Low,66.31679389312977,Relatively Low,82.79262086513995,Relatively Low,39.94910941475827,Very Low
09170,Connecticut,CT,South Central Connecticut,95.13358778625954,Relatively High,96.99624530663328,Relatively High,96.88295165394402,Relatively High,93.8,Relatively High,85.38856775850996,Relatively Moderate,91.53944020356234,Relatively Moderate,69.17938931297711,Relatively Low,41.221374045801525,Very Low
09180,Connecticut,CT,Southeastern Connecticut,88.64503816793892,Relatively Moderate,94.74342928660826,Relatively High,91.82569974554707,Relatively Moderate,71.2,Relatively Moderate,71.25883108542068,Relatively Low,80.94783715012723,Relatively Low,76.7175572519084,Relatively Low,39.3765903307888,Very Low
09190,Connecticut,CT,Western Connecticut,96.27862595419847,Relatively High,96.95452649144765,Relatively High,98.05979643765903,Relatively High,89.8,Relatively High,84.00770712909441,Relatively Moderate,91.95292620865139,Relatively Moderate,88.96310432569975,Relatively Moderate,46.24681933842239,Very Low
10001,Delaware,DE,Kent,84.51017811704835,Relatively Moderate,91.2807676261994,Relatively Moderate,82.8880407124682,Relatively Moderate,69.6,Relatively Moderate,87.63648041104688,Relatively Moderate,80.6615776081425,Relatively Low,30.216284987277355,Very Low,64.8854961832061,Relatively Low
10003,Delaware,DE,New Castle,95.29262086513995,Relatively High,88.4438881935753,Relatively Moderate,97.58269720101781,Relatively High,83.8,Relatively High,95.31149646756583,Relatively Moderate,92.87531806615776,Relatively Moderate,76.55852417302799,Relatively Low,60.55979643765903,Very Low
10005,Delaware,DE,Sussex,94.14758269720102,Relatively Moderate,97.20483938256153,Relatively High,92.84351145038168,Relatively Moderate,97.6,Very High,89.37058445728965,Relatively Moderate,81.48854961832062,Relatively Low,50.604325699745544,Very Low,84.79643765903307,Relatively Low
11001,District of Columbia,DC,District of Columbia,97.58269720101781,Relatively High,96.03671255736337,Relatively High,97.42366412213741,Relatively High,74.0,Relatively Moderate,99.19717405266539,Relatively High,98.25063613231552,Relatively High,80.85241730279898,Relatively Low,26.208651399491096,Very Low
12001,Florida,FL,Alachua,90.33078880407125,Relatively Moderate,96.70421360033376,Relatively High,88.58142493638677,Relatively Moderate,0.0,No Rating,86.28773281952473,Relatively Moderate,65.64885496183206,Relatively Low,35.05089058524173,Very Low,95.16539440203562,Relatively Moderate
12003,Florida,FL,Baker,13.263358778625955,Very Low,74.46808510638297,Relatively Low,22.74173027989822,Very Low,0.0,No Rating,57.353885677585104,Relatively Low,36.00508905852418,Very Low,3.085241730279898,Very Low,76.20865139949109,Relatively Low
12005,Florida,FL,Bay,94.11577608142494,Relatively Moderate,98.66499791405924,Very High,74.68193384223919,Relatively Moderate,77.2,Relatively Moderate,84.29672447013488,Relatively Moderate,54.898218829516544,Very Low,33.396946564885496,Very Low,75.69974554707379,Relatively Low
12007,Florida,FL,Bradford,36.86386768447837,Very Low,87.56779307467669,Relatively Moderate,30.56615776081425,Very Low,0.0,No Rating,47.88053949903661,Relatively Low,36.6412213740458,Very Low,5.820610687022901,Very Low,80.78880407124683,Relatively Low
12009,Florida,FL,Brevard,98.40966921119593,Relatively High,99.70796829370046,Very High,95.00636132315522,Relatively High,82.0,Relatively Moderate,85.51701991008349,Relatively Moderate,46.37404580152672,Very Low,49.55470737913486,Very Low,97.16921119592875,Relatively Moderate
12011,Florida,FL,Broward,99.45928753180662,Relatively High,99.8331247392574,Very High,99.42748091603053,Very High,97.0,Very High,98.77970456005139,Relatively High,40.93511450381679,Very Low,66.98473282442748,Relatively Low,97.01017811704835,Relatively Moderate
12013,Florida,FL,Calhoun,44.94274809160305,Relatively Low,89.11138923654568,Relatively Moderate,32.156488549618324,Very Low,21.2,Very Low,42.32498394348105,Relatively Low,28.75318066157761,Very Low,12.181933842239186,Very Low,59.637404580152676,Very Low
12015,Florida,FL,Charlotte,95.19720101781171,Relatively High,98.99874843554443,Very High,85.33715012722645,Relatively Moderate,90.4,Relatively High,75.08028259473346,Relatively Low,30.343511450381676,Very Low,29.198473282442748,Very Low,92.52544529262087,Relatively Moderate
12017,Florida,FL,Citrus,94.6882951653944,Relatively High,98.7901543596162,Very High,83.17430025445293,Relatively Moderate,92.60000000000001,Relatively High,75.94733461785485,Relatively Low,38.645038167938935,Very Low,33.0470737913486,Very Low,90.45801526717557,Relatively Moderate
12019,Florida,FL,Clay,81.07506361323156,Relatively Moderate,89.77889027951606,Relatively Moderate,85.90966921119593,Relatively Moderate,56.99999999999999,Relatively Low,82.53050738599872,Relatively Moderate,64.63104325699746,Relatively Low,27.449109414758272,Very Low,82.85623409669212,Relatively Low
12021,Florida,FL,Collier,98.91857506361323,Relatively High,99.7496871088861,Very High,98.25063613231552,Relatively High,95.19999999999999,Very High,93.7058445728966,Relatively Moderate,38.61323155216285,Very Low,69.59287531806616,Relatively Low,96.43765903307889,Relatively Moderate
12023,Florida,FL,Columbia,69.72010178117048,Relatively Low,90.44639132248645,Relatively Moderate,68.19338422391857,Relatively Low,0.0,No Rating,76.23635195889531,Relatively Low,58.333333333333336,Very Low,27.385496183206108,Very Low,88.13613231552164,Relatively Low
12027,Florida,FL,DeSoto,81.64758269720102,Relatively Moderate,96.24530663329162,Relatively High,50.540712468193384,Relatively Low,33.4,Very Low,48.33012202954399,Relatively Low,15.712468193384224,Very Low,11.513994910941475,Very Low,84.54198473282443,Relatively Low
12029,Florida,FL,Dixie,35.49618320610687,Very Low,87.10888610763455,Relatively Moderate,28.816793893129773,Very Low,73.6,Relatively Moderate,36.51252408477842,Very Low,23.759541984732824,Very Low,6.043256997455471,Very Low,72.93256997455471,Relatively Low
12031,Florida,FL,Duval,97.20101781170484,Relatively High,97.66374634960367,Relatively High,97.55089058524173,Relatively High,91.0,Relatively High,96.75658317276815,Relatively High,90.20356234096693,Relatively Moderate,41.921119592875314,Very Low,89.91730279898219,Relatively Moderate
12033,Florida,FL,Escambia,95.10178117048346,Relatively High,98.83187317480183,Very High,88.67684478371501,Relatively Moderate,76.8,Relatively Moderate,94.05908798972384,Relatively Moderate,68.63867684478372,Relatively Low,45.896946564885496,Very Low,82.63358778625954,Relatively Low
12035,Florida,FL,Flagler,82.76081424936386,Relatively Moderate,94.95202336253651,Relatively High,79.19847328244275,Relatively Moderate,67.60000000000001,Relatively Moderate,70.93770070648682,Relatively Low,39.18575063613232,Very Low,27.2264631043257,Very Low,88.16793893129771,Relatively Low
12037,Florida,FL,Franklin,46.533078880407125,Relatively Low,90.4881101376721,Relatively Moderate,18.702290076335878,Very Low,77.4,Relatively Moderate,35.87026332691073,Very Low,20.578880407124682,Very Low,11.736641221374047,Very Low,77.63994910941476,Relatively Low
12039,Florida,FL,Gadsden,72.39185750636132,Relatively Low,91.44764288694202,Relatively Moderate,57.665394402035616,Relatively Low,,Not Applicable,67.69428387925498,Relatively Low,44.30661577608143,Very Low,48.854961832061065,Very Low,79.6119592875318,Relatively Low
12041,Florida,FL,Gilchrist,27.958015267175572,Very Low,84.27200667501043,Relatively Moderate,31.393129770992367,Very Low,25.8,Very Low,37.47591522157997,Very Low,27.2264631043257,Very Low,6.456743002544529,Very Low,77.2264631043257,Relatively Low
12043,Florida,FL,Glades,48.02798982188295,Relatively Low,87.60951188986232,Relatively Moderate,44.56106870229007,Relatively Low,0.0,No Rating,30.443159922928707,Very Low,6.806615776081425,Very Low,14.790076335877863,Very Low,87.65903307888041,Relatively Low
12045,Florida,FL,Gulf,59.541984732824424,Relatively Low,93.4084272006675,Relatively High,25.159033078880405,Very Low,61.6,Relatively Moderate,39.017341040462426,Relatively Low,19.43384223918575,Very Low,12.5,Very Low,74.20483460559797,Relatively Low
12047,Florida,FL,Hamilton,43.00254452926209,Relatively Low,90.0709219858156,Relatively Moderate,25.890585241730278,Very Low,,Not Applicable,40.815671162491974,Relatively Low,39.44020356234097,Very Low,16.634860050890584,Very Low,69.27480916030534,Relatively Low
12049,Florida,FL,Hardee,69.17938931297711,Relatively Low,91.36420525657071,Relatively Moderate,26.3676844783715,Very Low,0.0,No Rating,34.296724470134876,Very Low,11.195928753180661,Very Low,6.170483460559796,Very Low,82.8880407124682,Relatively Low
12051,Florida,FL,Hendry,78.65776081424937,Relatively Low,94.24280350438048,Relatively High,64.34478371501272,Relatively Low,25.6,Very Low,54.01412973667309,Relatively Low,18.670483460559797,Very Low,15.839694656488549,Very Low,93.28880407124683,Relatively Moderate
12053,Florida,FL,Hernando,87.97709923664122,Relatively Moderate,96.07843137254902,Relatively High,85.59160305343512,Relatively Moderate,74.2,Relatively Moderate,76.14001284521515,Relatively Low,30.216284987277355,Very Low,35.49618320610687,Very Low,88.00890585241731,Relatively Low
12055,Florida,FL,Highlands,89.44020356234097,Relatively Moderate,95.70296203587819,Relatively High,78.4033078880407,Relatively Moderate,,Not Applicable,72.57546563904945,Relatively Low,28.021628498727736,Very Low,30.820610687022903,Very Low,92.71628498727735,Relatively Moderate
12057,Florida,FL,Hillsborough,98.82315521628499,Relatively High,99.29078014184397,Very High,97.7735368956743,Relatively High,92.4,Relatively High,97.01348747591521,Relatively High,68.54325699745547,Relatively Low,64.3765903307888,Relatively Low,95.67430025445293,Relatively Moderate
12059,Florida,FL,Holmes,49.42748091603054,Relatively Low,91.48936170212765,Relatively Moderate,26.463104325699742,Very Low,0.0,No Rating,41.971740526653825,Relatively Low,31.583969465648853,Very Low,12.372773536895675,Very Low,32.220101781170484,Very Low
12061,Florida,FL,Indian River,95.64249363867684,Relatively High,99.16562369628703,Very High,85.87786259541986,Relatively Moderate,69.0,Relatively Moderate,63.10211946050096,Relatively Low,32.283715012722645,Very Low,13.931297709923665,Very Low,88.19974554707379,Relatively Low
12063,Florida,FL,Jackson,75.69974554707379,Relatively Low,94.32624113475178,Relatively High,60.94147582697202,Relatively Low,,Not Applicable,68.52922286448297,Relatively Low,51.399491094147585,Very Low,35.17811704834606,Very Low,49.80916030534351,Very Low
12065,Florida,FL,Jefferson,38.99491094147582,Very Low,86.7334167709637,Relatively Moderate,28.085241730279897,Very Low,39.4,Very Low,44.669235709698135,Relatively Low,30.756997455470735,Very Low,14.949109414758269,Very Low,71.34223918575063,Relatively Low
12067,Florida,FL,Lafayette,15.903307888040713,Very Low,84.39716312056737,Relatively Moderate,14.694656488549619,Very Low,22.0,Very Low,25.658317276814387,Very Low,22.487277353689567,Very Low,6.520356234096693,Very Low,59.70101781170484,Very Low
12069,Florida,FL,Lake,91.92111959287533,Relatively Moderate,94.99374217772215,Relatively High,92.30279898218829,Relatively Moderate,35.4,Very Low,79.83301220295441,Relatively Moderate,61.1323155216285,Relatively Low,66.79389312977099,Relatively Low,95.99236641221374,Relatively Moderate
12071,Florida,FL,Lee,99.04580152671755,Relatively High,99.9165623696287,Very High,97.264631043257,Relatively High,97.39999999999999,Very High,93.15992292870907,Relatively Moderate,33.93765903307888,Very Low,48.37786259541985,Very Low,96.62849872773536,Relatively Moderate
12073,Florida,FL,Leon,93.35241730279898,Relatively Moderate,97.12140175219024,Relatively High,91.50763358778626,Relatively Moderate,23.400000000000002,Very Low,91.87540141297367,Relatively Moderate,67.43002544529261,Relatively Low,62.945292620865146,Relatively Low,90.04452926208651,Relatively Moderate
12075,Florida,FL,Levy,66.0941475826972,Relatively Low,91.6145181476846,Relatively Moderate,51.335877862595424,Relatively Low,72.6,Relatively Moderate,53.082851637764925,Relatively Low,33.778625954198475,Very Low,15.966921119592875,Very Low,87.27735368956743,Relatively Low
12077,Florida,FL,Liberty,12.659033078880407,Very Low,82.06090947017105,Relatively Moderate,8.9058524173028,Very Low,28.599999999999998,Very Low,24.11689145793192,Very Low,16.698473282442748,Very Low,15.076335877862595,Very Low,68.60687022900763,Relatively Low
12079,Florida,FL,Madison,47.4236641221374,Relatively Low,90.57154776804339,Relatively Moderate,33.33333333333333,Very Low,,Not Applicable,44.829800899165065,Relatively Low,32.474554707379134,Very Low,16.221374045801525,Very Low,63.45419847328244,Relatively Low
12081,Florida,FL,Manatee,97.55089058524173,Relatively High,99.33249895702963,Very High,93.4796437659033,Relatively High,98.0,Very High,88.8567758509955,Relatively Moderate,34.764631043257,Very Low,36.73664122137404,Very Low,90.48982188295165,Relatively Moderate
12083,Florida,FL,Marion,94.72010178117048,Relatively High,97.83062161034627,Relatively High,92.970737913486,Relatively Moderate,24.6,Very Low,90.49454078355812,Relatively Moderate,63.07251908396947,Relatively Low,59.31933842239185,Very Low,96.7557251908397,Relatively Moderate
12085,Florida,FL,Martin,94.08396946564885,Relatively Moderate,98.70671672924489,Very High,83.33333333333334,Relatively Moderate,73.0,Relatively Moderate,67.8548490687219,Relatively Low,21.43765903307888,Very Low,33.524173027989825,Very Low,90.39440203562341,Relatively Moderate
12086,Florida,FL,Miami-Dade,99.61832061068702,Very High,99.95828118481434,Very High,99.71374045801527,Very High,99.6,Very High,99.26140012845215,Relatively High,62.054707379134854,Relatively Low,46.37404580152672,Very Low,96.85114503816794,Relatively Moderate
12087,Florida,FL,Monroe,91.6030534351145,Relatively Moderate,97.99749687108886,Relatively High,42.87531806615776,Relatively Low,98.8,Very High,65.79961464354528,Relatively Low,6.361323155216285,Very Low,17.970737913486005,Very Low,61.895674300254456,Very Low
12089,Florida,FL,Nassau,59.31933842239185,Relatively Low,88.36045056320401,Relatively Moderate,59.00127226463104,Relatively Low,75.8,Relatively Moderate,71.77263969171483,Relatively Low,62.786259541984734,Relatively Low,24.236641221374043,Very Low,86.51399491094148,Relatively Low
12091,Florida,FL,Okaloosa,92.4618320610687,Relatively Moderate,98.08093450146016,Very High,80.37531806615776,Relatively Moderate,62.6,Relatively Moderate,88.76043673731535,Relatively Moderate,62.34096692111959,Relatively Low,45.16539440203562,Very Low,75.73155216284987,Relatively Low
12093,Florida,FL,Okeechobee,80.27989821882952,Relatively Low,93.53358364622444,Relatively High,80.27989821882952,Relatively Moderate,0.0,No Rating,46.46756583172768,Relatively Low,22.932569974554706,Very Low,23.25063613231552,Very Low,89.85368956743002,Relatively Moderate
12095,Florida,FL,Orange,98.44147582697201,Relatively High,98.0392156862745,Relatively High,98.40966921119593,Relatively High,0.0,No Rating,94.1233140655106,Relatively Moderate,75.41348600508906,Relatively Low,45.32442748091603,Very Low,97.42366412213741,Relatively Moderate
12097,Florida,FL,Osceola,91.95292620865139,Relatively Moderate,94.15936587400918,Relatively High,92.08015267175573,Relatively Moderate,,Not Applicable,77.26396917148362,Relatively Low,46.469465648854964,Very Low,46.56488549618321,Very Low,94.81552162849873,Relatively Moderate
12099,Florida,FL,Palm Beach,99.20483460559797,Relatively High,99.87484355444305,Very High,98.91857506361323,Relatively High,93.4,Relatively High,98.20166987797046,Relatively High,44.94274809160305,Very Low,77.48091603053436,Relatively Low,95.32442748091603,Relatively Moderate
12101,Florida,FL,Pasco,95.96055979643766,Relatively High,98.1226533166458,Very High,95.3880407124682,Relatively High,90.8,Relatively High,90.07707129094412,Relatively Moderate,45.19720101781171,Very Low,44.847328244274806,Very Low,95.3880407124682,Relatively Moderate
12103,Florida,FL,Pinellas,98.21882951653944,Relatively High,98.87359198998749,Very High,96.85114503816794,Relatively High,99.2,Very High,95.53628773281953,Relatively Moderate,66.92111959287533,Relatively Low,17.62086513994911,Very Low,81.13867684478372,Relatively Low
12105,Florida,FL,Polk,96.53307888040712,Relatively High,98.49812265331664,Very High,94.62468193384224,Relatively High,,Not Applicable,93.60950545921645,Relatively Moderate,52.3854961832061,Very Low,64.18575063613231,Relatively Low,96.97837150127226,Relatively Moderate
12107,Florida,FL,Putnam,79.73918575063614,Relatively Low,93.45014601585315,Relatively High,77.29007633587787,Relatively Moderate,60.4,Relatively Low,66.34553628773283,Relatively Low,49.10941475826972,Very Low,28.212468193384222,Very Low,90.52162849872774,Relatively Moderate
12109,Florida,FL,St. Johns,87.53180661577609,Relatively Moderate,93.70045890696704,Relatively High,89.40839694656488,Relatively Moderate,89.0,Relatively High,82.24149004495825,Relatively Moderate,56.61577608142494,Very Low,19.529262086513995,Very Low,89.40839694656488,Relatively Moderate
12111,Florida,FL,St. Lucie,96.0559796437659,Relatively High,99.20734251147267,Very High,89.31297709923665,Relatively Moderate,65.2,Relatively Moderate,80.18625561978163,Relatively Moderate,39.50381679389313,Very Low,14.217557251908397,Very Low,86.64122137404581,Relatively Low
12113,Florida,FL,Santa Rosa,88.96310432569975,Relatively Moderate,97.24655819774718,Relatively High,73.66412213740458,Relatively Moderate,70.8,Relatively Moderate,86.86576750160565,Relatively Moderate,50.95419847328244,Very Low,32.69720101781171,Very Low,81.3295165394402,Relatively Low
12115,Florida,FL,Sarasota,98.15521628498728,Relatively High,99.54109303295786,Very High,95.67430025445293,Relatively High,93.60000000000001,Relatively High,89.75594091201027,Relatively Moderate,34.70101781170484,Very Low,43.35241730279898,Very Low,93.25699745547074,Relatively Moderate
12117,Florida,FL,Seminole,91.4440203562341,Relatively Moderate,94.65999165623697,Relatively High,92.74809160305344,Relatively Moderate,0.0,No Rating,77.77777777777779,Relatively Low,65.9033078880407,Relatively Low,19.751908396946565,Very Low,92.33460559796438,Relatively Moderate
12119,Florida,FL,Sumter,87.59541984732824,Relatively Moderate,95.82811848143513,Relatively High,84.79643765903307,Relatively Moderate,,Not Applicable,72.76814386640976,Relatively Low,45.38804071246819,Very Low,29.611959287531807,Very Low,92.30279898218829,Relatively Moderate
12121,Florida,FL,Suwannee,71.34223918575063,Relatively Low,93.36670838548186,Relatively High,62.913486005089055,Relatively Low,0.0,No Rating,58.317276814386645,Relatively Low,45.229007633587784,Very Low,17.17557251908397,Very Low,81.87022900763358,Relatively Low
12123,Florida,FL,Taylor,65.42620865139949,Relatively Low,92.69920734251147,Relatively Moderate,46.81933842239186,Relatively Low,76.6,Relatively Moderate,53.1470777135517,Relatively Low,37.086513994910945,Very Low,13.008905852417302,Very Low,81.42493638676844,Relatively Low
12125,Florida,FL,Union,10.877862595419847,Very Low,81.47684605757196,Relatively Low,11.068702290076336,Very Low,0.0,No Rating,36.64097623635196,Very Low,26.653944020356235,Very Low,2.926208651399491,Very Low,73.85496183206108,Relatively Low
12127,Florida,FL,Volusia,96.2150127226463,Relatively High,98.456403838131,Very High,95.22900763358778,Relatively High,85.0,Relatively High,85.45279383429673,Relatively Moderate,68.44783715012723,Relatively Low,55.94783715012722,Very Low,96.27862595419847,Relatively Moderate
12129,Florida,FL,Wakulla,46.69211195928753,Relatively Low,84.48060075093868,Relatively Moderate,33.61959287531807,Very Low,61.199999999999996,Relatively Moderate,46.8529222864483,Relatively Low,23.695928753180663,Very Low,7.633587786259542,Very Low,84.47837150127226,Relatively Low
12131,Florida,FL,Walton,88.58142493638677,Relatively Moderate,97.37171464330413,Relatively High,68.32061068702289,Relatively Low,62.2,Relatively Moderate,69.39627488760436,Relatively Low,46.43765903307888,Very Low,45.41984732824427,Very Low,75.66793893129771,Relatively Low
12133,Florida,FL,Washington,59.44656488549618,Relatively Low,92.49061326658324,Relatively Moderate,35.718829516539444,Relatively Low,22.400000000000002,Very Low,49.90366088631985,Relatively Low,33.460559796437664,Very Low,24.36386768447837,Very Low,60.2735368956743,Very Low
13001,Georgia,GA,Appling,50.22264631043257,Relatively Low,90.90529828952857,Relatively Moderate,24.045801526717558,Very Low,,Not Applicable,42.999357739242136,Relatively Low,52.989821882951645,Very Low,8.110687022900763,Very Low,52.926208651399484,Very Low
13003,Georgia,GA,Atkinson,7.315521628498728,Very Low,78.09762202753441,Relatively Low,8.396946564885496,Very Low,,Not Applicable,21.226718047527296,Very Low,35.273536895674305,Very Low,1.590330788804071,Very Low,43.416030534351144,Very Low
13005,Georgia,GA,Bacon,20.578880407124682,Very Low,84.35544430538174,Relatively Moderate,15.394402035623408,Very Low,,Not Applicable,33.42967244701349,Very Low,50.15903307888041,Very Low,4.89821882951654,Very Low,56.583969465648856,Very Low
13007,Georgia,GA,Baker,9.764631043256998,Very Low,76.34543178973718,Relatively Low,13.072519083969466,Very Low,,Not Applicable,18.40077071290944,Very Low,17.20737913486005,Very Low,2.162849872773537,Very Low,30.59796437659033,Very Low
13009,Georgia,GA,Baldwin,50.031806615776084,Relatively Low,68.33541927409262,Relatively Low,63.199745547073796,Relatively Low,,Not Applicable,73.3461785484907,Relatively Low,73.09160305343512,Relatively Low,29.103053435114507,Very Low,66.92111959287533,Relatively Low
13011,Georgia,GA,Banks,12.404580152671755,Very Low,60.78431372549019,Relatively Low,19.720101781170484,Very Low,,Not Applicable,26.043673731535005,Very Low,44.720101781170484,Very Low,54.99363867684478,Very Low,24.395674300254452,Very Low
13013,Georgia,GA,Barrow,45.61068702290076,Relatively Low,48.06007509386733,Very Low,58.07888040712468,Relatively Low,,Not Applicable,54.81695568400771,Relatively Low,66.2849872773537,Relatively Low,23.6323155216285,Very Low,19.59287531806616,Very Low
13015,Georgia,GA,Bartow,65.2671755725191,Relatively Low,50.14601585314977,Very Low,67.84351145038168,Relatively Low,,Not Applicable,46.98137443802184,Relatively Low,81.04325699745547,Relatively Low,78.46692111959288,Relatively Low,62.18193384223919,Very Low
13017,Georgia,GA,Ben Hill,25.41348600508906,Very Low,77.2215269086358,Relatively Low,23.25063613231552,Very Low,,Not Applicable,41.843288375080284,Relatively Low,58.778625954198475,Very Low,2.830788804071247,Very Low,42.39821882951654,Very Low
13019,Georgia,GA,Berrien,39.31297709923664,Very Low,86.64997914059241,Relatively Moderate,30.12086513994911,Very Low,,Not Applicable,41.16891457931921,Relatively Low,43.38422391857507,Very Low,4.007633587786259,Very Low,53.657760814249365,Very Low
13021,Georgia,GA,Bibb,78.49872773536896,Relatively Low,81.9357530246141,Relatively Moderate,80.43893129770993,Relatively Moderate,,Not Applicable,94.18754014129736,Relatively Moderate,77.00381679389314,Relatively Low,71.31043256997455,Relatively Low,73.02798982188295,Relatively Low
13023,Georgia,GA,Bleckley,25.667938931297712,Very Low,73.8005840634126,Relatively Low,15.966921119592875,Very Low,,Not Applicable,80.08991650610147,Relatively Moderate,50.0,Very Low,3.912213740458016,Very Low,48.98218829516539,Very Low
13025,Georgia,GA,Brantley,18.28880407124682,Very Low,83.1455986649979,Relatively Moderate,15.871501272264632,Very Low,20.200000000000003,Very Low,39.65960179833012,Relatively Low,41.66666666666667,Very Low,7.124681933842239,Very Low,67.77989821882952,Relatively Low
13027,Georgia,GA,Brooks,42.11195928753181,Very Low,86.02419691280767,Relatively Moderate,31.106870229007633,Very Low,,Not Applicable,42.93513166345536,Relatively Low,34.51017811704835,Very Low,4.739185750636132,Very Low,56.36132315521628,Very Low
13029,Georgia,GA,Bryan,66.63486005089058,Relatively Low,93.86733416770964,Relatively High,41.76208651399491,Relatively Low,63.800000000000004,Relatively Moderate,67.11624919717406,Relatively Low,63.231552162849866,Relatively Low,12.786259541984732,Very Low,79.99363867684478,Relatively Low
13031,Georgia,GA,Bulloch,75.41348600508906,Relatively Low,92.44889445139758,Relatively Moderate,60.55979643765903,Relatively Low,,Not Applicable,83.46178548490687,Relatively Moderate,86.89567430025446,Relatively Low,23.60050890585242,Very Low,63.963104325699746,Relatively Low
13033,Georgia,GA,Burke,37.30916030534351,Very Low,81.14309553608678,Relatively Low,31.297709923664126,Very Low,,Not Applicable,65.3179190751445,Relatively Low,75.92239185750637,Relatively Low,32.50636132315521,Very Low,59.732824427480914,Very Low
13035,Georgia,GA,Butts,20.515267175572518,Very Low,48.35210680016688,Very Low,32.092875318066156,Very Low,,Not Applicable,44.60500963391137,Relatively Low,48.72773536895674,Very Low,16.50763358778626,Very Low,38.61323155216285,Very Low
13037,Georgia,GA,Calhoun,16.316793893129773,Very Low,78.72340425531915,Relatively Low,7.665394402035624,Very Low,,Not Applicable,25.59409120102762,Very Low,31.87022900763359,Very Low,3.880407124681934,Very Low,29.325699745547073,Very Low
13039,Georgia,GA,Camden,54.54834605597965,Relatively Low,91.07217355027117,Relatively Moderate,35.55979643765903,Relatively Low,71.6,Relatively Moderate,58.95953757225434,Relatively Low,55.343511450381676,Very Low,12.46819338422392,Very Low,84.38295165394402,Relatively Low
13043,Georgia,GA,Candler,11.577608142493638,Very Low,78.3479349186483,Relatively Low,12.436386768447836,Very Low,,Not Applicable,47.04560051380861,Relatively Low,53.11704834605598,Very Low,3.11704834605598,Very Low,35.08269720101781,Very Low
13045,Georgia,GA,Carroll,70.45165394402035,Relatively Low,64.66416353775553,Relatively Low,70.76972010178118,Relatively Low,,Not Applicable,73.47463070006422,Relatively Low,76.24045801526718,Relatively Low,49.01399491094148,Very Low,78.65776081424937,Relatively Low
13047,Georgia,GA,Catoosa,64.63104325699746,Relatively Low,46.97538589904047,Very Low,65.04452926208651,Relatively Low,,Not Applicable,41.90751445086705,Relatively Low,78.72137404580153,Relatively Low,73.21882951653944,Relatively Low,37.531806615776084,Very Low
13049,Georgia,GA,Charlton,26.717557251908396,Very Low,88.02670004171883,Relatively Moderate,16.157760814249365,Very Low,18.4,Very Low,46.08220937700707,Relatively Low,35.782442748091604,Very Low,7.37913486005089,Very Low,72.16921119592875,Relatively Low
13051,Georgia,GA,Chatham,97.42366412213741,Relatively High,99.37421777221527,Very High,90.83969465648855,Relatively Moderate,96.0,Very High,95.27938342967245,Relatively Moderate,94.43384223918575,Relatively Moderate,18.765903307888042,Very Low,92.39821882951654,Relatively Moderate
13053,Georgia,GA,Chattahoochee,2.035623409669211,Very Low,52.44055068836045,Very Low,4.993638676844784,Very Low,,Not Applicable,26.07578676942839,Very Low,25.826972010178118,Very Low,39.090330788804074,Very Low,34.987277353689564,Very Low
13055,Georgia,GA,Chattooga,54.35750636132316,Relatively Low,51.77304964539007,Very Low,59.510178117048355,Relatively Low,,Not Applicable,28.098908156711627,Very Low,67.58905852417303,Relatively Low,70.86513994910942,Relatively Low,54.293893129770986,Very Low
13057,Georgia,GA,Cherokee,85.2735368956743,Relatively Moderate,54.192740926157704,Very Low,88.5178117048346,Relatively Moderate,,Not Applicable,66.66666666666666,Relatively Low,78.9440203562341,Relatively Low,83.01526717557252,Relatively Low,58.778625954198475,Very Low
13059,Georgia,GA,Clarke,66.95292620865139,Relatively Low,71.33917396745932,Relatively Low,70.67430025445293,Relatively Low,,Not Applicable,73.121387283237,Relatively Low,83.33333333333334,Relatively Low,27.89440203562341,Very Low,25.636132315521625,Very Low
13061,Georgia,GA,Clay,8.460559796437659,Very Low,71.79808093450146,Relatively Low,9.096692111959287,Very Low,,Not Applicable,18.786127167630056,Very Low,22.423664122137403,Very Low,26.33587786259542,Very Low,36.800254452926204,Very Low
13063,Georgia,GA,Clayton,86.73664122137404,Relatively Moderate,64.1218189403421,Relatively Low,87.78625954198473,Relatively Moderate,,Not Applicable,83.84714193962749,Relatively Moderate,84.86005089058524,Relatively Low,26.8765903307888,Very Low,34.38295165394402,Very Low
13065,Georgia,GA,Clinch,20.737913486005088,Very Low,82.26950354609929,Relatively Moderate,29.03944020356234,Very Low,,Not Applicable,28.32369942196532,Very Low,36.10050890585242,Very Low,0.095419847328244,Very Low,54.166666666666664,Very Low
13067,Georgia,GA,Cobb,94.37022900763358,Relatively High,68.08510638297872,Relatively Low,96.11959287531806,Relatively High,,Not Applicable,88.98522800256904,Relatively Moderate,92.33460559796438,Relatively Moderate,76.74936386768448,Relatively Low,51.68575063613231,Very Low
13069,Georgia,GA,Coffee,59.605597964376585,Relatively Low,89.69545264914477,Relatively Moderate,51.08142493638677,Relatively Low,,Not Applicable,54.52793834296724,Relatively Low,71.15139949109415,Relatively Low,12.30916030534351,Very Low,68.1615776081425,Relatively Low
13071,Georgia,GA,Colquitt,70.54707379134861,Relatively Low,90.86357947434293,Relatively Moderate,59.605597964376585,Relatively Low,,Not Applicable,61.68914579319203,Relatively Low,56.48854961832062,Very Low,6.806615776081425,Very Low,68.98854961832062,Relatively Low
13073,Georgia,GA,Columbia,76.84478371501272,Relatively Low,79.68293700458908,Relatively Low,82.66539440203562,Relatively Moderate,,Not Applicable,75.27296082209376,Relatively Low,82.47455470737913,Relatively Low,35.68702290076336,Very Low,65.235368956743,Relatively Low
13075,Georgia,GA,Cook,34.82824427480916,Very Low,86.23279098873591,Relatively Moderate,26.97201017811705,Very Low,,Not Applicable,38.118175979447656,Very Low,43.92493638676845,Very Low,3.180661577608142,Very Low,45.64249363867685,Very Low
13077,Georgia,GA,Coweta,65.61704834605598,Relatively Low,61.702127659574465,Relatively Low,72.13740458015268,Relatively Low,,Not Applicable,70.19910083493899,Relatively Low,69.46564885496184,Relatively Low,39.344783715012724,Very Low,47.646310432569976,Very Low
13079,Georgia,GA,Crawford,3.944020356234097,Very Low,58.53149770546516,Relatively Low,8.301526717557252,Very Low,,Not Applicable,39.56326268464997,Relatively Low,25.127226463104325,Very Low,29.134860050890588,Very Low,44.211195928753185,Very Low
13081,Georgia,GA,Crisp,52.29007633587786,Relatively Low,80.3921568627451,Relatively Low,56.6793893129771,Relatively Low,,Not Applicable,58.83108542068079,Relatively Low,63.64503816793893,Relatively Low,8.874045801526718,Very Low,61.06870229007634,Very Low
13083,Georgia,GA,Dade,33.20610687022901,Very Low,38.130997079682935,Very Low,37.340966921119595,Relatively Low,,Not Applicable,24.630700064226076,Very Low,56.39312977099237,Very Low,69.75190839694656,Relatively Low,50.0,Very Low
13085,Georgia,GA,Dawson,21.882951653944023,Very Low,36.75427617855653,Very Low,33.93765903307888,Very Low,,Not Applicable,14.482980089916506,Very Low,50.858778625954194,Very Low,65.83969465648855,Relatively Low,33.460559796437664,Very Low
13087,Georgia,GA,Decatur,75.85877862595419,Relatively Low,90.52982895285774,Relatively Moderate,76.97201017811705,Relatively Moderate,,Not Applicable,49.19717405266538,Relatively Low,40.42620865139949,Very Low,19.942748091603054,Very Low,63.99491094147582,Relatively Low
13089,Georgia,GA,DeKalb,94.27480916030534,Relatively Moderate,72.63245723821443,Relatively Low,96.2468193384224,Relatively High,,Not Applicable,92.48554913294798,Relatively Moderate,94.75190839694656,Relatively Moderate,77.79898218829516,Relatively Low,43.734096692111954,Very Low
13091,Georgia,GA,Dodge,44.75190839694657,Relatively Low,79.72465581977471,Relatively Low,31.583969465648853,Very Low,,Not Applicable,70.10276172125883,Relatively Low,51.20865139949109,Very Low,9.60559796437659,Very Low,60.846055979643765,Very Low
13093,Georgia,GA,Dooly,14.949109414758269,Very Low,75.13558614935336,Relatively Low,15.648854961832063,Very Low,,Not Applicable,42.03596660244059,Relatively Low,38.89949109414758,Very Low,5.661577608142494,Very Low,42.652671755725194,Very Low
13095,Georgia,GA,Dougherty,82.79262086513995,Relatively Moderate,89.36170212765957,Relatively Moderate,87.56361323155217,Relatively Moderate,,Not Applicable,76.17212588310855,Relatively Low,77.41730279898219,Relatively Low,15.521628498727736,Very Low,70.41984732824427,Relatively Low
13097,Georgia,GA,Douglas,65.71246819338423,Relatively Low,53.44180225281602,Very Low,70.45165394402035,Relatively Low,,Not Applicable,58.70263326910726,Relatively Low,75.98600508905852,Relatively Low,56.297709923664115,Very Low,43.06615776081425,Very Low
13099,Georgia,GA,Early,43.38422391857507,Relatively Low,87.40091781393409,Relatively Moderate,32.37913486005089,Very Low,,Not Applicable,36.095054592164416,Very Low,36.354961832061065,Very Low,10.941475826972011,Very Low,49.93638676844784,Very Low
13101,Georgia,GA,Echols,0.540712468193384,Very Low,63.12056737588653,Relatively Low,1.272264631043257,Very Low,,Not Applicable,14.22607578676943,Very Low,13.899491094147582,Very Low,1.399491094147583,Very Low,30.407124681933844,Very Low
13103,Georgia,GA,Effingham,59.09669211195929,Relatively Low,90.73842302878599,Relatively Moderate,51.81297709923665,Relatively Low,24.8,Very Low,76.55748233782916,Relatively Low,74.23664122137404,Relatively Low,15.680661577608143,Very Low,72.29643765903307,Relatively Low
13105,Georgia,GA,Elbert,30.788804071246815,Very Low,72.21526908635795,Relatively Low,35.75063613231552,Relatively Low,,Not Applicable,74.14900449582531,Relatively Low,71.5966921119593,Relatively Low,31.838422391857506,Very Low,41.12595419847328,Very Low
13107,Georgia,GA,Emanuel,39.853689567430024,Very Low,84.02169378389654,Relatively Moderate,34.12849872773537,Very Low,,Not Applicable,65.92806679511882,Relatively Low,72.51908396946564,Relatively Low,14.75826972010178,Very Low,52.54452926208651,Very Low
13109,Georgia,GA,Evans,21.914758269720103,Very Low,82.72841051314143,Relatively Moderate,20.801526717557252,Very Low,,Not Applicable,46.692357096981375,Relatively Low,59.16030534351145,Very Low,7.729007633587787,Very Low,47.96437659033079,Very Low
13111,Georgia,GA,Fannin,56.48854961832062,Relatively Low,58.74009178139341,Relatively Low,66.0941475826972,Relatively Low,,Not Applicable,6.005138086062941,Very Low,72.36005089058524,Relatively Low,95.70610687022901,Relatively Moderate,76.27226463104326,Relatively Low
13113,Georgia,GA,Fayette,61.25954198473282,Relatively Low,58.82352941176471,Relatively Low,70.57888040712467,Relatively Low,,Not Applicable,56.90430314707772,Relatively Low,73.1234096692112,Relatively Low,18.924936386768447,Very Low,34.160305343511446,Very Low
13115,Georgia,GA,Floyd,81.96564885496184,Relatively Moderate,63.53775552774301,Relatively Low,82.41094147582697,Relatively Moderate,,Not Applicable,63.744380218368654,Relatively Low,85.14631043256998,Relatively Low,80.69338422391857,Relatively Low,74.36386768447836,Relatively Low
13117,Georgia,GA,Forsyth,86.1323155216285,Relatively Moderate,55.7363370880267,Very Low,90.01272264631042,Relatively Moderate,,Not Applicable,63.48747591522158,Relatively Low,82.76081424936386,Relatively Low,74.01399491094148,Relatively Low,48.31424936386768,Very Low
13119,Georgia,GA,Franklin,33.078880407124686,Very Low,68.58573216520651,Relatively Low,43.09796437659033,Relatively Low,,Not Applicable,37.34746307000642,Very Low,63.13613231552163,Relatively Low,39.69465648854962,Very Low,27.608142493638677,Very Low
13121,Georgia,GA,Fulton,95.80152671755725,Relatively High,74.92699207342511,Relatively Low,97.67811704834605,Relatively High,,Not Applicable,92.38921001926782,Relatively Moderate,95.99236641221374,Relatively Moderate,90.96692111959288,Relatively Moderate,52.894402035623415,Very Low
13123,Georgia,GA,Gilmer,68.09796437659033,Relatively Low,59.616186900292035,Relatively Low,75.31806615776081,Relatively Moderate,,Not Applicable,7.032755298651253,Very Low,72.04198473282443,Relatively Low,95.86513994910942,Relatively Moderate,71.27862595419847,Relatively Low
13125,Georgia,GA,Glascock,0.922391857506361,Very Low,56.44555694618273,Very Low,2.576335877862595,Very Low,,Not Applicable,21.419396274887603,Very Low,32.538167938931295,Very Low,12.595419847328243,Very Low,29.866412213740457,Very Low
13127,Georgia,GA,Glynn,83.68320610687023,Relatively Moderate,95.86983729662077,Relatively High,54.19847328244275,Relatively Low,89.60000000000001,Relatively High,81.0854206807964,Relatively Moderate,79.51653944020356,Relatively Low,7.697201017811704,Very Low,92.1119592875318,Relatively Moderate
13129,Georgia,GA,Gordon,67.20737913486005,Relatively Low,59.28243637880685,Relatively Low,62.054707379134854,Relatively Low,,Not Applicable,36.99421965317919,Very Low,79.38931297709924,Relatively Low,75.03180661577609,Relatively Low,54.73918575063613,Very Low
13131,Georgia,GA,Grady,52.989821882951645,Relatively Low,88.06841885690446,Relatively Moderate,40.71246819338422,Relatively Low,,Not Applicable,51.12395632626846,Relatively Low,31.48854961832061,Very Low,18.12977099236641,Very Low,62.72264631043257,Very Low
13133,Georgia,GA,Greene,37.24554707379134,Very Low,73.42511472674175,Relatively Low,54.42111959287532,Relatively Low,,Not Applicable,50.86705202312138,Relatively Low,58.587786259541986,Very Low,29.70737913486005,Very Low,57.56997455470738,Very Low
13135,Georgia,GA,Gwinnett,95.41984732824427,Relatively High,71.38089278264498,Relatively Low,97.39185750636132,Relatively High,,Not Applicable,92.99935773924213,Relatively Moderate,93.25699745547074,Relatively Moderate,79.26208651399492,Relatively Low,46.151399491094146,Very Low
13137,Georgia,GA,Habersham,38.89949109414758,Very Low,58.36462244472257,Very Low,44.05216284987277,Relatively Low,,Not Applicable,8.606294155427104,Very Low,63.835877862595424,Relatively Low,68.89312977099237,Relatively Low,48.60050890585242,Very Low
13139,Georgia,GA,Hall,84.2557251908397,Relatively Moderate,66.87526074259492,Relatively Low,86.16412213740458,Relatively Moderate,,Not Applicable,66.37764932562621,Relatively Low,84.28753180661577,Relatively Low,82.56997455470739,Relatively Low,50.445292620865146,Very Low
13141,Georgia,GA,Hancock,11.863867684478372,Very Low,62.11931581143095,Relatively Low,26.8765903307888,Very Low,,Not Applicable,43.54527938342967,Relatively Low,44.338422391857506,Very Low,25.190839694656486,Very Low,54.07124681933843,Very Low
13143,Georgia,GA,Haralson,27.608142493638677,Very Low,54.484772632457236,Very Low,39.24936386768448,Relatively Low,,Not Applicable,35.228002569043035,Very Low,60.846055979643765,Relatively Low,49.77735368956743,Very Low,69.40203562340967,Relatively Low
13145,Georgia,GA,Harris,20.769720101781168,Very Low,64.70588235294117,Relatively Low,39.726463104325695,Relatively Low,,Not Applicable,46.91714836223507,Relatively Low,41.475826972010175,Very Low,43.60687022900763,Very Low,49.01399491094148,Very Low
13147,Georgia,GA,Hart,35.400763358778626,Very Low,73.34167709637046,Relatively Low,43.288804071246815,Relatively Low,,Not Applicable,54.72061657032755,Relatively Low,68.38422391857506,Relatively Low,23.950381679389313,Very Low,23.18702290076336,Very Low
13149,Georgia,GA,Heard,12.818066157760812,Very Low,56.11180642469754,Very Low,22.296437659033078,Very Low,,Not Applicable,27.71355170199101,Very Low,40.776081424936386,Very Low,47.61450381679389,Very Low,51.590330788804074,Very Low
13151,Georgia,GA,Henry,79.35750636132316,Relatively Low,64.37213183145599,Relatively Low,84.51017811704835,Relatively Moderate,,Not Applicable,76.6859344894027,Relatively Low,77.03562340966921,Relatively Low,32.85623409669211,Very Low,43.034351145038165,Very Low
13153,Georgia,GA,Houston,70.48346055979644,Relatively Low,80.4755944931164,Relatively Low,71.5966921119593,Relatively Low,,Not Applicable,92.4534360950546,Relatively Moderate,79.1030534351145,Relatively Low,37.5,Very Low,68.12977099236642,Relatively Low
13155,Georgia,GA,Irwin,13.64503816793893,Very Low,78.13934084272006,Relatively Low,7.792620865139948,Very Low,,Not Applicable,24.98394348105331,Very Low,36.1323155216285,Very Low,1.653944020356234,Very Low,23.25063613231552,Very Low
13157,Georgia,GA,Jackson,41.921119592875314,Very Low,65.20650813516896,Relatively Low,47.4236641221374,Relatively Low,,Not Applicable,46.499678869621064,Relatively Low,67.68447837150127,Relatively Low,34.891857506361326,Very Low,28.78498727735369,Very Low
13159,Georgia,GA,Jasper,8.078880407124682,Very Low,50.563204005006256,Very Low,19.91094147582697,Very Low,,Not Applicable,37.57225433526011,Very Low,39.56743002544529,Very Low,31.106870229007633,Very Low,41.412213740458014,Very Low
13161,Georgia,GA,Jeff Davis,28.212468193384222,Very Low,83.85481852315394,Relatively Moderate,21.85114503816794,Very Low,,Not Applicable,40.944123314065514,Relatively Low,50.22264631043257,Very Low,7.538167938931298,Very Low,50.12722646310432,Very Low
13163,Georgia,GA,Jefferson,25.826972010178118,Very Low,75.84480600750939,Relatively Low,24.268447837150127,Very Low,,Not Applicable,53.91779062299293,Relatively Low,65.77608142493638,Relatively Low,20.197201017811707,Very Low,51.49491094147582,Very Low
13165,Georgia,GA,Jenkins,10.750636132315522,Very Low,75.2607425949103,Relatively Low,15.012722646310433,Very Low,,Not Applicable,44.47655748233783,Relatively Low,56.04325699745547,Very Low,8.969465648854962,Very Low,32.06106870229007,Very Low
13167,Georgia,GA,Johnson,9.255725190839694,Very Low,68.5022945348352,Relatively Low,11.005089058524172,Very Low,,Not Applicable,48.77970456005138,Relatively Low,51.717557251908396,Very Low,5.343511450381679,Very Low,45.51526717557252,Very Low
13169,Georgia,GA,Jones,16.380407124681934,Very Low,62.57822277847309,Relatively Low,27.989821882951656,Very Low,,Not Applicable,64.57931920359667,Relatively Low,46.660305343511446,Very Low,36.10050890585242,Very Low,60.14631043256997,Very Low
13171,Georgia,GA,Lamar,7.792620865139948,Very Low,64.91447642886942,Relatively Low,15.235368956743004,Very Low,,Not Applicable,38.953114964675656,Relatively Low,40.108142493638674,Very Low,12.627226463104327,Very Low,34.86005089058524,Very Low
13173,Georgia,GA,Lanier,6.774809160305344,Very Low,74.38464747601168,Relatively Low,8.078880407124682,Very Low,,Not Applicable,27.77777777777778,Very Low,28.78498727735369,Very Low,2.194656488549618,Very Low,42.11195928753181,Very Low
13175,Georgia,GA,Laurens,50.50890585241731,Relatively Low,78.5982478097622,Relatively Low,56.74300254452926,Relatively Low,,Not Applicable,80.21836865767501,Relatively Moderate,72.86895674300254,Relatively Low,22.201017811704833,Very Low,65.7442748091603,Relatively Low
13177,Georgia,GA,Lee,29.389312977099237,Very Low,74.80183562786817,Relatively Low,35.146310432569976,Relatively Low,,Not Applicable,43.32048811817598,Relatively Low,45.64249363867685,Very Low,5.311704834605599,Very Low,60.20992366412214,Very Low
13179,Georgia,GA,Liberty,83.04707379134861,Relatively Moderate,96.87108886107634,Relatively High,52.29007633587786,Relatively Low,51.2,Relatively Low,74.40590879897239,Relatively Low,75.63613231552164,Relatively Low,3.944020356234097,Very Low,76.11323155216286,Relatively Low
13181,Georgia,GA,Lincoln,5.534351145038168,Very Low,54.52649144764289,Very Low,12.72264631043257,Very Low,,Not Applicable,22.22222222222222,Very Low,44.910941475826974,Very Low,13.454198473282442,Very Low,38.963104325699746,Very Low
13183,Georgia,GA,Long,8.015267175572518,Very Low,78.93199833124739,Relatively Low,9.891857506361323,Very Low,20.0,Very Low,43.28837508028259,Relatively Low,35.718829516539444,Very Low,2.767175572519084,Very Low,61.00508905852418,Very Low
13185,Georgia,GA,Lowndes,72.64631043256998,Relatively Low,91.15561118064247,Relatively Moderate,70.26081424936386,Relatively Low,,Not Applicable,77.42453436095055,Relatively Low,66.66666666666666,Relatively Low,14.726463104325699,Very Low,72.51908396946564,Relatively Low
13187,Georgia,GA,Lumpkin,44.910941475826974,Relatively Low,43.05381727158949,Very Low,50.50890585241731,Relatively Low,,Not Applicable,14.450867052023122,Very Low,57.63358778625955,Very Low,78.11704834605598,Relatively Low,45.99236641221374,Very Low
13189,Georgia,GA,McDuffie,24.96819338422392,Very Low,65.33166458072591,Relatively Low,28.18066157760814,Very Low,,Not Applicable,45.568400770712906,Relatively Low,64.69465648854961,Relatively Low,9.891857506361323,Very Low,59.95547073791349,Very Low
13191,Georgia,GA,McIntosh,66.57124681933843,Relatively Low,94.7017104714226,Relatively High,18.06615776081425,Very Low,70.19999999999999,Relatively Moderate,49.80732177263969,Relatively Low,49.26844783715013,Very Low,12.27735368956743,Very Low,87.1501272264631,Relatively Low
13193,Georgia,GA,Macon,32.092875318066156,Very Low,80.26700041718814,Relatively Low,32.95165394402035,Very Low,,Not Applicable,53.46820809248555,Relatively Low,46.11959287531807,Very Low,22.232824427480917,Very Low,43.225190839694655,Very Low
13195,Georgia,GA,Madison,28.944020356234095,Very Low,69.33667083854819,Relatively Low,34.4147582697201,Very Low,,Not Applicable,43.73795761078998,Relatively Low,61.60941475826972,Relatively Low,26.590330788804074,Very Low,29.739185750636132,Very Low
13197,Georgia,GA,Marion,6.71119592875318,Very Low,61.410095953274926,Relatively Low,12.849872773536896,Very Low,,Not Applicable,34.200385356454724,Very Low,30.50254452926209,Very Low,39.82188295165394,Very Low,49.4910941475827,Very Low
13199,Georgia,GA,Meriwether,19.21119592875318,Very Low,53.775552774301204,Very Low,35.273536895674305,Relatively Low,,Not Applicable,42.51766217084136,Relatively Low,50.031806615776084,Very Low,20.960559796437657,Very Low,44.6882951653944,Very Low
13201,Georgia,GA,Miller,20.801526717557252,Very Low,82.93700458906967,Relatively Moderate,17.493638676844782,Very Low,,Not Applicable,20.166987797045604,Very Low,27.86259541984733,Very Low,0.954198473282443,Very Low,36.036895674300254,Very Low
13205,Georgia,GA,Mitchell,63.040712468193384,Relatively Low,89.82060909470171,Relatively Moderate,52.83078880407125,Relatively Low,,Not Applicable,48.36223506743738,Relatively Low,47.4236641221374,Very Low,11.164122137404581,Very Low,56.075063613231556,Very Low
13207,Georgia,GA,Monroe,18.702290076335878,Very Low,64.24697538589903,Relatively Low,31.96564885496183,Very Low,,Not Applicable,56.84007707129094,Relatively Low,49.33206106870229,Very Low,38.199745547073796,Very Low,53.37150127226463,Very Low
13209,Georgia,GA,Montgomery,7.824427480916031,Very Low,70.54651647893199,Relatively Low,14.821882951653945,Very Low,,Not Applicable,42.90301862556198,Relatively Low,39.05852417302799,Very Low,3.594147582697201,Very Low,37.11832061068702,Very Low
13211,Georgia,GA,Morgan,19.37022900763359,Very Low,57.446808510638306,Very Low,38.42239185750636,Relatively Low,,Not Applicable,36.80154142581888,Very Low,52.32188295165394,Very Low,14.344783715012724,Very Low,38.32697201017812,Very Low
13213,Georgia,GA,Murray,51.463104325699746,Relatively Low,52.77430120984564,Very Low,49.55470737913486,Relatively Low,,Not Applicable,28.96596017983301,Very Low,79.73918575063614,Relatively Low,75.60432569974554,Relatively Low,53.276081424936386,Very Low
13215,Georgia,GA,Muscogee,81.55216284987277,Relatively Moderate,82.31122236128495,Relatively Moderate,87.27735368956743,Relatively Moderate,,Not Applicable,90.97623635195889,Relatively Moderate,84.35114503816794,Relatively Low,73.79134860050891,Relatively Low,61.100508905852415,Very Low
13217,Georgia,GA,Newton,50.63613231552163,Relatively Low,54.3596161869003,Very Low,61.768447837150134,Relatively Low,,Not Applicable,61.20745022479126,Relatively Low,62.24554707379135,Relatively Low,26.78117048346056,Very Low,40.42620865139949,Very Low
13219,Georgia,GA,Oconee,19.43384223918575,Very Low,58.61493533583646,Relatively Low,34.987277353689564,Relatively Low,,Not Applicable,39.53114964675659,Relatively Low,56.6793893129771,Very Low,18.22519083969466,Very Low,25.890585241730278,Very Low
13221,Georgia,GA,Oglethorpe,8.110687022900763,Very Low,65.62369628702544,Relatively Low,13.835877862595419,Very Low,,Not Applicable,32.20937700706487,Very Low,44.37022900763359,Very Low,14.09033078880407,Very Low,29.389312977099237,Very Low
13223,Georgia,GA,Paulding,69.97455470737913,Relatively Low,52.607425949103046,Very Low,73.85496183206108,Relatively Moderate,,Not Applicable,58.54206807964033,Relatively Low,67.1119592875318,Relatively Low,64.47201017811705,Relatively Low,65.2671755725191,Relatively Low
13225,Georgia,GA,Peach,22.487277353689567,Very Low,70.75511055486025,Relatively Low,22.709923664122137,Very Low,,Not Applicable,66.69877970456005,Relatively Low,51.55852417302798,Very Low,16.0941475826972,Very Low,56.329516539440206,Very Low
13227,Georgia,GA,Pickens,34.79643765903308,Very Low,41.25990821860659,Very Low,45.26081424936387,Relatively Low,,Not Applicable,16.82723185613359,Very Low,59.03307888040712,Very Low,74.42748091603053,Relatively Low,59.82824427480916,Very Low
13229,Georgia,GA,Pierce,22.678117048346056,Very Low,84.52231956612432,Relatively Moderate,18.3206106870229,Very Low,,Not Applicable,37.989723827874116,Very Low,42.39821882951654,Very Low,3.212468193384224,Very Low,69.0203562340967,Relatively Low
13231,Georgia,GA,Pike,8.0470737913486,Very Low,50.22945348352107,Very Low,20.229007633587788,Very Low,,Not Applicable,35.42068079640334,Very Low,39.75826972010178,Very Low,13.358778625954198,Very Low,33.651399491094146,Very Low
13233,Georgia,GA,Polk,64.05852417302799,Relatively Low,61.66040884438881,Relatively Low,66.03053435114504,Relatively Low,,Not Applicable,41.49004495825305,Relatively Low,74.80916030534351,Relatively Low,72.07379134860051,Relatively Low,71.50127226463104,Relatively Low
13235,Georgia,GA,Pulaski,18.161577608142494,Very Low,74.25949103045474,Relatively Low,20.674300254452927,Very Low,,Not Applicable,55.07385998715478,Relatively Low,44.592875318066156,Very Low,8.174300254452927,Very Low,56.170483460559794,Very Low
13237,Georgia,GA,Putnam,53.30788804071247,Relatively Low,71.67292448894452,Relatively Low,67.90712468193384,Relatively Low,,Not Applicable,56.551059730250486,Relatively Low,59.25572519083969,Very Low,26.494910941475823,Very Low,63.104325699745544,Very Low
13239,Georgia,GA,Quitman,8.333333333333332,Very Low,62.66166040884439,Relatively Low,4.707379134860051,Very Low,,Not Applicable,16.44187540141297,Very Low,17.557251908396946,Very Low,28.466921119592875,Very Low,39.50381679389313,Very Low
13241,Georgia,GA,Rabun,45.29262086513995,Relatively Low,61.57697121401752,Relatively Low,58.11068702290076,Relatively Low,,Not Applicable,2.280025690430315,Very Low,50.31806615776081,Very Low,92.84351145038168,Relatively Moderate,64.05852417302799,Relatively Low
13243,Georgia,GA,Randolph,17.17557251908397,Very Low,76.09511889862328,Relatively Low,9.79643765903308,Very Low,,Not Applicable,25.786769428387924,Very Low,33.20610687022901,Very Low,15.807888040712466,Very Low,37.56361323155216,Very Low
13245,Georgia,GA,Richmond,87.40458015267176,Relatively Moderate,89.15310805173134,Relatively Moderate,86.4821882951654,Relatively Moderate,,Not Applicable,91.1689145793192,Relatively Moderate,90.04452926208651,Relatively Low,60.718829516539444,Very Low,67.1119592875318,Relatively Low
13247,Georgia,GA,Rockdale,56.170483460559794,Relatively Low,53.94242803504381,Very Low,63.42239185750637,Relatively Low,,Not Applicable,56.58317276814386,Relatively Low,73.6323155216285,Relatively Low,24.77735368956743,Very Low,35.87786259541985,Very Low
13249,Georgia,GA,Schley,0.604325699745547,Very Low,51.64789319983313,Very Low,1.844783715012722,Very Low,,Not Applicable,19.460500963391137,Very Low,20.260814249363868,Very Low,8.651399491094146,Very Low,21.787531806615775,Very Low
13251,Georgia,GA,Screven,43.89312977099237,Relatively Low,89.44513975803086,Relatively Moderate,23.091603053435115,Very Low,0.0,No Rating,61.27167630057804,Relatively Low,68.73409669211196,Relatively Low,17.8117048346056,Very Low,54.19847328244275,Very Low
13253,Georgia,GA,Seminole,29.48473282442748,Very Low,85.06466416353776,Relatively Moderate,29.452926208651398,Very Low,,Not Applicable,23.731535003211306,Very Low,25.159033078880405,Very Low,2.544529262086514,Very Low,35.973282442748086,Very Low
13255,Georgia,GA,Spalding,40.87150127226463,Very Low,56.32040050062578,Very Low,54.07124681933843,Relatively Low,,Not Applicable,55.33076429030186,Relatively Low,67.17557251908397,Relatively Low,13.740458015267176,Very Low,37.913486005089055,Very Low
13257,Georgia,GA,Stephens,33.42875318066158,Very Low,59.78306216103463,Relatively Low,44.02035623409669,Relatively Low,,Not Applicable,30.892742453436096,Very Low,71.85114503816794,Relatively Low,60.75063613231551,Very Low,37.02290076335878,Very Low
13259,Georgia,GA,Stewart,5.852417302798982,Very Low,60.492282019190654,Relatively Low,8.524173027989821,Very Low,,Not Applicable,31.567116249197174,Very Low,31.520356234096692,Very Low,44.87913486005089,Very Low,43.89312977099237,Very Low
13261,Georgia,GA,Sumter,53.18066157760815,Relatively Low,80.93450146015854,Relatively Low,53.49872773536896,Relatively Low,,Not Applicable,68.94669235709698,Relatively Low,63.963104325699746,Relatively Low,34.033078880407125,Very Low,64.50381679389314,Relatively Low
13263,Georgia,GA,Talbot,2.862595419847328,Very Low,53.56695869837297,Very Low,9.764631043256998,Very Low,,Not Applicable,28.163134232498393,Very Low,27.29007633587786,Very Low,35.08269720101781,Very Low,40.458015267175576,Very Low
13265,Georgia,GA,Taliaferro,0.731552162849873,Very Low,57.488527325823945,Very Low,2.385496183206107,Very Low,,Not Applicable,16.538214515093127,Very Low,26.590330788804074,Very Low,5.725190839694656,Very Low,18.3206106870229,Very Low
13267,Georgia,GA,Tattnall,68.38422391857506,Relatively Low,93.95077179808094,Relatively High,37.81806615776082,Relatively Low,,Not Applicable,63.29479768786127,Relatively Low,71.2150127226463,Relatively Low,11.227735368956743,Very Low,63.07251908396947,Very Low
13269,Georgia,GA,Taylor,10.146310432569974,Very Low,67.16729244889446,Relatively Low,16.762086513994912,Very Low,,Not Applicable,41.00834938985228,Relatively Low,35.846055979643765,Very Low,23.02798982188295,Very Low,47.99618320610687,Very Low
13271,Georgia,GA,Telfair,23.536895674300254,Very Low,80.64246975385899,Relatively Low,27.798982188295163,Very Low,,Not Applicable,56.80796403339756,Relatively Low,48.88676844783715,Very Low,9.319338422391857,Very Low,45.29262086513995,Very Low
13273,Georgia,GA,Terrell,16.539440203562343,Very Low,73.50855235711306,Relatively Low,12.881679389312978,Very Low,,Not Applicable,28.93384714193963,Very Low,40.0763358778626,Very Low,3.530534351145039,Very Low,41.50763358778626,Very Low
13275,Georgia,GA,Thomas,65.96692111959288,Relatively Low,91.8648310387985,Relatively Moderate,57.347328244274806,Relatively Low,,Not Applicable,61.01477199743096,Relatively Low,48.37786259541985,Very Low,14.472010178117047,Very Low,71.2468193384224,Relatively Low
13277,Georgia,GA,Tift,56.01145038167938,Relatively Low,86.44138506466416,Relatively Moderate,46.94656488549619,Relatively Low,,Not Applicable,52.312138728323696,Relatively Low,62.150127226463106,Relatively Low,5.788804071246819,Very Low,55.69338422391857,Very Low
13279,Georgia,GA,Toombs,42.652671755725194,Very Low,84.14685022945349,Relatively Moderate,37.786259541984734,Relatively Low,,Not Applicable,64.32241490044959,Relatively Low,67.08015267175573,Relatively Low,10.814249363867685,Very Low,53.53053435114504,Very Low
13281,Georgia,GA,Towns,39.599236641221374,Very Low,49.97914059240717,Very Low,53.56234096692112,Relatively Low,,Not Applicable,4.784842646114322,Very Low,48.05979643765903,Very Low,90.33078880407125,Relatively Moderate,53.7531806615776,Very Low
13283,Georgia,GA,Treutlen,2.067430025445293,Very Low,67.2924488944514,Relatively Low,5.152671755725191,Very Low,,Not Applicable,33.68657675016056,Very Low,28.212468193384222,Very Low,2.894402035623409,Very Low,26.463104325699742,Very Low
13285,Georgia,GA,Troup,59.92366412213741,Relatively Low,75.63621193158114,Relatively Low,67.71628498727735,Relatively Low,,Not Applicable,69.29993577392422,Relatively Low,71.66030534351145,Relatively Low,41.88931297709924,Very Low,58.93765903307888,Very Low
13287,Georgia,GA,Turner,16.603053435114504,Very Low,76.30371297455152,Relatively Low,8.333333333333332,Very Low,,Not Applicable,28.387925497752086,Very Low,42.55725190839695,Very Low,2.639949109414758,Very Low,39.63104325699746,Very Low
13289,Georgia,GA,Twiggs,8.492366412213741,Very Low,60.075093867334175,Relatively Low,13.676844783715012,Very Low,,Not Applicable,70.55234425176621,Relatively Low,38.040712468193384,Very Low,32.283715012722645,Very Low,58.17430025445292,Very Low
13291,Georgia,GA,Union,52.48091603053435,Relatively Low,56.23696287025448,Very Low,58.68320610687023,Relatively Low,,Not Applicable,6.647398843930636,Very Low,64.3765903307888,Relatively Low,94.27480916030534,Relatively Moderate,71.88295165394402,Relatively Low
13293,Georgia,GA,Upson,17.14376590330789,Very Low,64.16353775552774,Relatively Low,31.711195928753185,Very Low,,Not Applicable,50.77071290944123,Relatively Low,50.667938931297705,Very Low,32.25190839694657,Very Low,41.57124681933842,Very Low
13295,Georgia,GA,Walker,72.01017811704835,Relatively Low,52.64914476428869,Very Low,65.45801526717557,Relatively Low,,Not Applicable,60.950545921644185,Relatively Low,79.58015267175573,Relatively Low,75.54071246819338,Relatively Low,60.87786259541985,Very Low
13297,Georgia,GA,Walton,54.961832061068705,Relatively Low,55.61118064246975,Very Low,65.17175572519083,Relatively Low,,Not Applicable,60.854206807964026,Relatively Low,72.07379134860051,Relatively Low,35.94147582697201,Very Low,35.909669211195926,Very Low
13299,Georgia,GA,Ware,49.36386768447837,Relatively Low,87.73466833541927,Relatively Moderate,46.087786259541986,Relatively Low,,Not Applicable,60.01926782273603,Relatively Low,66.4440203562341,Relatively Low,19.43384223918575,Very Low,73.72773536895674,Relatively Low
13301,Georgia,GA,Warren,5.311704834605599,Very Low,61.91072173550272,Relatively Low,10.877862595419847,Very Low,,Not Applicable,33.36544637122672,Very Low,46.75572519083969,Very Low,5.693384223918575,Very Low,41.63486005089059,Very Low
13303,Georgia,GA,Washington,23.759541984732824,Very Low,73.71714643304131,Relatively Low,26.208651399491096,Very Low,,Not Applicable,60.69364161849711,Relatively Low,64.31297709923665,Relatively Low,34.57379134860051,Very Low,53.81679389312977,Very Low
13305,Georgia,GA,Wayne,44.62468193384224,Relatively Low,88.90279516061744,Relatively Moderate,30.15267175572519,Very Low,19.8,Very Low,54.65639049454079,Relatively Low,64.40839694656488,Relatively Low,13.42239185750636,Very Low,61.73664122137404,Very Low
13307,Georgia,GA,Webster,2.44910941475827,Very Low,64.03838130997079,Relatively Low,2.671755725190839,Very Low,,Not Applicable,18.88246628131021,Very Low,22.264631043256998,Very Low,8.015267175572518,Very Low,29.00763358778626,Very Low
13309,Georgia,GA,Wheeler,6.424936386768448,Very Low,72.29870671672924,Relatively Low,10.241730279898219,Very Low,,Not Applicable,47.07771355170199,Relatively Low,35.94147582697201,Very Low,3.721374045801527,Very Low,34.00127226463104,Very Low
13311,Georgia,GA,White,45.73791348600509,Relatively Low,58.322903629536924,Very Low,46.18320610687023,Relatively Low,,Not Applicable,13.904945407835582,Very Low,59.891857506361326,Relatively Low,70.26081424936386,Relatively Low,50.92239185750637,Very Low
13313,Georgia,GA,Whitfield,81.48854961832062,Relatively Moderate,60.6174384647476,Relatively Low,75.54071246819338,Relatively Moderate,,Not Applicable,49.64675658317277,Relatively Low,90.64885496183206,Relatively Moderate,71.85114503816794,Relatively Low,58.01526717557252,Very Low
13315,Georgia,GA,Wilcox,13.16793893129771,Very Low,77.30496453900709,Relatively Low,9.223918575063614,Very Low,,Not Applicable,44.9582530507386,Relatively Low,37.72264631043257,Very Low,4.580152671755725,Very Low,39.98091603053435,Very Low
13317,Georgia,GA,Wilkes,12.913486005089059,Very Low,73.04964539007092,Relatively Low,15.680661577608143,Very Low,,Not Applicable,43.09569685292229,Relatively Low,59.860050890585235,Relatively Low,17.748091603053435,Very Low,34.70101781170484,Very Low
13319,Georgia,GA,Wilkinson,4.643765903307888,Very Low,63.20400500625782,Relatively Low,8.778625954198473,Very Low,,Not Applicable,45.11881824020552,Relatively Low,35.87786259541985,Very Low,30.311704834605596,Very Low,41.88931297709924,Very Low
13321,Georgia,GA,Worth,36.48218829516539,Very Low,80.51731330830204,Relatively Low,25.954198473282442,Very Low,,Not Applicable,43.60950545921644,Relatively Low,41.88931297709924,Very Low,7.092875318066158,Very Low,53.40330788804071,Very Low
15001,Hawaii,HI,Hawaii,98.50508905852418,Relatively High,68.25198164372132,Relatively Low,98.88676844783714,Relatively High,50.8,Relatively Low,0.0,No Rating,99.14122137404581,Relatively High,84.12849872773536,Relatively Low,98.2824427480916,Relatively High
15003,Hawaii,HI,Honolulu,98.75954198473282,Relatively High,73.29995828118481,Relatively Low,99.30025445292621,Very High,75.6,Relatively Moderate,0.0,No Rating,98.56870229007633,Relatively High,99.61832061068702,Relatively High,98.9821882951654,Relatively High
15005,Hawaii,HI,Kalawao,0.095419847328244,Very Low,10.387984981226534,Very Low,0.699745547073791,Very Low,18.2,Very Low,0.0,No Rating,26.494910941475823,Very Low,1.081424936386768,Very Low,19.37022900763359,Very Low
15007,Hawaii,HI,Kauai,84.44656488549617,Relatively Moderate,64.87275761368377,Relatively Low,90.61704834605598,Relatively Moderate,49.8,Relatively Low,0.0,No Rating,42.843511450381676,Very Low,95.35623409669212,Relatively Moderate,93.06615776081425,Relatively Moderate
15009,Hawaii,HI,Maui,93.12977099236642,Relatively Moderate,69.50354609929079,Relatively Low,93.6704834605598,Relatively High,54.0,Relatively Low,0.0,No Rating,97.13740458015268,Relatively Moderate,55.8206106870229,Very Low,95.26081424936386,Relatively Moderate
16001,Idaho,ID,Ada,87.75445292620864,Relatively Moderate,,Not Applicable,89.82188295165395,Relatively Moderate,,Not Applicable,92.90301862556197,Relatively Moderate,88.23155216284987,Relatively Low,69.08396946564885,Relatively Low,98.25063613231552,Relatively High
16003,Idaho,ID,Adams,39.56743002544529,Very Low,,Not Applicable,35.87786259541985,Relatively Low,,Not Applicable,18.2723185613359,Very Low,37.37277353689568,Very Low,91.63486005089058,Relatively Moderate,96.72391857506362,Relatively Moderate
16005,Idaho,ID,Bannock,66.88931297709924,Relatively Low,,Not Applicable,51.87659033078881,Relatively Low,,Not Applicable,78.9980732177264,Relatively Moderate,82.79262086513995,Relatively Low,58.396946564885496,Very Low,96.9147582697201,Relatively Moderate
16007,Idaho,ID,Bear Lake,6.583969465648855,Very Low,,Not Applicable,7.220101781170484,Very Low,,Not Applicable,5.491329479768786,Very Low,68.89312977099237,Relatively Low,81.90203562340967,Relatively Low,78.37150127226464,Relatively Low
16009,Idaho,ID,Benewah,19.87913486005089,Very Low,,Not Applicable,46.9147582697201,Relatively Low,,Not Applicable,27.007064868336546,Very Low,26.431297709923662,Very Low,93.92493638676844,Relatively Moderate,74.77735368956743,Relatively Low
16011,Idaho,ID,Bingham,60.14631043256997,Relatively Low,,Not Applicable,58.778625954198475,Relatively Low,,Not Applicable,85.99871547848427,Relatively Moderate,88.29516539440203,Relatively Low,68.57506361323156,Relatively Low,83.5559796437659,Relatively Low
16013,Idaho,ID,Blaine,65.36259541984732,Relatively Low,,Not Applicable,70.51526717557252,Relatively Low,,Not Applicable,64.29030186255619,Relatively Low,73.69592875318067,Relatively Low,86.29134860050891,Relatively Low,93.8295165394402,Relatively Moderate
16015,Idaho,ID,Boise,48.918575063613225,Relatively Low,,Not Applicable,42.93893129770993,Relatively Low,,Not Applicable,14.868336544637122,Very Low,40.04452926208651,Very Low,97.32824427480917,Relatively Moderate,97.2328244274809,Relatively Moderate
16017,Idaho,ID,Bonner,77.29007633587787,Relatively Low,,Not Applicable,86.95928753180662,Relatively Moderate,,Not Applicable,53.88567758509954,Relatively Low,55.75699745547074,Very Low,93.86132315521628,Relatively Moderate,82.69720101781171,Relatively Low
16019,Idaho,ID,Bonneville,82.41094147582697,Relatively Moderate,,Not Applicable,78.5941475826972,Relatively Moderate,,Not Applicable,81.24598587026333,Relatively Moderate,94.17938931297711,Relatively Moderate,94.24300254452926,Relatively Moderate,90.33078880407125,Relatively Moderate
16021,Idaho,ID,Boundary,26.08142493638677,Very Low,,Not Applicable,45.80152671755725,Relatively Low,,Not Applicable,30.924855491329478,Very Low,25.38167938931298,Very Low,97.67811704834605,Relatively Moderate,80.6615776081425,Relatively Low
16023,Idaho,ID,Butte,4.421119592875318,Very Low,,Not Applicable,9.12849872773537,Very Low,,Not Applicable,27.74566473988439,Very Low,45.896946564885496,Very Low,53.30788804071247,Very Low,55.50254452926209,Very Low
16025,Idaho,ID,Camas,5.979643765903308,Very Low,,Not Applicable,3.371501272264631,Very Low,,Not Applicable,8.574181117533719,Very Low,23.21882951653944,Very Low,55.05725190839694,Very Low,80.82061068702289,Relatively Low
16027,Idaho,ID,Canyon,71.72391857506362,Relatively Low,,Not Applicable,80.3117048346056,Relatively Moderate,,Not Applicable,89.46692357096981,Relatively Moderate,78.84860050890585,Relatively Low,31.679389312977097,Very Low,92.49363867684478,Relatively Moderate
16029,Idaho,ID,Caribou,7.220101781170484,Very Low,,Not Applicable,10.655216284987278,Very Low,,Not Applicable,9.05587668593449,Very Low,72.10559796437659,Relatively Low,45.06997455470738,Very Low,80.9796437659033,Relatively Low
16031,Idaho,ID,Cassia,43.57506361323155,Relatively Low,,Not Applicable,52.735368956743,Relatively Low,,Not Applicable,56.64739884393064,Relatively Low,74.45928753180662,Relatively Low,49.459287531806616,Very Low,94.6882951653944,Relatively Moderate
16033,Idaho,ID,Clark,0.763358778625954,Very Low,,Not Applicable,2.131043256997455,Very Low,,Not Applicable,4.881181759794476,Very Low,30.947837150127228,Very Low,49.17302798982188,Very Low,64.66284987277355,Relatively Low
16035,Idaho,ID,Clearwater,46.9147582697201,Relatively Low,,Not Applicable,55.72519083969466,Relatively Low,,Not Applicable,27.45664739884393,Very Low,22.96437659033079,Very Low,97.29643765903307,Relatively Moderate,96.4058524173028,Relatively Moderate
16037,Idaho,ID,Custer,52.41730279898219,Relatively Low,,Not Applicable,57.31552162849872,Relatively Low,,Not Applicable,20.520231213872833,Very Low,79.29389312977099,Relatively Low,98.21882951653944,Relatively High,87.02290076335878,Relatively Low
16039,Idaho,ID,Elmore,51.972010178117046,Relatively Low,,Not Applicable,30.05725190839695,Very Low,,Not Applicable,58.73474630700064,Relatively Low,41.9529262086514,Very Low,80.3117048346056,Relatively Low,97.64631043256998,Relatively High
16041,Idaho,ID,Franklin,7.633587786259542,Very Low,,Not Applicable,17.39821882951654,Very Low,,Not Applicable,26.557482337829157,Very Low,70.48346055979644,Relatively Low,41.28498727735369,Very Low,78.7849872773537,Relatively Low
16043,Idaho,ID,Fremont,38.26335877862596,Very Low,,Not Applicable,41.412213740458014,Relatively Low,,Not Applicable,29.44765574823378,Very Low,82.91984732824427,Relatively Low,78.5941475826972,Relatively Low,87.08651399491094,Relatively Low
16045,Idaho,ID,Gem,34.44656488549619,Very Low,,Not Applicable,35.68702290076336,Relatively Low,,Not Applicable,44.25176621708414,Relatively Low,51.01781170483461,Very Low,47.36005089058524,Very Low,96.50127226463104,Relatively Moderate
16047,Idaho,ID,Gooding,25.44529262086514,Very Low,,Not Applicable,25.922391857506362,Very Low,,Not Applicable,56.165703275529864,Relatively Low,58.492366412213734,Very Low,25.954198473282442,Very Low,95.29262086513995,Relatively Moderate
16049,Idaho,ID,Idaho,78.37150127226464,Relatively Low,,Not Applicable,72.90076335877863,Relatively Low,,Not Applicable,37.893384714193964,Very Low,40.13994910941476,Very Low,98.88676844783714,Relatively High,98.72773536895674,Relatively High
16051,Idaho,ID,Jefferson,40.108142493638674,Very Low,,Not Applicable,37.086513994910945,Relatively Low,,Not Applicable,79.12652536929994,Relatively Moderate,80.62977099236642,Relatively Low,34.541984732824424,Very Low,62.5,Very Low
16053,Idaho,ID,Jerome,21.469465648854964,Very Low,,Not Applicable,31.138676844783713,Very Low,,Not Applicable,72.92870905587668,Relatively Low,58.71501272264631,Very Low,10.305343511450381,Very Low,90.235368956743,Relatively Moderate
16055,Idaho,ID,Kootenai,78.97582697201018,Relatively Low,,Not Applicable,86.32315521628499,Relatively Moderate,,Not Applicable,83.10854206807964,Relatively Moderate,79.16666666666666,Relatively Low,95.48346055979644,Relatively Moderate,79.51653944020356,Relatively Low
16057,Idaho,ID,Latah,33.26972010178117,Very Low,,Not Applicable,50.413486005089055,Relatively Low,,Not Applicable,51.252408477842,Relatively Low,43.60687022900763,Very Low,75.44529262086515,Relatively Low,92.08015267175573,Relatively Moderate
16059,Idaho,ID,Lemhi,41.4440203562341,Very Low,,Not Applicable,59.764631043257,Relatively Low,,Not Applicable,12.491971740526655,Very Low,53.46692111959288,Very Low,95.73791348600508,Relatively Moderate,93.19338422391857,Relatively Moderate
16061,Idaho,ID,Lewis,3.085241730279898,Very Low,,Not Applicable,11.991094147582697,Very Low,,Not Applicable,19.332048811817597,Very Low,23.44147582697201,Very Low,39.53562340966921,Very Low,85.94147582697201,Relatively Low
16063,Idaho,ID,Lincoln,9.064885496183205,Very Low,,Not Applicable,14.408396946564887,Very Low,,Not Applicable,40.17341040462428,Relatively Low,32.156488549618324,Very Low,9.446564885496183,Very Low,92.04834605597965,Relatively Moderate
16065,Idaho,ID,Madison,58.61959287531806,Relatively Low,,Not Applicable,57.79262086513995,Relatively Low,,Not Applicable,77.00706486833656,Relatively Low,87.59541984732824,Relatively Low,64.2175572519084,Relatively Low,70.26081424936386,Relatively Low
16067,Idaho,ID,Minidoka,20.483460559796438,Very Low,,Not Applicable,32.06106870229007,Very Low,,Not Applicable,71.74052665382146,Relatively Low,74.33206106870229,Relatively Low,9.669211195928753,Very Low,55.343511450381676,Very Low
16069,Idaho,ID,Nez Perce,32.98346055979644,Very Low,,Not Applicable,57.69720101781171,Relatively Low,,Not Applicable,56.06936416184971,Relatively Low,38.26335877862596,Very Low,42.525445292620866,Very Low,89.34478371501272,Relatively Moderate
16071,Idaho,ID,Oneida,1.399491094147583,Very Low,,Not Applicable,4.866412213740458,Very Low,,Not Applicable,17.084136159280668,Very Low,39.79007633587786,Very Low,22.900763358778626,Very Low,81.20229007633588,Relatively Low
16073,Idaho,ID,Owyhee,44.11577608142493,Relatively Low,,Not Applicable,58.71501272264631,Relatively Low,,Not Applicable,48.20166987797045,Relatively Low,34.541984732824424,Very Low,71.4058524173028,Relatively Low,95.80152671755725,Relatively Moderate
16075,Idaho,ID,Payette,17.111959287531807,Very Low,,Not Applicable,33.9058524173028,Very Low,,Not Applicable,48.522800256904304,Relatively Low,55.85241730279898,Very Low,36.704834605597966,Very Low,89.98091603053436,Relatively Moderate
16077,Idaho,ID,Power,16.921119592875318,Very Low,,Not Applicable,7.601781170483461,Very Low,,Not Applicable,40.655105973025044,Relatively Low,58.206106870229014,Very Low,19.115776081424936,Very Low,88.99491094147582,Relatively Moderate
16079,Idaho,ID,Shoshone,62.849872773536894,Relatively Low,,Not Applicable,76.0178117048346,Relatively Moderate,,Not Applicable,30.63583815028902,Very Low,38.39058524173028,Very Low,98.18702290076335,Relatively High,69.62468193384224,Relatively Low
16081,Idaho,ID,Teton,29.452926208651398,Very Low,,Not Applicable,27.958015267175572,Very Low,,Not Applicable,9.698137443802183,Very Low,78.33969465648855,Relatively Low,68.8295165394402,Relatively Low,90.87150127226464,Relatively Moderate
16083,Idaho,ID,Twin Falls,46.94656488549619,Relatively Low,,Not Applicable,51.11323155216285,Relatively Low,,Not Applicable,82.65895953757226,Relatively Moderate,73.95038167938931,Relatively Low,93.06615776081425,Relatively Moderate,93.95674300254453,Relatively Moderate
16085,Idaho,ID,Valley,55.62977099236641,Relatively Low,,Not Applicable,55.78880407124682,Relatively Low,,Not Applicable,17.565831727681438,Very Low,66.15776081424937,Relatively Low,96.37404580152672,Relatively Moderate,97.45547073791349,Relatively Moderate
16087,Idaho,ID,Washington,30.311704834605596,Very Low,,Not Applicable,38.16793893129771,Relatively Low,,Not Applicable,38.34296724470135,Very Low,53.78498727735369,Very Low,72.86895674300254,Relatively Low,95.61068702290076,Relatively Moderate
17001,Illinois,IL,Adams,64.18575063613231,Relatively Low,23.94659991656237,Very Low,60.655216284987276,Relatively Low,,Not Applicable,91.23314065510597,Relatively Moderate,64.59923664122137,Relatively Low,78.05343511450383,Relatively Low,5.216284987277354,Very Low
17003,Illinois,IL,Alexander,44.083969465648856,Relatively Low,20.73425114726742,Very Low,40.48982188295165,Relatively Low,,Not Applicable,50.224791265253685,Relatively Low,90.235368956743,Relatively Moderate,55.62977099236641,Very Low,2.131043256997455,Very Low
17005,Illinois,IL,Bond,36.22773536895674,Very Low,21.234876929495204,Very Low,30.47073791348601,Very Low,,Not Applicable,65.9601798330122,Relatively Low,86.45038167938931,Relatively Low,67.43002544529261,Relatively Low,7.506361323155216,Very Low
17007,Illinois,IL,Boone,57.347328244274806,Relatively Low,8.844388819357532,Very Low,63.93129770992366,Relatively Low,,Not Applicable,46.82080924855491,Relatively Low,45.578880407124686,Very Low,28.148854961832058,Very Low,8.301526717557252,Very Low
17009,Illinois,IL,Brown,4.739185750636132,Very Low,9.136420525657071,Very Low,4.071246819338422,Very Low,,Not Applicable,62.55619781631342,Relatively Low,27.989821882951656,Very Low,78.62595419847328,Relatively Low,0.22264631043257,Very Low
17011,Illinois,IL,Bureau,62.27735368956743,Relatively Low,25.114726741760535,Very Low,63.358778625954194,Relatively Low,,Not Applicable,48.16955684007707,Relatively Low,74.01399491094148,Relatively Low,66.38040712468194,Relatively Low,13.040712468193385,Very Low
17013,Illinois,IL,Calhoun,6.075063613231553,Very Low,7.55110554860242,Very Low,16.125954198473284,Very Low,,Not Applicable,59.60179833012202,Relatively Low,33.842239185750635,Very Low,86.38676844783714,Relatively Low,0.572519083969466,Very Low
17015,Illinois,IL,Carroll,39.026717557251914,Very Low,12.056737588652481,Very Low,46.469465648854964,Relatively Low,,Not Applicable,35.966602440590876,Very Low,31.647582697201017,Very Low,76.90839694656488,Relatively Low,13.072519083969466,Very Low
17017,Illinois,IL,Cass,38.645038167938935,Very Low,15.602836879432624,Very Low,28.117048346055977,Very Low,,Not Applicable,64.83622350674374,Relatively Low,47.58269720101781,Very Low,55.40712468193384,Very Low,0.286259541984733,Very Low
17019,Illinois,IL,Champaign,90.45801526717557,Relatively Moderate,48.93617021276596,Very Low,90.36259541984732,Relatively Moderate,,Not Applicable,89.14579319203597,Relatively Moderate,89.47201017811705,Relatively Low,44.338422391857506,Very Low,16.157760814249365,Very Low
17021,Illinois,IL,Christian,54.039440203562336,Relatively Low,32.040050062578224,Very Low,41.50763358778626,Relatively Low,,Not Applicable,68.17597944765575,Relatively Low,87.18193384223919,Relatively Low,47.13740458015267,Very Low,9.033078880407125,Very Low
17023,Illinois,IL,Clark,27.32188295165394,Very Low,39.96662494785148,Very Low,31.043256997455472,Very Low,,Not Applicable,52.79383429672448,Relatively Low,80.91603053435115,Relatively Low,76.65394402035624,Relatively Low,8.110687022900763,Very Low
17025,Illinois,IL,Clay,41.06234096692112,Very Low,37.29662077596996,Very Low,38.89949109414758,Relatively Low,,Not Applicable,62.10661528580603,Relatively Low,86.29134860050891,Relatively Low,55.85241730279898,Very Low,5.279898218829516,Very Low
17027,Illinois,IL,Clinton,65.5852417302799,Relatively Low,33.249895702962036,Very Low,64.02671755725191,Relatively Low,,Not Applicable,77.23185613359024,Relatively Low,91.15776081424937,Relatively Moderate,45.038167938931295,Very Low,7.919847328244274,Very Low
17029,Illinois,IL,Coles,70.35623409669212,Relatively Low,38.881935753024614,Very Low,74.49109414758269,Relatively Moderate,,Not Applicable,70.74502247912653,Relatively Low,87.30916030534351,Relatively Low,66.6030534351145,Relatively Low,9.541984732824428,Very Low
17031,Illinois,IL,Cook,99.96819338422391,Very High,48.894451397580305,Very Low,99.93638676844783,Very High,44.0,Relatively Low,99.83943481053308,Very High,98.40966921119593,Relatively High,56.36132315521628,Very Low,55.78880407124682,Very Low
17033,Illinois,IL,Crawford,37.02290076335878,Very Low,24.822695035460992,Very Low,43.70229007633588,Relatively Low,,Not Applicable,55.42710340398202,Relatively Low,84.82824427480917,Relatively Low,48.918575063613225,Very Low,1.972010178117048,Very Low
17035,Illinois,IL,Cumberland,25.858778625954198,Very Low,32.957863996662496,Very Low,33.49236641221374,Very Low,,Not Applicable,43.93063583815029,Relatively Low,76.46310432569975,Relatively Low,60.55979643765903,Very Low,4.675572519083969,Very Low
17037,Illinois,IL,DeKalb,80.82061068702289,Relatively Low,19.64956195244055,Very Low,82.98346055979644,Relatively Moderate,,Not Applicable,58.991650610147715,Relatively Low,75.76335877862596,Relatively Low,28.68956743002545,Very Low,6.424936386768448,Very Low
17039,Illinois,IL,De Witt,29.262086513994912,Very Low,19.27409261576971,Very Low,30.311704834605596,Very Low,,Not Applicable,48.1053307642903,Relatively Low,65.7442748091603,Relatively Low,45.61068702290076,Very Low,2.099236641221374,Very Low
17041,Illinois,IL,Douglas,62.11832061068703,Relatively Low,39.17396745932415,Very Low,60.05089058524173,Relatively Low,,Not Applicable,53.53243416827232,Relatively Low,76.43129770992367,Relatively Low,26.55852417302799,Very Low,4.198473282442748,Very Low
17043,Illinois,IL,DuPage,97.64631043256998,Relatively High,25.073007926574885,Very Low,97.99618320610686,Relatively High,,Not Applicable,93.32048811817599,Relatively Moderate,93.22519083969466,Relatively Moderate,32.98346055979644,Very Low,33.74681933842239,Very Low
17045,Illinois,IL,Edgar,34.9236641221374,Very Low,42.59491030454735,Very Low,30.025445292620866,Very Low,,Not Applicable,59.4412331406551,Relatively Low,82.63358778625954,Relatively Low,46.151399491094146,Very Low,10.01908396946565,Very Low
17047,Illinois,IL,Edwards,26.14503816793893,Very Low,22.9453483521068,Very Low,21.501272264631044,Very Low,,Not Applicable,48.97238278741169,Relatively Low,83.68320610687023,Relatively Low,46.533078880407125,Very Low,0.763358778625954,Very Low
17049,Illinois,IL,Effingham,53.7531806615776,Relatively Low,40.25865665415102,Very Low,49.17302798982188,Relatively Low,,Not Applicable,66.85934489402698,Relatively Low,88.54961832061069,Relatively Low,70.67430025445293,Relatively Low,10.877862595419847,Very Low
17051,Illinois,IL,Fayette,48.75954198473282,Relatively Low,42.34459741343346,Very Low,49.52290076335878,Relatively Low,,Not Applicable,70.90558766859345,Relatively Low,86.06870229007633,Relatively Low,73.05979643765903,Relatively Low,15.807888040712466,Very Low
17053,Illinois,IL,Ford,26.208651399491096,Very Low,15.185648727576137,Very Low,35.591603053435115,Relatively Low,,Not Applicable,31.34232498394348,Very Low,59.605597964376585,Relatively Low,16.316793893129773,Very Low,1.78117048346056,Very Low
17055,Illinois,IL,Franklin,80.94783715012723,Relatively Low,45.59866499791406,Very Low,65.68066157760815,Relatively Low,,Not Applicable,87.37957610789981,Relatively Moderate,95.41984732824427,Relatively Moderate,50.349872773536894,Very Low,5.756997455470738,Very Low
17057,Illinois,IL,Fulton,59.00127226463104,Relatively Low,23.779724655819777,Very Low,57.63358778625955,Relatively Low,,Not Applicable,76.71804752729608,Relatively Low,78.81679389312977,Relatively Low,80.88422391857506,Relatively Low,4.930025445292621,Very Low
17059,Illinois,IL,Gallatin,33.87404580152672,Very Low,35.71130579891531,Very Low,36.036895674300254,Relatively Low,,Not Applicable,71.6441875401413,Relatively Low,84.51017811704835,Relatively Low,14.28117048346056,Very Low,1.208651399491094,Very Low
17061,Illinois,IL,Greene,12.977099236641221,Very Low,18.314559866499792,Very Low,13.19974554707379,Very Low,,Not Applicable,61.849710982658955,Relatively Low,55.8206106870229,Very Low,75.50890585241731,Relatively Low,0.254452926208651,Very Low
17063,Illinois,IL,Grundy,66.50763358778626,Relatively Low,9.386733416770964,Very Low,66.47582697201018,Relatively Low,,Not Applicable,45.857418111753375,Relatively Low,56.329516539440206,Very Low,33.93765903307888,Very Low,15.680661577608143,Very Low
17065,Illinois,IL,Hamilton,30.820610687022903,Very Low,27.8264497288277,Very Low,12.53180661577608,Very Low,,Not Applicable,44.05908798972383,Relatively Low,90.7442748091603,Relatively Moderate,48.98218829516539,Very Low,1.145038167938931,Very Low
17067,Illinois,IL,Hancock,31.075063613231553,Very Low,24.780976220275345,Very Low,24.173027989821882,Very Low,,Not Applicable,80.44315992292871,Relatively Moderate,40.55343511450381,Very Low,71.62849872773536,Relatively Low,1.431297709923664,Very Low
17069,Illinois,IL,Hardin,8.301526717557252,Very Low,25.23988318731748,Very Low,15.458015267175574,Very Low,,Not Applicable,34.48940269749518,Very Low,68.95674300254453,Relatively Low,32.029262086513995,Very Low,5.343511450381679,Very Low
17071,Illinois,IL,Henderson,17.525445292620866,Very Low,13.558614935335836,Very Low,24.71374045801527,Very Low,,Not Applicable,52.15157353885678,Relatively Low,27.576335877862597,Very Low,56.61577608142494,Very Low,1.653944020356234,Very Low
17073,Illinois,IL,Henry,57.09287531806616,Relatively Low,19.31581143095536,Very Low,51.526717557251914,Relatively Low,,Not Applicable,70.23121387283237,Relatively Low,58.11068702290076,Very Low,64.40839694656488,Relatively Low,7.124681933842239,Very Low
17075,Illinois,IL,Iroquois,73.95038167938931,Relatively Low,30.579891531080516,Very Low,79.58015267175573,Relatively Moderate,,Not Applicable,43.99486191393706,Relatively Low,71.0559796437659,Relatively Low,38.45419847328244,Very Low,3.530534351145039,Very Low
17077,Illinois,IL,Jackson,87.11832061068702,Relatively Moderate,43.34584897788903,Very Low,76.52671755725191,Relatively Moderate,,Not Applicable,90.68721901091843,Relatively Moderate,96.72391857506362,Relatively Moderate,94.75190839694656,Relatively Moderate,11.450381679389313,Very Low
17079,Illinois,IL,Jasper,20.419847328244277,Very Low,32.41551939924906,Very Low,28.37150127226463,Very Low,,Not Applicable,37.21901091843288,Very Low,75.60432569974554,Relatively Low,54.86641221374045,Very Low,2.353689567430025,Very Low
17081,Illinois,IL,Jefferson,77.2264631043257,Relatively Low,39.13224864413851,Very Low,58.96946564885496,Relatively Low,,Not Applicable,81.27809890815672,Relatively Moderate,95.83333333333334,Relatively Moderate,70.10178117048346,Relatively Low,9.701017811704835,Very Low
17083,Illinois,IL,Jersey,18.861323155216287,Very Low,8.802670004171882,Very Low,18.03435114503817,Very Low,,Not Applicable,79.28709055876686,Relatively Moderate,64.28117048346056,Relatively Low,81.80661577608143,Relatively Low,0.477099236641221,Very Low
17085,Illinois,IL,Jo Daviess,51.30407124681934,Relatively Low,16.437213183145598,Very Low,58.524173027989825,Relatively Low,,Not Applicable,48.683365446371226,Relatively Low,28.053435114503817,Very Low,92.04834605597965,Relatively Moderate,21.469465648854964,Very Low
17087,Illinois,IL,Johnson,51.08142493638677,Relatively Low,38.08927826449729,Very Low,37.88167938931298,Relatively Low,,Not Applicable,68.85035324341683,Relatively Low,90.99872773536896,Relatively Moderate,44.02035623409669,Very Low,11.259541984732824,Very Low
17089,Illinois,IL,Kane,94.59287531806616,Relatively High,21.151439299123904,Very Low,95.48346055979644,Relatively High,,Not Applicable,90.01284521515736,Relatively Moderate,86.38676844783714,Relatively Low,51.11323155216285,Very Low,32.729007633587784,Very Low
17091,Illinois,IL,Kankakee,88.23155216284987,Relatively Moderate,27.242386316228618,Very Low,92.4618320610687,Relatively Moderate,,Not Applicable,77.68143866409763,Relatively Low,80.470737913486,Relatively Low,35.146310432569976,Very Low,20.260814249363868,Very Low
17093,Illinois,IL,Kendall,80.24809160305344,Relatively Low,9.929078014184398,Very Low,79.73918575063614,Relatively Moderate,,Not Applicable,61.881824020552344,Relatively Low,66.47582697201018,Relatively Low,36.16412213740458,Very Low,14.249363867684478,Very Low
17095,Illinois,IL,Knox,57.156488549618324,Relatively Low,22.069253233208176,Very Low,49.36386768447837,Relatively Low,,Not Applicable,80.28259473346179,Relatively Moderate,58.42875318066157,Very Low,70.83333333333334,Relatively Low,1.11323155216285,Very Low
17097,Illinois,IL,Lake,95.99236641221374,Relatively High,18.231122236128495,Very Low,97.2328244274809,Relatively High,29.799999999999997,Very Low,92.51766217084136,Relatively Moderate,85.68702290076335,Relatively Low,46.660305343511446,Very Low,44.94274809160305,Very Low
17099,Illinois,IL,LaSalle,86.10050890585241,Relatively Moderate,30.287859824780977,Very Low,88.19974554707379,Relatively Moderate,,Not Applicable,69.68529222864484,Relatively Low,82.41094147582697,Relatively Low,68.98854961832062,Relatively Low,21.278625954198475,Very Low
17101,Illinois,IL,Lawrence,49.23664122137404,Relatively Low,22.110972048393826,Very Low,58.206106870229014,Relatively Low,,Not Applicable,57.257546563904945,Relatively Low,85.46437659033079,Relatively Low,45.229007633587784,Very Low,0.540712468193384,Very Low
17103,Illinois,IL,Lee,54.38931297709924,Relatively Low,15.686274509803921,Very Low,62.531806615776084,Relatively Low,,Not Applicable,31.856133590237633,Very Low,49.586513994910945,Very Low,37.531806615776084,Very Low,9.446564885496183,Very Low
17105,Illinois,IL,Livingston,71.78753180661577,Relatively Low,25.740508969545267,Very Low,81.07506361323156,Relatively Moderate,,Not Applicable,49.10083493898523,Relatively Low,71.2468193384224,Relatively Low,34.478371501272264,Very Low,2.576335877862595,Very Low
17107,Illinois,IL,Logan,58.11068702290076,Relatively Low,24.864413850646642,Very Low,53.68956743002544,Relatively Low,,Not Applicable,74.95183044315993,Relatively Low,76.81297709923665,Relatively Low,33.26972010178117,Very Low,1.494910941475827,Very Low
17109,Illinois,IL,McDonough,37.531806615776084,Very Low,20.108468919482686,Very Low,21.087786259541986,Very Low,,Not Applicable,82.20937700706486,Relatively Moderate,59.573791348600516,Relatively Low,61.54580152671756,Very Low,0.858778625954199,Very Low
17111,Illinois,IL,McHenry,90.77608142493638,Relatively Moderate,10.304547350855236,Very Low,93.09796437659033,Relatively Moderate,,Not Applicable,75.49775208734746,Relatively Low,74.74554707379136,Relatively Low,57.156488549618324,Very Low,31.615776081424933,Very Low
17113,Illinois,IL,McLean,86.89567430025446,Relatively Moderate,32.45723821443471,Very Low,85.17811704834605,Relatively Moderate,,Not Applicable,85.22800256904303,Relatively Moderate,82.25190839694656,Relatively Low,49.204834605597966,Very Low,8.874045801526718,Very Low
17115,Illinois,IL,Macon,83.30152671755725,Relatively Moderate,37.08802670004172,Very Low,83.26972010178118,Relatively Moderate,,Not Applicable,90.26974951830444,Relatively Moderate,89.94910941475827,Relatively Low,52.25826972010178,Very Low,21.151399491094146,Very Low
17117,Illinois,IL,Macoupin,79.93002544529261,Relatively Low,24.447225698790152,Very Low,68.70229007633588,Relatively Low,,Not Applicable,91.45793192035967,Relatively Moderate,94.11577608142494,Relatively Moderate,79.00763358778626,Relatively Low,9.287531806615776,Very Low
17119,Illinois,IL,Madison,93.41603053435115,Relatively Moderate,32.66583229036296,Very Low,92.27099236641222,Relatively Moderate,,Not Applicable,98.00899165061014,Relatively High,97.07379134860051,Relatively Moderate,85.55979643765903,Relatively Low,14.75826972010178,Very Low
17121,Illinois,IL,Marion,77.13104325699746,Relatively Low,40.59240717563621,Very Low,68.12977099236642,Relatively Low,,Not Applicable,83.26910725754657,Relatively Moderate,95.0381679389313,Relatively Moderate,67.01653944020356,Relatively Low,15.458015267175574,Very Low
17123,Illinois,IL,Marshall,27.2264631043257,Very Low,13.975803087192324,Very Low,35.11450381679389,Relatively Low,,Not Applicable,34.77842003853564,Very Low,54.51653944020356,Very Low,64.53562340966921,Relatively Low,4.389312977099237,Very Low
17125,Illinois,IL,Mason,43.034351145038165,Relatively Low,23.19566124322069,Very Low,47.20101781170484,Relatively Low,,Not Applicable,57.38599871547848,Relatively Low,63.77226463104325,Relatively Low,36.92748091603054,Very Low,1.622137404580153,Very Low
17127,Illinois,IL,Massac,61.60941475826972,Relatively Low,31.622861910721735,Very Low,43.034351145038165,Relatively Low,,Not Applicable,72.80025690430315,Relatively Low,93.57506361323156,Relatively Moderate,42.30279898218829,Very Low,7.633587786259542,Very Low
17129,Illinois,IL,Menard,28.68956743002545,Very Low,16.520650813516895,Very Low,29.357506361323153,Very Low,,Not Applicable,60.05138086062941,Relatively Low,68.03435114503816,Relatively Low,65.77608142493638,Relatively Low,3.594147582697201,Very Low
17131,Illinois,IL,Mercer,8.778625954198473,Very Low,11.305798915310806,Very Low,9.16030534351145,Very Low,,Not Applicable,48.49068721901092,Relatively Low,24.681933842239186,Very Low,68.09796437659033,Relatively Low,1.081424936386768,Very Low
17133,Illinois,IL,Monroe,41.85750636132315,Very Low,17.02127659574468,Very Low,32.283715012722645,Very Low,,Not Applicable,87.57225433526011,Relatively Moderate,84.54198473282443,Relatively Low,81.64758269720102,Relatively Low,1.908396946564886,Very Low
17135,Illinois,IL,Montgomery,65.39440203562341,Relatively Low,42.136003337505215,Very Low,58.7468193384224,Relatively Low,,Not Applicable,79.4155427103404,Relatively Moderate,90.39440203562341,Relatively Moderate,70.48346055979644,Relatively Low,13.64503816793893,Very Low
17137,Illinois,IL,Morgan,71.11959287531806,Relatively Low,21.94409678765123,Very Low,61.22773536895675,Relatively Low,,Not Applicable,83.36544637122671,Relatively Moderate,81.67938931297711,Relatively Low,64.15394402035624,Relatively Low,1.844783715012722,Very Low
17139,Illinois,IL,Moultrie,45.038167938931295,Relatively Low,33.66708385481852,Very Low,49.07760814249364,Relatively Low,,Not Applicable,55.84457289659602,Relatively Low,75.15903307888041,Relatively Low,40.99872773536896,Very Low,4.325699745547073,Very Low
17141,Illinois,IL,Ogle,71.08778625954199,Relatively Low,13.642052565707132,Very Low,77.03562340966921,Relatively Moderate,,Not Applicable,41.74694926140013,Relatively Low,63.80407124681934,Relatively Low,51.335877862595424,Very Low,11.41857506361323,Very Low
17143,Illinois,IL,Peoria,90.68066157760815,Relatively Moderate,30.705047976637463,Very Low,88.74045801526718,Relatively Moderate,,Not Applicable,92.8709055876686,Relatively Moderate,79.93002544529261,Relatively Low,94.81552162849873,Relatively Moderate,9.79643765903308,Very Low
17145,Illinois,IL,Perry,72.07379134860051,Relatively Low,40.50896954526492,Very Low,49.80916030534351,Relatively Low,,Not Applicable,78.90173410404624,Relatively Moderate,94.3384223918575,Relatively Moderate,65.5852417302799,Relatively Low,3.848600508905852,Very Low
17147,Illinois,IL,Piatt,34.95547073791349,Very Low,22.02753441802253,Very Low,43.670483460559794,Relatively Low,,Not Applicable,42.48554913294797,Relatively Low,66.38040712468194,Relatively Low,33.14249363867685,Very Low,3.975826972010178,Very Low
17149,Illinois,IL,Pike,30.343511450381676,Very Low,24.90613266583229,Very Low,33.651399491094146,Very Low,,Not Applicable,77.19974309569685,Relatively Low,47.70992366412214,Very Low,82.029262086514,Relatively Low,0.954198473282443,Very Low
17151,Illinois,IL,Pope,14.885496183206106,Very Low,25.865665415102214,Very Low,17.239185750636132,Very Low,,Not Applicable,34.0398201669878,Very Low,82.12468193384224,Relatively Low,32.95165394402035,Very Low,8.174300254452927,Very Low
17153,Illinois,IL,Pulaski,49.04580152671756,Relatively Low,28.57738840216938,Very Low,15.139949109414758,Very Low,,Not Applicable,50.57803468208093,Relatively Low,91.18956743002545,Relatively Moderate,36.1323155216285,Very Low,0.699745547073791,Very Low
17155,Illinois,IL,Putnam,9.16030534351145,Very Low,8.51063829787234,Very Low,19.59287531806616,Very Low,,Not Applicable,19.396274887604367,Very Low,39.88549618320611,Very Low,47.4236641221374,Very Low,4.357506361323155,Very Low
17157,Illinois,IL,Randolph,78.62595419847328,Relatively Low,44.388819357530245,Very Low,57.82442748091603,Relatively Low,,Not Applicable,89.24213230571611,Relatively Moderate,95.51526717557252,Relatively Moderate,85.14631043256998,Relatively Low,6.23409669211196,Very Low
17159,Illinois,IL,Richland,46.660305343511446,Relatively Low,38.67334167709637,Very Low,41.25318066157761,Relatively Low,,Not Applicable,64.12973667308928,Relatively Low,89.56743002544529,Relatively Low,53.594147582697204,Very Low,2.735368956743003,Very Low
17161,Illinois,IL,Rock Island,84.12849872773536,Relatively Moderate,13.76720901126408,Very Low,79.45292620865139,Relatively Moderate,,Not Applicable,93.35260115606935,Relatively Moderate,62.30916030534351,Relatively Low,83.96946564885496,Relatively Low,8.71501272264631,Very Low
17163,Illinois,IL,St. Clair,94.91094147582697,Relatively High,34.87692949520233,Very Low,94.49745547073792,Relatively High,,Not Applicable,98.13744380218368,Relatively High,98.02798982188295,Relatively Moderate,84.28753180661577,Relatively Low,15.076335877862595,Very Low
17165,Illinois,IL,Saline,70.13358778625954,Relatively Low,43.51272423863162,Very Low,57.410941475826974,Relatively Low,,Not Applicable,78.45215157353886,Relatively Low,94.05216284987277,Relatively Moderate,72.42366412213741,Relatively Low,8.555979643765903,Very Low
17167,Illinois,IL,Sangamon,91.69847328244275,Relatively Moderate,41.42678347934919,Very Low,91.15776081424937,Relatively Moderate,,Not Applicable,96.2106615285806,Relatively Moderate,94.56106870229007,Relatively Moderate,63.13613231552163,Relatively Low,18.797709923664122,Very Low
17169,Illinois,IL,Schuyler,11.354961832061068,Very Low,15.519399249061328,Very Low,8.174300254452927,Very Low,,Not Applicable,55.10597302504817,Relatively Low,35.52798982188295,Very Low,79.38931297709924,Relatively Low,0.349872773536896,Very Low
17171,Illinois,IL,Scott,2.767175572519084,Very Low,9.219858156028367,Very Low,5.120865139949109,Very Low,,Not Applicable,35.131663455362876,Very Low,28.816793893129773,Very Low,57.88804071246819,Very Low,0.095419847328244,Very Low
17173,Illinois,IL,Shelby,51.74936386768449,Relatively Low,40.67584480600751,Very Low,48.346055979643765,Relatively Low,,Not Applicable,56.32626846499679,Relatively Low,78.65776081424937,Relatively Low,63.48600508905853,Relatively Low,12.563613231552162,Very Low
17175,Illinois,IL,Stark,7.251908396946565,Very Low,10.47142261159783,Very Low,11.164122137404581,Very Low,,Not Applicable,22.60757867694284,Very Low,30.407124681933844,Very Low,28.27608142493639,Very Low,0.826972010178117,Very Low
17177,Illinois,IL,Stephenson,73.91857506361323,Relatively Low,15.060492282019192,Very Low,77.92620865139949,Relatively Moderate,,Not Applicable,63.712267180475266,Relatively Low,57.665394402035616,Very Low,52.29007633587786,Very Low,26.97201017811705,Very Low
17179,Illinois,IL,Tazewell,84.19211195928753,Relatively Moderate,28.11848143512724,Very Low,84.35114503816794,Relatively Moderate,,Not Applicable,86.06294155427103,Relatively Moderate,79.70737913486005,Relatively Low,75.3498727735369,Relatively Low,7.951653944020356,Very Low
17181,Illinois,IL,Union,55.37531806615776,Relatively Low,36.1284939507718,Very Low,38.93129770992366,Relatively Low,,Not Applicable,84.13615928066795,Relatively Moderate,90.13994910941476,Relatively Moderate,54.007633587786266,Very Low,9.223918575063614,Very Low
17183,Illinois,IL,Vermilion,78.81679389312977,Relatively Low,46.22444722569879,Very Low,76.46310432569975,Relatively Moderate,,Not Applicable,79.09441233140655,Relatively Moderate,85.24173027989822,Relatively Low,62.59541984732825,Relatively Low,22.678117048346056,Very Low
17185,Illinois,IL,Wabash,24.84096692111959,Very Low,15.936587400917816,Very Low,25.826972010178118,Very Low,,Not Applicable,54.495825305073865,Relatively Low,86.03689567430025,Relatively Low,42.62086513994911,Very Low,0.44529262086514,Very Low
17187,Illinois,IL,Warren,15.489821882951654,Very Low,17.480183562786817,Very Low,11.036895674300254,Very Low,,Not Applicable,65.76750160565189,Relatively Low,34.4147582697201,Very Low,49.80916030534351,Very Low,0.190839694656489,Very Low
17189,Illinois,IL,Washington,55.152671755725194,Relatively Low,38.75677930746767,Very Low,38.99491094147582,Relatively Low,,Not Applicable,90.17341040462428,Relatively Moderate,90.52162849872774,Relatively Moderate,61.100508905852415,Very Low,3.880407124681934,Very Low
17191,Illinois,IL,Wayne,40.74427480916031,Very Low,36.46224447225699,Very Low,35.43256997455471,Relatively Low,,Not Applicable,86.41618497109826,Relatively Moderate,86.35496183206108,Relatively Low,55.534351145038165,Very Low,1.463104325699746,Very Low
17193,Illinois,IL,White,54.26208651399491,Relatively Low,35.62786816854401,Very Low,44.274809160305345,Relatively Low,,Not Applicable,65.73538856775852,Relatively Low,91.88931297709924,Relatively Moderate,64.63104325699746,Relatively Low,2.2264631043257,Very Low
17195,Illinois,IL,Whiteside,65.80788804071247,Relatively Low,18.35627868168544,Very Low,70.06997455470739,Relatively Low,,Not Applicable,50.19267822736031,Relatively Low,62.65903307888041,Relatively Low,58.81043256997456,Very Low,14.122137404580155,Very Low
17197,Illinois,IL,Will,97.264631043257,Relatively High,26.24113475177305,Very Low,97.86895674300254,Relatively High,,Not Applicable,95.50417469492614,Relatively Moderate,90.29898218829516,Relatively Moderate,59.38295165394402,Very Low,56.234096692111954,Very Low
17199,Illinois,IL,Williamson,85.7824427480916,Relatively Moderate,44.51397580308719,Very Low,69.94274809160305,Relatively Low,,Not Applicable,90.71933204881182,Relatively Moderate,96.34223918575063,Relatively Moderate,79.29389312977099,Relatively Low,14.185750636132315,Very Low
17201,Illinois,IL,Winnebago,92.36641221374046,Relatively Moderate,20.02503128911139,Very Low,94.37022900763358,Relatively High,,Not Applicable,85.26011560693641,Relatively Moderate,79.99363867684478,Relatively Low,50.699745547073796,Very Low,32.66539440203562,Very Low
17203,Illinois,IL,Woodford,39.91730279898219,Very Low,16.10346266166041,Very Low,51.463104325699746,Relatively Low,,Not Applicable,49.421965317919074,Relatively Low,54.42111959287532,Very Low,66.88931297709924,Relatively Low,3.339694656488549,Very Low
18001,Indiana,IN,Adams,52.13104325699746,Relatively Low,39.84146850229454,Very Low,61.32315521628499,Relatively Low,,Not Applicable,65.44637122671804,Relatively Low,62.88167938931297,Relatively Low,32.1882951653944,Very Low,10.400763358778626,Very Low
18003,Indiana,IN,Allen,90.83969465648855,Relatively Moderate,43.80475594493116,Very Low,93.54325699745547,Relatively High,,Not Applicable,72.4791265253693,Relatively Low,84.89185750636132,Relatively Low,54.039440203562336,Very Low,39.12213740458015,Very Low
18005,Indiana,IN,Bartholomew,70.86513994910942,Relatively Low,21.443471005423444,Very Low,77.98982188295165,Relatively Moderate,,Not Applicable,60.78998073217726,Relatively Low,83.30152671755725,Relatively Low,73.15521628498728,Relatively Low,26.11323155216285,Very Low
18007,Indiana,IN,Benton,4.866412213740458,Very Low,23.487692949520234,Very Low,8.492366412213741,Very Low,,Not Applicable,22.254335260115607,Very Low,41.50763358778626,Very Low,15.203562340966922,Very Low,1.176844783715013,Very Low
18009,Indiana,IN,Blackford,9.001272264631044,Very Low,21.360033375052147,Very Low,18.670483460559797,Very Low,,Not Applicable,36.3519588953115,Very Low,44.6882951653944,Very Low,21.310432569974555,Very Low,2.544529262086514,Very Low
18011,Indiana,IN,Boone,43.225190839694655,Relatively Low,14.14267834793492,Very Low,56.8384223918575,Relatively Low,,Not Applicable,55.940912010276165,Relatively Low,67.970737913486,Relatively Low,31.90203562340967,Very Low,6.997455470737914,Very Low
18013,Indiana,IN,Brown,19.6882951653944,Very Low,7.092198581560284,Very Low,37.97709923664122,Relatively Low,,Not Applicable,33.04431599229287,Very Low,42.461832061068705,Very Low,57.601781170483456,Very Low,8.269720101781171,Very Low
18015,Indiana,IN,Carroll,29.64376590330789,Very Low,29.954109303295784,Very Low,47.23282442748092,Relatively Low,,Not Applicable,36.31984585741811,Very Low,47.13740458015267,Very Low,48.18702290076336,Very Low,7.15648854961832,Very Low
18017,Indiana,IN,Cass,56.77480916030534,Relatively Low,33.75052148518982,Very Low,64.09033078880407,Relatively Low,,Not Applicable,63.32691072575466,Relatively Low,62.40458015267175,Relatively Low,49.68193384223918,Very Low,11.068702290076336,Very Low
18019,Indiana,IN,Clark,81.36132315521628,Relatively Moderate,14.643304130162704,Very Low,81.1704834605598,Relatively Moderate,,Not Applicable,59.53757225433526,Relatively Low,84.2557251908397,Relatively Low,83.20610687022901,Relatively Low,20.674300254452927,Very Low
18021,Indiana,IN,Clay,27.035623409669213,Very Low,18.39799749687109,Very Low,34.19211195928753,Very Low,,Not Applicable,49.454078355812456,Relatively Low,72.96437659033079,Relatively Low,61.29134860050891,Very Low,6.838422391857506,Very Low
18023,Indiana,IN,Clinton,30.53435114503817,Very Low,25.365039632874424,Very Low,34.86005089058524,Very Low,,Not Applicable,48.90815671162492,Relatively Low,59.66921119592875,Relatively Low,30.05725190839695,Very Low,5.502544529262086,Very Low
18025,Indiana,IN,Crawford,25.795165394402037,Very Low,12.76595744680851,Very Low,40.87150127226463,Relatively Low,,Not Applicable,43.802183686576754,Relatively Low,53.40330788804071,Very Low,53.912213740458014,Very Low,8.460559796437659,Very Low
18027,Indiana,IN,Daviess,58.81043256997456,Relatively Low,30.329578639966627,Very Low,62.213740458015266,Relatively Low,,Not Applicable,66.28131021194605,Relatively Low,88.61323155216286,Relatively Low,70.3880407124682,Relatively Low,22.391857506361323,Very Low
18029,Indiana,IN,Dearborn,45.229007633587784,Relatively Low,8.260325406758447,Very Low,52.57633587786259,Relatively Low,,Not Applicable,35.80603725112395,Very Low,52.35368956743003,Very Low,89.28117048346056,Relatively Moderate,12.27735368956743,Very Low
18031,Indiana,IN,Decatur,23.123409669211195,Very Low,18.89862327909887,Very Low,36.51399491094148,Relatively Low,,Not Applicable,20.841361592806678,Very Low,59.19211195928753,Very Low,55.470737913486005,Very Low,6.806615776081425,Very Low
18033,Indiana,IN,DeKalb,41.31679389312977,Very Low,21.568627450980394,Very Low,51.781170483460556,Relatively Low,,Not Applicable,25.176621708413617,Very Low,56.80661577608143,Very Low,42.843511450381676,Very Low,11.991094147582697,Very Low
18035,Indiana,IN,Delaware,76.33587786259542,Relatively Low,31.78973717146433,Very Low,82.47455470737913,Relatively Moderate,,Not Applicable,35.45279383429673,Very Low,82.72900763358778,Relatively Low,33.460559796437664,Very Low,21.81933842239186,Very Low
18037,Indiana,IN,Dubois,59.12849872773537,Relatively Low,31.581143095536085,Very Low,66.06234096692111,Relatively Low,,Not Applicable,63.51958895311497,Relatively Low,87.46819338422391,Relatively Low,45.67430025445292,Very Low,16.762086513994912,Very Low
18039,Indiana,IN,Elkhart,83.7468193384224,Relatively Moderate,47.100542344597415,Very Low,84.0966921119593,Relatively Moderate,,Not Applicable,72.86448298008992,Relatively Low,77.2264631043257,Relatively Low,45.70610687022901,Very Low,32.88804071246819,Very Low
18041,Indiana,IN,Fayette,33.49236641221374,Very Low,13.934084272006675,Very Low,48.72773536895674,Relatively Low,,Not Applicable,26.589595375722542,Very Low,49.23664122137404,Very Low,65.20356234096693,Relatively Low,4.580152671755725,Very Low
18043,Indiana,IN,Floyd,75.38167938931298,Relatively Low,9.803921568627452,Very Low,74.17302798982189,Relatively Moderate,,Not Applicable,61.23956326268465,Relatively Low,77.67175572519083,Relatively Low,28.816793893129773,Very Low,19.27480916030534,Very Low
18045,Indiana,IN,Fountain,21.246819338422394,Very Low,29.078014184397162,Very Low,21.055979643765905,Very Low,,Not Applicable,37.73281952472704,Very Low,54.67557251908397,Very Low,56.74300254452926,Very Low,6.488549618320611,Very Low
18047,Indiana,IN,Franklin,34.223918575063614,Very Low,10.638297872340425,Very Low,52.703562340966926,Relatively Low,,Not Applicable,23.92421323057161,Very Low,40.012722646310436,Very Low,87.30916030534351,Relatively Moderate,14.853689567430026,Very Low
18049,Indiana,IN,Fulton,20.197201017811707,Very Low,32.49895702962036,Very Low,20.515267175572518,Very Low,,Not Applicable,37.63648041104688,Very Low,43.70229007633588,Very Low,37.43638676844784,Very Low,5.375318066157761,Very Low
18051,Indiana,IN,Gibson,47.99618320610687,Relatively Low,27.993324989570294,Very Low,36.92748091603054,Relatively Low,,Not Applicable,68.81824020552344,Relatively Low,88.45419847328245,Relatively Low,74.52290076335878,Relatively Low,6.170483460559796,Very Low
18053,Indiana,IN,Grant,69.40203562340967,Relatively Low,32.248644138506464,Very Low,73.40966921119593,Relatively Moderate,,Not Applicable,76.58959537572254,Relatively Low,78.2442748091603,Relatively Low,41.25318066157761,Very Low,15.648854961832063,Very Low
18055,Indiana,IN,Greene,42.49363867684479,Very Low,25.698790154359617,Very Low,52.035623409669206,Relatively Low,,Not Applicable,59.6660244059088,Relatively Low,75.3498727735369,Relatively Low,88.45419847328245,Relatively Moderate,8.396946564885496,Very Low
18057,Indiana,IN,Hamilton,88.80407124681933,Relatively Moderate,25.615352523988317,Very Low,91.06234096692111,Relatively Moderate,,Not Applicable,85.96660244059088,Relatively Moderate,84.92366412213741,Relatively Low,47.55089058524173,Very Low,20.29262086513995,Very Low
18059,Indiana,IN,Hancock,44.02035623409669,Relatively Low,14.559866499791404,Very Low,57.06106870229007,Relatively Low,,Not Applicable,45.664739884393065,Relatively Low,69.81552162849873,Relatively Low,27.16284987277354,Very Low,4.866412213740458,Very Low
18061,Indiana,IN,Harrison,51.04961832061069,Relatively Low,13.892365456821027,Very Low,56.71119592875318,Relatively Low,,Not Applicable,50.99550417469493,Relatively Low,69.05216284987277,Relatively Low,39.98091603053435,Very Low,18.12977099236641,Very Low
18063,Indiana,IN,Hendricks,76.81297709923665,Relatively Low,12.348769294952024,Very Low,81.01145038167938,Relatively Moderate,,Not Applicable,75.85099550417469,Relatively Low,82.09287531806616,Relatively Low,44.81552162849873,Very Low,10.655216284987278,Very Low
18065,Indiana,IN,Henry,44.81552162849873,Relatively Low,20.56737588652482,Very Low,54.834605597964384,Relatively Low,,Not Applicable,26.62170841361593,Very Low,67.39821882951654,Relatively Low,48.02798982188295,Very Low,9.064885496183205,Very Low
18067,Indiana,IN,Howard,63.67684478371501,Relatively Low,32.74926992073425,Very Low,64.50381679389314,Relatively Low,,Not Applicable,69.1072575465639,Relatively Low,77.06743002544529,Relatively Low,35.273536895674305,Very Low,14.599236641221374,Very Low
18069,Indiana,IN,Huntington,38.23155216284987,Very Low,29.703796412181894,Very Low,48.31424936386768,Relatively Low,,Not Applicable,55.266538214515094,Relatively Low,50.699745547073796,Very Low,45.99236641221374,Very Low,9.60559796437659,Very Low
18071,Indiana,IN,Jackson,52.926208651399484,Relatively Low,23.32081768877764,Very Low,57.601781170483456,Relatively Low,,Not Applicable,47.33461785484907,Relatively Low,74.71374045801527,Relatively Low,23.695928753180663,Very Low,8.333333333333332,Very Low
18073,Indiana,IN,Jasper,32.82442748091603,Very Low,26.324572382144346,Very Low,44.87913486005089,Relatively Low,,Not Applicable,41.3937058445729,Relatively Low,51.653944020356235,Very Low,41.79389312977099,Very Low,18.670483460559797,Very Low
18075,Indiana,IN,Jay,22.868956743002546,Very Low,38.506466416353774,Very Low,36.800254452926204,Relatively Low,,Not Applicable,16.602440590879898,Very Low,56.965648854961835,Very Low,23.505089058524174,Very Low,5.184478371501272,Very Low
18077,Indiana,IN,Jefferson,48.282442748091604,Relatively Low,20.40050062578223,Very Low,55.94783715012722,Relatively Low,,Not Applicable,32.85163776493256,Very Low,61.48218829516539,Relatively Low,85.2735368956743,Relatively Low,9.414758269720101,Very Low
18079,Indiana,IN,Jennings,31.90203562340967,Very Low,23.445974134334584,Very Low,44.37022900763359,Relatively Low,,Not Applicable,29.126525369299937,Very Low,63.45419847328244,Relatively Low,77.95801526717557,Relatively Low,14.217557251908397,Very Low
18081,Indiana,IN,Johnson,74.6501272264631,Relatively Low,11.264080100125156,Very Low,78.91221374045801,Relatively Moderate,,Not Applicable,65.63904945407836,Relatively Low,81.55216284987277,Relatively Low,63.07251908396947,Relatively Low,19.6882951653944,Very Low
18083,Indiana,IN,Knox,55.3117048346056,Relatively Low,26.449728827701293,Very Low,53.43511450381679,Relatively Low,,Not Applicable,62.45985870263326,Relatively Low,90.48982188295165,Relatively Moderate,66.82569974554707,Relatively Low,8.206106870229007,Very Low
18085,Indiana,IN,Kosciusko,66.31679389312977,Relatively Low,41.59365874009178,Very Low,63.67684478371501,Relatively Low,,Not Applicable,57.48233782915864,Relatively Low,67.6526717557252,Relatively Low,52.767175572519086,Very Low,24.427480916030532,Very Low
18087,Indiana,IN,LaGrange,62.40458015267175,Relatively Low,48.602419691280765,Very Low,65.61704834605598,Relatively Low,,Not Applicable,38.0218368657675,Very Low,60.87786259541985,Relatively Low,50.57251908396947,Very Low,29.930025445292618,Very Low
18089,Indiana,IN,Lake,95.92875318066157,Relatively High,18.64831038798498,Very Low,96.15139949109415,Relatively High,41.199999999999996,Very Low,92.80667951188182,Relatively Moderate,89.12213740458014,Relatively Low,54.70737913486005,Very Low,66.06234096692111,Relatively Low
18091,Indiana,IN,LaPorte,78.88040712468194,Relatively Low,26.95035460992908,Very Low,74.61832061068702,Relatively Moderate,28.999999999999996,Very Low,67.59794476557482,Relatively Low,70.0381679389313,Relatively Low,56.329516539440206,Very Low,35.24173027989822,Very Low
18093,Indiana,IN,Lawrence,47.773536895674305,Relatively Low,15.561118064246976,Very Low,55.85241730279898,Relatively Low,,Not Applicable,62.267180475272966,Relatively Low,75.66793893129771,Relatively Low,39.79007633587786,Very Low,15.585241730279897,Very Low
18095,Indiana,IN,Madison,77.25826972010178,Relatively Low,25.65707133917397,Very Low,82.60178117048346,Relatively Moderate,,Not Applicable,74.08477842003853,Relatively Low,81.8384223918575,Relatively Low,40.394402035623415,Very Low,19.1793893129771,Very Low
18097,Indiana,IN,Marion,97.48727735368958,Relatively High,34.08427200667501,Very Low,98.2824427480916,Relatively High,,Not Applicable,98.65125240847784,Relatively High,96.37404580152672,Relatively Moderate,65.9033078880407,Relatively Low,22.296437659033078,Very Low
18099,Indiana,IN,Marshall,41.603053435114504,Very Low,31.66458072590738,Very Low,44.910941475826974,Relatively Low,,Not Applicable,44.02697495183045,Relatively Low,53.53053435114504,Very Low,38.0089058524173,Very Low,6.71119592875318,Very Low
18101,Indiana,IN,Martin,12.30916030534351,Very Low,13.308302044221945,Very Low,28.27608142493639,Very Low,,Not Applicable,35.67758509955042,Very Low,54.99363867684478,Very Low,45.80152671755725,Very Low,2.608142493638677,Very Low
18103,Indiana,IN,Miami,52.79898218829516,Relatively Low,33.33333333333333,Very Low,65.13994910941476,Relatively Low,,Not Applicable,51.50931278098908,Relatively Low,54.93002544529262,Very Low,51.62213740458015,Very Low,9.096692111959287,Very Low
18105,Indiana,IN,Monroe,75.98600508905852,Relatively Low,23.821443471005423,Very Low,80.82061068702289,Relatively Moderate,,Not Applicable,84.61785484906872,Relatively Moderate,87.62722646310432,Relatively Low,53.81679389312977,Very Low,31.170483460559794,Very Low
18107,Indiana,IN,Montgomery,40.99872773536896,Very Low,31.1639549436796,Very Low,42.779898218829516,Relatively Low,,Not Applicable,53.69299935773925,Relatively Low,70.51526717557252,Relatively Low,57.283715012722645,Very Low,11.354961832061068,Very Low
18109,Indiana,IN,Morgan,63.48600508905853,Relatively Low,9.887359198998748,Very Low,70.86513994910942,Relatively Low,,Not Applicable,63.26268464996788,Relatively Low,72.01017811704835,Relatively Low,84.764631043257,Relatively Low,23.091603053435115,Very Low
18111,Indiana,IN,Newton,11.673027989821882,Very Low,16.3537755527743,Very Low,19.338422391857506,Very Low,,Not Applicable,27.552986512524086,Very Low,44.783715012722645,Very Low,28.75318066157761,Very Low,10.2735368956743,Very Low
18113,Indiana,IN,Noble,44.24300254452926,Relatively Low,30.371297455152273,Very Low,48.409669211195926,Relatively Low,,Not Applicable,28.48426461143224,Very Low,54.54834605597965,Very Low,58.68320610687023,Very Low,16.603053435114504,Very Low
18115,Indiana,IN,Ohio,3.371501272264631,Very Low,7.050479766374634,Very Low,7.760814249363868,Very Low,,Not Applicable,11.849710982658959,Very Low,25.47709923664122,Very Low,82.91984732824427,Relatively Low,0.89058524173028,Very Low
18117,Indiana,IN,Orange,40.48982188295165,Very Low,22.90362953692115,Very Low,47.646310432569976,Relatively Low,,Not Applicable,50.80282594733462,Relatively Low,71.53307888040712,Relatively Low,46.342239185750635,Very Low,12.786259541984732,Very Low
18119,Indiana,IN,Owen,35.11450381679389,Very Low,12.307050479766374,Very Low,49.42748091603054,Relatively Low,,Not Applicable,49.77520873474631,Relatively Low,61.164122137404576,Relatively Low,89.31297709923665,Relatively Moderate,11.513994910941475,Very Low
18121,Indiana,IN,Parke,27.576335877862597,Very Low,26.408010012515643,Very Low,34.35114503816794,Very Low,,Not Applicable,45.21515735388568,Relatively Low,62.5,Relatively Low,79.03944020356234,Relatively Low,9.63740458015267,Very Low
18123,Indiana,IN,Perry,35.01908396946565,Very Low,17.146433041301627,Very Low,49.01399491094148,Relatively Low,,Not Applicable,47.49518304431599,Relatively Low,64.75826972010178,Relatively Low,55.6615776081425,Very Low,5.947837150127226,Very Low
18125,Indiana,IN,Pike,19.24300254452926,Very Low,24.363788068418856,Very Low,26.84478371501272,Very Low,,Not Applicable,49.06872190109184,Relatively Low,79.64376590330788,Relatively Low,24.491094147582697,Very Low,11.577608142493638,Very Low
18127,Indiana,IN,Porter,81.39312977099237,Relatively Moderate,13.224864413850646,Very Low,79.9618320610687,Relatively Moderate,27.400000000000002,Very Low,70.35966602440591,Relatively Low,69.37022900763358,Relatively Low,54.42111959287532,Very Low,60.527989821882954,Very Low
18129,Indiana,IN,Posey,46.31043256997455,Relatively Low,27.36754276178556,Very Low,51.17684478371501,Relatively Low,,Not Applicable,58.44572896596018,Relatively Low,88.10432569974554,Relatively Low,19.338422391857506,Very Low,3.625954198473282,Very Low
18131,Indiana,IN,Pulaski,11.195928753180661,Very Low,31.080517313308302,Very Low,18.352417302798983,Very Low,,Not Applicable,30.28259473346179,Very Low,42.87531806615776,Very Low,34.79643765903308,Very Low,1.940203562340967,Very Low
18133,Indiana,IN,Putnam,42.843511450381676,Relatively Low,19.482686691697957,Very Low,48.1234096692112,Relatively Low,,Not Applicable,52.408477842003855,Relatively Low,69.30661577608143,Relatively Low,78.56234096692111,Relatively Low,9.987277353689567,Very Low
18135,Indiana,IN,Randolph,31.456743002544528,Very Low,32.37380058406341,Very Low,46.978371501272264,Relatively Low,,Not Applicable,18.81824020552344,Very Low,60.49618320610687,Relatively Low,27.92620865139949,Very Low,7.092875318066158,Very Low
18137,Indiana,IN,Ripley,46.78753180661578,Relatively Low,29.370045890696705,Very Low,53.81679389312977,Relatively Low,,Not Applicable,33.269107257546565,Very Low,65.36259541984732,Relatively Low,74.74554707379136,Relatively Low,7.983460559796438,Very Low
18139,Indiana,IN,Rush,15.776081424936386,Very Low,19.941593658740093,Very Low,28.498727735368956,Very Low,,Not Applicable,15.863840719332048,Very Low,53.37150127226463,Very Low,37.18193384223918,Very Low,1.240458015267176,Very Low
18141,Indiana,IN,St. Joseph,85.81424936386769,Relatively Moderate,43.55444305381727,Very Low,85.40076335877863,Relatively Moderate,,Not Applicable,79.2228644829801,Relatively Moderate,78.30788804071247,Relatively Low,50.31806615776081,Very Low,22.169211195928753,Very Low
18143,Indiana,IN,Scott,22.264631043256998,Very Low,19.98331247392574,Very Low,23.918575063613233,Very Low,,Not Applicable,31.920359666024407,Very Low,64.12213740458014,Relatively Low,58.333333333333336,Very Low,6.138676844783715,Very Low
18145,Indiana,IN,Shelby,43.416030534351144,Relatively Low,13.016270337922403,Very Low,52.54452926208651,Relatively Low,,Not Applicable,40.39820166987797,Relatively Low,72.6145038167939,Relatively Low,42.270992366412216,Very Low,4.707379134860051,Very Low
18147,Indiana,IN,Spencer,39.408396946564885,Very Low,25.19816437213183,Very Low,45.45165394402035,Relatively Low,,Not Applicable,54.68850353243416,Relatively Low,83.46055979643766,Relatively Low,25.159033078880405,Very Low,29.357506361323153,Very Low
18149,Indiana,IN,Starke,24.93638676844784,Very Low,21.109720483938258,Very Low,27.480916030534353,Very Low,,Not Applicable,35.067437379576106,Very Low,41.412213740458014,Very Low,27.29007633587786,Very Low,13.136132315521628,Very Low
18151,Indiana,IN,Steuben,27.19465648854962,Very Low,28.493950771798083,Very Low,38.199745547073796,Relatively Low,,Not Applicable,26.97495183044316,Very Low,44.05216284987277,Very Low,56.8384223918575,Very Low,12.945292620865139,Very Low
18153,Indiana,IN,Sullivan,20.642493638676847,Very Low,24.155193992490613,Very Low,23.02798982188295,Very Low,,Not Applicable,47.20616570327553,Relatively Low,77.92620865139949,Relatively Low,56.234096692111954,Very Low,2.798982188295165,Very Low
18155,Indiana,IN,Switzerland,11.60941475826972,Very Low,10.930329578639967,Very Low,21.533078880407125,Very Low,,Not Applicable,19.877970456005137,Very Low,31.329516539440206,Very Low,88.04071246819338,Relatively Moderate,3.021628498727735,Very Low
18157,Indiana,IN,Tippecanoe,81.8384223918575,Relatively Moderate,43.637880684188566,Very Low,79.70737913486005,Relatively Moderate,,Not Applicable,85.87026332691072,Relatively Moderate,80.34351145038168,Relatively Low,67.87531806615776,Relatively Low,29.03944020356234,Very Low
18159,Indiana,IN,Tipton,8.874045801526718,Very Low,14.226115978306217,Very Low,18.861323155216287,Very Low,,Not Applicable,28.548490687219015,Very Low,45.29262086513995,Very Low,9.382951653944021,Very Low,1.399491094147583,Very Low
18161,Indiana,IN,Union,5.216284987277354,Very Low,9.8456403838131,Very Low,9.541984732824428,Very Low,,Not Applicable,11.560693641618498,Very Low,26.74936386768448,Very Low,46.62849872773537,Very Low,0.413486005089058,Very Low
18163,Indiana,IN,Vanderburgh,91.31679389312977,Relatively Moderate,42.84522319566124,Very Low,89.79007633587787,Relatively Moderate,,Not Applicable,93.38471419396275,Relatively Moderate,97.16921119592875,Relatively Moderate,22.868956743002546,Very Low,31.202290076335874,Very Low
18165,Indiana,IN,Vermillion,23.44147582697201,Very Low,29.32832707551106,Very Low,32.98346055979644,Very Low,,Not Applicable,38.40719332048812,Very Low,65.39440203562341,Relatively Low,59.764631043257,Very Low,7.347328244274809,Very Low
18167,Indiana,IN,Vigo,83.20610687022901,Relatively Moderate,42.38631622861911,Very Low,85.1145038167939,Relatively Moderate,,Not Applicable,83.20488118175979,Relatively Moderate,91.38040712468194,Relatively Moderate,70.51526717557252,Relatively Low,27.003816793893133,Very Low
18169,Indiana,IN,Wabash,40.966921119592875,Very Low,30.87192323738006,Very Low,47.32824427480916,Relatively Low,,Not Applicable,39.46692357096981,Relatively Low,53.276081424936386,Very Low,52.2264631043257,Very Low,9.669211195928753,Very Low
18171,Indiana,IN,Warren,5.756997455470738,Very Low,23.738005840634127,Very Low,12.27735368956743,Very Low,,Not Applicable,23.057161207450225,Very Low,36.800254452926204,Very Low,52.44910941475827,Very Low,2.480916030534351,Very Low
18173,Indiana,IN,Warrick,65.10814249363868,Relatively Low,22.569879015435962,Very Low,68.92493638676844,Relatively Low,,Not Applicable,75.78676942838793,Relatively Low,89.53562340966921,Relatively Low,20.29262086513995,Very Low,35.55979643765903,Very Low
18175,Indiana,IN,Washington,40.93511450381679,Very Low,20.90112640801001,Very Low,47.36005089058524,Relatively Low,,Not Applicable,44.701348747591524,Relatively Low,67.77989821882952,Relatively Low,32.66539440203562,Very Low,10.750636132315522,Very Low
18177,Indiana,IN,Wayne,74.10941475826972,Relatively Low,28.035043804755944,Very Low,79.67557251908397,Relatively Moderate,,Not Applicable,49.486191393705845,Relatively Low,74.10941475826972,Relatively Low,60.973282442748086,Very Low,20.706106870229007,Very Low
18179,Indiana,IN,Wells,22.83715012722646,Very Low,26.533166458072593,Very Low,37.659033078880405,Relatively Low,,Not Applicable,47.84842646114322,Relatively Low,49.80916030534351,Very Low,21.81933842239186,Very Low,4.961832061068702,Very Low
18181,Indiana,IN,White,38.51781170483461,Very Low,34.71005423445974,Very Low,48.56870229007634,Relatively Low,,Not Applicable,43.44894026974952,Relatively Low,60.08269720101781,Relatively Low,39.662849872773535,Very Low,7.37913486005089,Very Low
18183,Indiana,IN,Whitley,24.58651399491094,Very Low,26.741760534000836,Very Low,34.28753180661578,Very Low,,Not Applicable,53.114964675658314,Relatively Low,45.32442748091603,Very Low,51.49491094147582,Very Low,10.146310432569974,Very Low
19001,Iowa,IA,Adair,49.4910941475827,Relatively Low,14.726741760534,Very Low,23.791348600508904,Very Low,,Not Applicable,59.50545921644188,Relatively Low,12.340966921119593,Very Low,59.573791348600516,Very Low,34.06488549618321,Very Low
19003,Iowa,IA,Adams,20.35623409669211,Very Low,8.385481852315396,Very Low,11.513994910941475,Very Low,,Not Applicable,53.01862556197816,Relatively Low,8.237913486005088,Very Low,56.80661577608143,Very Low,31.679389312977097,Very Low
19005,Iowa,IA,Allamakee,38.199745547073796,Very Low,11.639549436795996,Very Low,50.47709923664122,Relatively Low,,Not Applicable,43.41682723185613,Relatively Low,11.991094147582697,Very Low,91.98473282442748,Relatively Moderate,16.698473282442748,Very Low
19007,Iowa,IA,Appanoose,41.18956743002545,Very Low,9.052982895285774,Very Low,29.961832061068705,Very Low,,Not Applicable,69.5247270391779,Relatively Low,31.456743002544528,Very Low,73.09160305343512,Relatively Low,59.510178117048355,Very Low
19009,Iowa,IA,Audubon,38.581424936386775,Very Low,15.10221109720484,Very Low,19.783715012722645,Very Low,,Not Applicable,36.60886319845857,Very Low,6.71119592875318,Very Low,69.05216284987277,Relatively Low,33.36513994910941,Very Low
19011,Iowa,IA,Benton,28.816793893129773,Very Low,11.80642469753859,Very Low,40.33078880407125,Relatively Low,,Not Applicable,17.533718689788053,Very Low,20.451653944020357,Very Low,42.461832061068705,Very Low,36.38676844783715,Very Low
19013,Iowa,IA,Black Hawk,76.59033078880407,Relatively Low,17.06299541093033,Very Low,76.62213740458014,Relatively Moderate,,Not Applicable,44.76557482337829,Relatively Low,39.12213740458015,Very Low,31.806615776081426,Very Low,36.895674300254456,Very Low
19015,Iowa,IA,Boone,28.403307888040715,Very Low,9.345014601585316,Very Low,28.75318066157761,Very Low,,Not Applicable,7.642903018625562,Very Low,16.571246819338423,Very Low,53.24427480916031,Very Low,15.935114503816795,Very Low
19017,Iowa,IA,Bremer,24.55470737913486,Very Low,8.427200667501044,Very Low,33.36513994910941,Very Low,,Not Applicable,18.368657675016056,Very Low,14.344783715012724,Very Low,24.33206106870229,Very Low,22.868956743002546,Very Low
19019,Iowa,IA,Buchanan,24.045801526717558,Very Low,12.390488110137673,Very Low,38.581424936386775,Relatively Low,,Not Applicable,24.66281310211946,Very Low,16.666666666666664,Very Low,25.349872773536898,Very Low,7.188295165394402,Very Low
19021,Iowa,IA,Buena Vista,39.281170483460556,Very Low,,Not Applicable,32.91984732824427,Very Low,,Not Applicable,26.300578034682083,Very Low,19.37022900763359,Very Low,40.521628498727736,Very Low,17.87531806615776,Very Low
19023,Iowa,IA,Butler,27.099236641221374,Very Low,10.012515644555695,Very Low,37.213740458015266,Relatively Low,,Not Applicable,12.8131021194605,Very Low,9.16030534351145,Very Low,21.85114503816794,Very Low,22.423664122137403,Very Low
19025,Iowa,IA,Calhoun,44.56106870229007,Relatively Low,14.685022945348353,Very Low,20.610687022900763,Very Low,,Not Applicable,17.726396917148364,Very Low,14.599236641221374,Very Low,20.515267175572518,Very Low,8.492366412213741,Very Low
19027,Iowa,IA,Carroll,57.601781170483456,Relatively Low,19.440967876512307,Very Low,37.531806615776084,Relatively Low,,Not Applicable,20.423892100192678,Very Low,19.751908396946565,Very Low,44.94274809160305,Very Low,28.530534351145036,Very Low
19029,Iowa,IA,Cass,60.05089058524173,Relatively Low,17.563621193158113,Very Low,43.35241730279898,Relatively Low,,Not Applicable,71.8368657675016,Relatively Low,16.221374045801525,Very Low,65.45801526717557,Relatively Low,40.55343511450381,Very Low
19031,Iowa,IA,Cedar,21.501272264631044,Very Low,10.262828535669586,Very Low,27.608142493638677,Very Low,,Not Applicable,42.549775208734744,Relatively Low,27.353689567430024,Very Low,57.347328244274806,Very Low,31.774809160305345,Very Low
19033,Iowa,IA,Cerro Gordo,69.59287531806616,Relatively Low,11.514392991239049,Very Low,68.95674300254453,Relatively Low,,Not Applicable,19.942196531791907,Very Low,24.236641221374043,Very Low,34.25572519083969,Very Low,26.653944020356235,Very Low
19035,Iowa,IA,Cherokee,34.12849872773537,Very Low,,Not Applicable,39.05852417302799,Relatively Low,,Not Applicable,27.809890815671164,Very Low,10.71882951653944,Very Low,43.86132315521628,Very Low,24.459287531806613,Very Low
19037,Iowa,IA,Chickasaw,31.743002544529265,Very Low,12.14017521902378,Very Low,39.56743002544529,Relatively Low,,Not Applicable,22.0616570327553,Very Low,11.959287531806616,Very Low,20.06997455470738,Very Low,19.561068702290076,Very Low
19039,Iowa,IA,Clarke,18.384223918575064,Very Low,7.801418439716312,Very Low,9.63740458015267,Very Low,,Not Applicable,54.303147077713554,Relatively Low,14.853689567430026,Very Low,67.4618320610687,Relatively Low,42.01653944020356,Very Low
19041,Iowa,IA,Clay,36.38676844783715,Very Low,,Not Applicable,53.7531806615776,Relatively Low,,Not Applicable,16.634553628773283,Very Low,14.185750636132315,Very Low,32.56997455470738,Very Low,29.64376590330789,Very Low
19043,Iowa,IA,Clayton,42.20737913486005,Very Low,14.893617021276595,Very Low,58.01526717557252,Relatively Low,,Not Applicable,42.6461143224149,Relatively Low,14.472010178117047,Very Low,91.12595419847328,Relatively Moderate,12.340966921119593,Very Low
19045,Iowa,IA,Clinton,64.82188295165395,Relatively Low,14.017521902377972,Very Low,66.92111959287533,Relatively Low,,Not Applicable,54.23892100192679,Relatively Low,45.41984732824427,Very Low,71.5966921119593,Relatively Low,50.06361323155216,Very Low
19047,Iowa,IA,Crawford,60.846055979643765,Relatively Low,0.0,No Rating,56.075063613231556,Relatively Low,,Not Applicable,30.732177263969174,Very Low,9.923664122137405,Very Low,79.77099236641222,Relatively Low,46.21501272264631,Very Low
19049,Iowa,IA,Dallas,60.591603053435115,Relatively Low,12.557363370880267,Very Low,60.43256997455471,Relatively Low,,Not Applicable,74.66281310211946,Relatively Low,25.572519083969464,Very Low,59.92366412213741,Very Low,40.64885496183206,Very Low
19051,Iowa,IA,Davis,50.349872773536894,Relatively Low,13.850646641635379,Very Low,32.66539440203562,Very Low,,Not Applicable,75.69043031470777,Relatively Low,33.26972010178117,Very Low,79.45292620865139,Relatively Low,68.63867684478372,Relatively Low
19053,Iowa,IA,Decatur,23.60050890585242,Very Low,8.468919482686692,Very Low,15.839694656488549,Very Low,,Not Applicable,63.61592806679512,Relatively Low,18.606870229007633,Very Low,72.67811704834605,Relatively Low,52.09923664122137,Very Low
19055,Iowa,IA,Delaware,49.74554707379134,Relatively Low,19.39924906132666,Very Low,61.73664122137404,Relatively Low,,Not Applicable,34.00770712909441,Very Low,24.61832061068702,Very Low,67.90712468193384,Relatively Low,12.436386768447836,Very Low
19057,Iowa,IA,Des Moines,55.78880407124682,Relatively Low,15.352523988318731,Very Low,56.04325699745547,Relatively Low,,Not Applicable,83.3975594091201,Relatively Moderate,56.71119592875318,Very Low,72.74173027989822,Relatively Low,42.93893129770993,Very Low
19059,Iowa,IA,Dickinson,36.32315521628499,Very Low,,Not Applicable,49.87277353689568,Relatively Low,,Not Applicable,31.535003211303792,Very Low,13.42239185750636,Very Low,36.60941475826972,Very Low,54.230279898218825,Very Low
19061,Iowa,IA,Dubuque,63.58142493638677,Relatively Low,11.055486024196913,Very Low,65.36259541984732,Relatively Low,,Not Applicable,60.982658959537574,Relatively Low,31.138676844783713,Very Low,86.60941475826972,Relatively Low,22.80534351145038,Very Low
19063,Iowa,IA,Emmet,42.74809160305343,Very Low,,Not Applicable,20.419847328244277,Very Low,,Not Applicable,24.791265253693,Very Low,5.184478371501272,Very Low,29.961832061068705,Very Low,23.823155216284988,Very Low
19065,Iowa,IA,Fayette,50.89058524173028,Relatively Low,17.35502711722987,Very Low,59.16030534351145,Relatively Low,,Not Applicable,40.33397559409121,Relatively Low,19.147582697201017,Very Low,68.06615776081425,Relatively Low,14.472010178117047,Very Low
19067,Iowa,IA,Floyd,47.74173027989822,Relatively Low,12.098456403838131,Very Low,56.265903307888046,Relatively Low,,Not Applicable,20.873474630700066,Very Low,11.005089058524172,Very Low,29.357506361323153,Very Low,28.848600508905854,Very Low
19069,Iowa,IA,Franklin,21.946564885496183,Very Low,11.556111806424697,Very Low,13.963104325699746,Very Low,,Not Applicable,8.253050738599873,Very Low,7.506361323155216,Very Low,20.10178117048346,Very Low,6.106870229007633,Very Low
19071,Iowa,IA,Fremont,14.980916030534353,Very Low,0.0,No Rating,18.416030534351144,Very Low,,Not Applicable,51.76621708413616,Relatively Low,13.326972010178118,Very Low,68.6704834605598,Relatively Low,36.83206106870229,Very Low
19073,Iowa,IA,Greene,31.774809160305345,Very Low,12.807676261994159,Very Low,12.022900763358779,Very Low,,Not Applicable,15.67116249197174,Very Low,11.068702290076336,Very Low,33.49236641221374,Very Low,10.305343511450381,Very Low
19075,Iowa,IA,Grundy,13.136132315521628,Very Low,9.303295786399666,Very Low,14.185750636132315,Very Low,,Not Applicable,9.40912010276172,Very Low,10.082697201017812,Very Low,11.895674300254452,Very Low,8.0470737913486,Very Low
19077,Iowa,IA,Guthrie,26.52671755725191,Very Low,10.054234459741343,Very Low,22.010178117048344,Very Low,,Not Applicable,29.96146435452794,Very Low,9.287531806615776,Very Low,73.69592875318067,Relatively Low,39.090330788804074,Very Low
19079,Iowa,IA,Hamilton,42.907124681933844,Relatively Low,18.856904463913224,Very Low,41.030534351145036,Relatively Low,,Not Applicable,10.69364161849711,Very Low,17.080152671755723,Very Low,33.587786259541986,Very Low,13.486005089058525,Very Low
19081,Iowa,IA,Hancock,28.78498727735369,Very Low,0.0,No Rating,21.596692111959285,Very Low,,Not Applicable,9.023763648041104,Very Low,11.38676844783715,Very Low,22.169211195928753,Very Low,6.583969465648855,Very Low
19083,Iowa,IA,Hardin,58.396946564885496,Relatively Low,18.98206090947017,Very Low,52.862595419847324,Relatively Low,,Not Applicable,11.143224149004496,Very Low,19.6882951653944,Very Low,40.61704834605598,Very Low,39.026717557251914,Very Low
19085,Iowa,IA,Harrison,31.297709923664126,Very Low,0.0,No Rating,37.02290076335878,Relatively Low,,Not Applicable,19.36416184971098,Very Low,11.83206106870229,Very Low,84.60559796437659,Relatively Low,59.796437659033074,Very Low
19087,Iowa,IA,Henry,30.852417302798983,Very Low,16.14518147684606,Very Low,26.717557251908396,Very Low,,Not Applicable,80.95696852922286,Relatively Moderate,43.63867684478372,Very Low,62.24554707379135,Very Low,47.93256997455471,Very Low
19089,Iowa,IA,Howard,15.585241730279897,Very Low,9.553608677513559,Very Low,25.41348600508906,Very Low,,Not Applicable,16.730892742453435,Very Low,6.838422391857506,Very Low,22.105597964376592,Very Low,9.255725190839694,Very Low
19091,Iowa,IA,Humboldt,24.077608142493638,Very Low,8.760951188986233,Very Low,18.893129770992367,Very Low,,Not Applicable,9.377007064868337,Very Low,8.555979643765903,Very Low,25.636132315521625,Very Low,5.057251908396947,Very Low
19093,Iowa,IA,Ida,18.352417302798983,Very Low,,Not Applicable,18.447837150127228,Very Low,,Not Applicable,24.24534360950546,Very Low,5.756997455470738,Very Low,40.64885496183206,Very Low,20.165394402035624,Very Low
19095,Iowa,IA,Iowa,28.24427480916031,Very Low,10.888610763454318,Very Low,32.60178117048346,Very Low,,Not Applicable,49.71098265895954,Relatively Low,26.208651399491096,Very Low,70.57888040712467,Relatively Low,61.1323155216285,Very Low
19097,Iowa,IA,Jackson,36.06870229007634,Very Low,10.80517313308302,Very Low,43.320610687022906,Relatively Low,,Not Applicable,35.64547206165704,Very Low,26.39949109414758,Very Low,88.8676844783715,Relatively Moderate,35.718829516539444,Very Low
19099,Iowa,IA,Jasper,43.670483460559794,Relatively Low,12.223612849395076,Very Low,40.17175572519084,Relatively Low,,Not Applicable,50.12845215157354,Relatively Low,28.466921119592875,Very Low,73.47328244274809,Relatively Low,53.0852417302799,Very Low
19101,Iowa,IA,Jefferson,27.067430025445294,Very Low,13.0997079682937,Very Low,20.35623409669211,Very Low,,Not Applicable,79.51188182402055,Relatively Moderate,38.07251908396946,Very Low,58.269720101781175,Very Low,54.67557251908397,Very Low
19103,Iowa,IA,Johnson,87.43638676844783,Relatively Moderate,13.600333750521484,Very Low,79.77099236641222,Relatively Moderate,,Not Applicable,87.50802825947335,Relatively Moderate,45.06997455470738,Very Low,79.1030534351145,Relatively Low,64.3765903307888,Relatively Low
19105,Iowa,IA,Jones,32.66539440203562,Very Low,9.094701710471423,Very Low,46.4058524173028,Relatively Low,,Not Applicable,24.43802183686577,Very Low,21.501272264631044,Very Low,71.78753180661577,Relatively Low,27.353689567430024,Very Low
19107,Iowa,IA,Keokuk,21.85114503816794,Very Low,10.429703796412182,Very Low,29.580152671755727,Very Low,,Not Applicable,52.02312138728323,Relatively Low,21.882951653944023,Very Low,54.293893129770986,Very Low,44.37022900763359,Very Low
19109,Iowa,IA,Kossuth,32.25190839694657,Very Low,,Not Applicable,26.685750636132315,Very Low,,Not Applicable,10.14771997430957,Very Low,11.450381679389313,Very Low,31.01145038167939,Very Low,13.295165394402037,Very Low
19111,Iowa,IA,Lee,62.945292620865146,Relatively Low,17.897371714643302,Very Low,70.3880407124682,Relatively Low,,Not Applicable,84.90687219010918,Relatively Moderate,55.50254452926209,Very Low,75.0,Relatively Low,48.72773536895674,Very Low
19113,Iowa,IA,Linn,86.70483460559797,Relatively Moderate,16.312056737588655,Very Low,86.67302798982189,Relatively Moderate,,Not Applicable,69.17148362235068,Relatively Low,57.1882951653944,Very Low,68.28880407124683,Relatively Low,47.01017811704835,Very Low
19115,Iowa,IA,Louisa,17.4618320610687,Very Low,11.848143512724238,Very Low,20.896946564885496,Very Low,,Not Applicable,52.18368657675016,Relatively Low,30.248091603053435,Very Low,64.66284987277355,Relatively Low,35.20992366412214,Very Low
19117,Iowa,IA,Lucas,29.67557251908397,Very Low,7.968293700458908,Very Low,22.678117048346056,Very Low,,Not Applicable,54.94540783558125,Relatively Low,24.141221374045802,Very Low,73.75954198473282,Relatively Low,54.58015267175572,Very Low
19119,Iowa,IA,Lyon,19.1793893129771,Very Low,,Not Applicable,19.62468193384224,Very Low,,Not Applicable,29.897238278741167,Very Low,7.538167938931298,Very Low,33.36513994910941,Very Low,28.37150127226463,Very Low
19121,Iowa,IA,Madison,35.52798982188295,Very Low,8.594075928243639,Very Low,36.57760814249364,Relatively Low,,Not Applicable,51.73410404624278,Relatively Low,17.938931297709924,Very Low,78.65776081424937,Relatively Low,59.92366412213741,Very Low
19123,Iowa,IA,Mahaska,29.739185750636132,Very Low,11.13892365456821,Very Low,36.418575063613225,Relatively Low,,Not Applicable,54.88118175979447,Relatively Low,29.48473282442748,Very Low,58.905852417302796,Very Low,42.36641221374045,Very Low
19125,Iowa,IA,Marion,34.35114503816794,Very Low,8.093450146015853,Very Low,41.221374045801525,Relatively Low,,Not Applicable,61.49646756583172,Relatively Low,30.852417302798983,Very Low,73.18702290076335,Relatively Low,50.57251908396947,Very Low
19127,Iowa,IA,Marshall,62.468193384223916,Relatively Low,15.227367542761785,Very Low,63.104325699745544,Relatively Low,,Not Applicable,10.051380860629415,Very Low,27.544529262086513,Very Low,50.95419847328244,Very Low,62.086513994910945,Very Low
19129,Iowa,IA,Mills,18.479643765903308,Very Low,0.0,No Rating,27.385496183206108,Very Low,,Not Applicable,40.04495825305074,Relatively Low,8.9058524173028,Very Low,78.37150127226464,Relatively Low,52.3854961832061,Very Low
19131,Iowa,IA,Mitchell,37.69083969465649,Very Low,0.0,No Rating,36.16412213740458,Relatively Low,,Not Applicable,16.15285806037251,Very Low,4.707379134860051,Very Low,28.944020356234095,Very Low,11.736641221374047,Very Low
19133,Iowa,IA,Monona,25.095419847328245,Very Low,0.0,No Rating,25.03180661577608,Very Low,,Not Applicable,31.695568400770714,Very Low,14.026717557251908,Very Low,76.84478371501272,Relatively Low,63.48600508905853,Relatively Low
19135,Iowa,IA,Monroe,10.305343511450381,Very Low,7.300792657488528,Very Low,9.064885496183205,Very Low,,Not Applicable,42.38921001926782,Relatively Low,14.50381679389313,Very Low,69.8791348600509,Relatively Low,40.012722646310436,Very Low
19137,Iowa,IA,Montgomery,33.68320610687023,Very Low,0.0,No Rating,34.57379134860051,Very Low,,Not Applicable,69.78163134232499,Relatively Low,15.998727735368956,Very Low,57.56997455470738,Very Low,34.95547073791349,Very Low
19139,Iowa,IA,Muscatine,57.76081424936387,Relatively Low,12.891113892365457,Very Low,62.56361323155216,Relatively Low,,Not Applicable,76.52536929993578,Relatively Low,54.13486005089059,Very Low,68.19338422391857,Relatively Low,60.909669211195926,Very Low
19141,Iowa,IA,O'Brien,16.412213740458014,Very Low,,Not Applicable,18.51145038167939,Very Low,,Not Applicable,20.969813744380218,Very Low,9.764631043256998,Very Low,14.153944020356235,Very Low,12.659033078880407,Very Low
19143,Iowa,IA,Osceola,14.853689567430026,Very Low,,Not Applicable,14.885496183206106,Very Low,,Not Applicable,26.525369299935775,Very Low,9.319338422391857,Very Low,15.330788804071247,Very Low,12.881679389312978,Very Low
19145,Iowa,IA,Page,40.20356234096692,Very Low,0.0,No Rating,27.544529262086513,Very Low,,Not Applicable,85.67758509955041,Relatively Moderate,20.674300254452927,Very Low,59.09669211195929,Very Low,34.605597964376585,Very Low
19147,Iowa,IA,Palo Alto,15.458015267175574,Very Low,,Not Applicable,8.969465648854962,Very Low,,Not Applicable,10.01926782273603,Very Low,6.202290076335878,Very Low,16.28498727735369,Very Low,10.973282442748092,Very Low
19149,Iowa,IA,Plymouth,49.204834605597966,Relatively Low,,Not Applicable,45.229007633587784,Relatively Low,,Not Applicable,41.682723185613355,Relatively Low,14.408396946564887,Very Low,81.13867684478372,Relatively Low,70.51526717557252,Relatively Low
19151,Iowa,IA,Pocahontas,33.0470737913486,Very Low,,Not Applicable,18.09796437659033,Very Low,,Not Applicable,13.2305716120745,Very Low,11.80025445292621,Very Low,16.889312977099237,Very Low,4.230279898218829,Very Low
19153,Iowa,IA,Polk,91.98473282442748,Relatively Moderate,27.492699207342515,Very Low,92.14376590330788,Relatively Moderate,,Not Applicable,96.69235709698137,Relatively High,66.76208651399492,Relatively Low,68.35241730279898,Relatively Low,57.69720101781171,Very Low
19155,Iowa,IA,Pottawattamie,80.43893129770993,Relatively Low,0.0,No Rating,74.58651399491094,Relatively Moderate,,Not Applicable,83.71868978805395,Relatively Moderate,26.908396946564885,Very Low,91.2849872773537,Relatively Moderate,67.20737913486005,Relatively Low
19157,Iowa,IA,Poweshiek,31.265903307888042,Very Low,11.722987067167292,Very Low,20.260814249363868,Very Low,,Not Applicable,48.65125240847784,Relatively Low,25.604325699745544,Very Low,71.81933842239185,Relatively Low,46.0559796437659,Very Low
19159,Iowa,IA,Ringgold,14.153944020356235,Very Low,7.717980809345015,Very Low,4.961832061068702,Very Low,,Not Applicable,63.19845857418112,Relatively Low,8.587786259541986,Very Low,59.06488549618321,Very Low,32.474554707379134,Very Low
19161,Iowa,IA,Sac,27.29007633587786,Very Low,0.0,No Rating,17.17557251908397,Very Low,,Not Applicable,16.21708413615928,Very Low,10.146310432569974,Very Low,24.84096692111959,Very Low,9.764631043256998,Very Low
19163,Iowa,IA,Scott,84.89185750636132,Relatively Moderate,17.39674593241552,Very Low,88.42239185750637,Relatively Moderate,,Not Applicable,86.89788053949904,Relatively Moderate,75.12722646310432,Relatively Low,70.99236641221374,Relatively Low,52.2264631043257,Very Low
19165,Iowa,IA,Shelby,22.7735368956743,Very Low,0.0,No Rating,19.46564885496183,Very Low,,Not Applicable,36.19139370584457,Very Low,7.697201017811704,Very Low,71.2468193384224,Relatively Low,21.087786259541986,Very Low
19167,Iowa,IA,Sioux,52.3854961832061,Relatively Low,,Not Applicable,49.459287531806616,Relatively Low,,Not Applicable,40.68721901091843,Relatively Low,19.052162849872772,Very Low,30.18447837150127,Very Low,39.662849872773535,Very Low
19169,Iowa,IA,Story,68.8295165394402,Relatively Low,14.351272423863163,Very Low,69.14758269720102,Relatively Low,,Not Applicable,13.005780346820808,Very Low,34.79643765903308,Very Low,43.63867684478372,Very Low,30.343511450381676,Very Low
19171,Iowa,IA,Tama,45.32442748091603,Relatively Low,16.854401335002088,Very Low,42.39821882951654,Relatively Low,,Not Applicable,21.57996146435453,Very Low,21.723918575063614,Very Low,64.44020356234097,Relatively Low,65.48982188295165,Relatively Low
19173,Iowa,IA,Taylor,38.48600508905852,Very Low,10.346266166040884,Very Low,20.865139949109416,Very Low,,Not Applicable,81.5028901734104,Relatively Moderate,18.51145038167939,Very Low,49.33206106870229,Very Low,36.54580152671756,Very Low
19175,Iowa,IA,Union,49.52290076335878,Relatively Low,11.013767209011265,Very Low,30.08905852417303,Very Low,,Not Applicable,82.72318561335904,Relatively Moderate,24.204834605597963,Very Low,62.81806615776081,Relatively Low,49.840966921119595,Very Low
19177,Iowa,IA,Van Buren,33.61959287531807,Very Low,13.47517730496454,Very Low,40.839694656488554,Relatively Low,,Not Applicable,74.24534360950545,Relatively Low,31.234096692111958,Very Low,72.99618320610686,Relatively Low,52.16284987277354,Very Low
19179,Iowa,IA,Wapello,65.33078880407125,Relatively Low,10.221109720483938,Very Low,69.30661577608143,Relatively Low,,Not Applicable,75.11239563262684,Relatively Low,37.27735368956743,Very Low,73.37786259541986,Relatively Low,61.641221374045806,Very Low
19181,Iowa,IA,Warren,36.10050890585242,Very Low,7.634543178973717,Very Low,35.94147582697201,Relatively Low,,Not Applicable,65.47848426461144,Relatively Low,20.5470737913486,Very Low,72.39185750636132,Relatively Low,59.4147582697201,Very Low
19183,Iowa,IA,Washington,44.179389312977094,Relatively Low,20.066750104297036,Very Low,48.37786259541985,Relatively Low,,Not Applicable,64.67565831727681,Relatively Low,35.591603053435115,Very Low,61.25954198473282,Very Low,54.898218829516544,Very Low
19185,Iowa,IA,Wayne,22.010178117048344,Very Low,8.88610763454318,Very Low,14.026717557251908,Very Low,,Not Applicable,52.7296082209377,Relatively Low,20.29262086513995,Very Low,55.597964376590326,Very Low,43.161577608142494,Very Low
19187,Iowa,IA,Webster,59.98727735368957,Relatively Low,13.057989153108052,Very Low,47.105597964376585,Relatively Low,,Not Applicable,13.615928066795119,Very Low,20.642493638676847,Very Low,61.45038167938931,Very Low,19.147582697201017,Very Low
19189,Iowa,IA,Winnebago,30.661577608142494,Very Low,,Not Applicable,25.636132315521625,Very Low,,Not Applicable,10.789980732177264,Very Low,10.814249363867685,Very Low,31.043256997455472,Very Low,13.61323155216285,Very Low
19191,Iowa,IA,Winneshiek,36.19592875318066,Very Low,12.015018773466833,Very Low,47.45547073791349,Relatively Low,,Not Applicable,34.61785484906873,Very Low,10.591603053435113,Very Low,80.94783715012723,Relatively Low,22.455470737913487,Very Low
19193,Iowa,IA,Woodbury,83.26972010178118,Relatively Moderate,,Not Applicable,78.18066157760815,Relatively Moderate,,Not Applicable,83.1727681438664,Relatively Moderate,30.788804071246815,Very Low,84.00127226463104,Relatively Low,87.37277353689568,Relatively Low
19195,Iowa,IA,Worth,9.860050890585242,Very Low,,Not Applicable,10.71882951653944,Very Low,,Not Applicable,9.505459216441874,Very Low,4.834605597964376,Very Low,17.270992366412212,Very Low,3.180661577608142,Very Low
19197,Iowa,IA,Wright,41.50763358778626,Very Low,16.64580725907384,Very Low,35.05089058524173,Relatively Low,,Not Applicable,10.500963391136802,Very Low,16.762086513994912,Very Low,23.66412213740458,Very Low,7.283715012722647,Very Low
20001,Kansas,KS,Allen,15.267175572519085,Very Low,16.77096370463079,Very Low,26.33587786259542,Very Low,,Not Applicable,54.399486191393706,Relatively Low,28.848600508905854,Very Low,14.440203562340967,Very Low,22.360050890585242,Very Low
20003,Kansas,KS,Anderson,17.8117048346056,Very Low,0.0,No Rating,19.1793893129771,Very Low,,Not Applicable,53.179190751445084,Relatively Low,23.568702290076335,Very Low,41.82569974554708,Very Low,37.150127226463106,Very Low
20005,Kansas,KS,Atchison,15.966921119592875,Very Low,0.0,No Rating,21.723918575063614,Very Low,,Not Applicable,52.56904303147078,Relatively Low,25.508905852417303,Very Low,60.62340966921119,Very Low,72.74173027989822,Relatively Low
20007,Kansas,KS,Barber,40.33078880407125,Very Low,18.940342094284524,Very Low,10.559796437659033,Very Low,,Not Applicable,23.603082851637765,Very Low,17.302798982188293,Very Low,16.984732824427482,Very Low,92.27099236641222,Relatively Moderate
20009,Kansas,KS,Barton,60.30534351145038,Relatively Low,0.0,No Rating,42.74809160305343,Relatively Low,,Not Applicable,68.0796403339756,Relatively Low,36.25954198473282,Very Low,7.792620865139948,Very Low,74.07760814249363,Relatively Low
20011,Kansas,KS,Bourbon,35.655216284987276,Very Low,23.696287025448477,Very Low,40.108142493638674,Relatively Low,,Not Applicable,63.68015414258189,Relatively Low,42.779898218829516,Very Low,44.179389312977094,Very Low,44.847328244274806,Very Low
20013,Kansas,KS,Brown,15.330788804071247,Very Low,0.0,No Rating,17.65267175572519,Very Low,,Not Applicable,56.39049454078355,Relatively Low,22.169211195928753,Very Low,43.19338422391857,Very Low,71.4058524173028,Relatively Low
20015,Kansas,KS,Butler,74.39567430025446,Relatively Low,29.78723404255319,Very Low,67.74809160305344,Relatively Low,,Not Applicable,83.97559409120102,Relatively Moderate,37.531806615776084,Very Low,39.24936386768448,Very Low,95.64249363867684,Relatively Moderate
20017,Kansas,KS,Chase,9.351145038167939,Very Low,0.0,No Rating,20.32442748091603,Very Low,,Not Applicable,22.029543994861914,Very Low,9.382951653944021,Very Low,57.50636132315522,Very Low,80.37531806615776,Relatively Low
20019,Kansas,KS,Chautauqua,12.118320610687022,Very Low,16.228619107217355,Very Low,11.768447837150127,Very Low,,Not Applicable,32.40205523442518,Very Low,18.98854961832061,Very Low,66.53944020356234,Relatively Low,90.9033078880407,Relatively Moderate
20021,Kansas,KS,Cherokee,53.68956743002544,Relatively Low,26.1994159365874,Very Low,54.80279898218829,Relatively Low,,Not Applicable,67.0199100834939,Relatively Low,52.16284987277354,Very Low,38.13613231552163,Very Low,56.297709923664115,Very Low
20023,Kansas,KS,Cheyenne,8.396946564885496,Very Low,,Not Applicable,8.587786259541986,Very Low,,Not Applicable,3.789338471419396,Very Low,18.12977099236641,Very Low,11.577608142493638,Very Low,62.945292620865146,Very Low
20025,Kansas,KS,Clark,7.092875318066158,Very Low,15.39424280350438,Very Low,1.494910941475827,Very Low,,Not Applicable,10.854206807964033,Very Low,11.577608142493638,Very Low,5.916030534351145,Very Low,87.91348600508906,Relatively Low
20027,Kansas,KS,Clay,16.444020356234095,Very Low,0.0,No Rating,22.360050890585242,Very Low,,Not Applicable,55.58766859344894,Relatively Low,17.8117048346056,Very Low,46.69211195928753,Very Low,73.47328244274809,Relatively Low
20029,Kansas,KS,Cloud,20.165394402035624,Very Low,,Not Applicable,22.264631043256998,Very Low,,Not Applicable,48.619139370584456,Relatively Low,17.779898218829516,Very Low,12.054707379134861,Very Low,62.11832061068703,Very Low
20031,Kansas,KS,Coffey,35.337150127226465,Very Low,0.0,No Rating,41.157760814249365,Relatively Low,,Not Applicable,56.5189466923571,Relatively Low,30.12086513994911,Very Low,31.361323155216287,Very Low,78.49872773536896,Relatively Low
20033,Kansas,KS,Comanche,20.229007633587788,Very Low,13.433458489778891,Very Low,2.830788804071247,Very Low,,Not Applicable,15.350032113037893,Very Low,13.740458015267176,Very Low,5.534351145038168,Very Low,94.62468193384224,Relatively Moderate
20035,Kansas,KS,Cowley,69.11577608142494,Relatively Low,20.984564038381308,Very Low,56.297709923664115,Relatively Low,,Not Applicable,78.54849068721902,Relatively Low,40.36259541984733,Very Low,57.31552162849872,Very Low,91.57124681933843,Relatively Moderate
20037,Kansas,KS,Crawford,71.43765903307889,Relatively Low,28.16020025031289,Very Low,68.89312977099237,Relatively Low,,Not Applicable,79.35131663455363,Relatively Moderate,68.86132315521628,Relatively Low,32.347328244274806,Very Low,33.71501272264631,Very Low
20039,Kansas,KS,Decatur,11.291348600508906,Very Low,,Not Applicable,7.188295165394402,Very Low,,Not Applicable,12.973667308927425,Very Low,10.846055979643767,Very Low,12.818066157760812,Very Low,30.05725190839695,Very Low
20041,Kansas,KS,Dickinson,49.1412213740458,Relatively Low,0.0,No Rating,48.6323155216285,Relatively Low,,Not Applicable,83.23699421965318,Relatively Moderate,26.304071246819337,Very Low,45.38804071246819,Very Low,83.93765903307889,Relatively Low
20043,Kansas,KS,Doniphan,13.994910941475828,Very Low,0.0,No Rating,16.634860050890584,Very Low,,Not Applicable,42.13230571612074,Relatively Low,19.81552162849873,Very Low,78.72137404580153,Relatively Low,51.844783715012724,Very Low
20045,Kansas,KS,Douglas,74.80916030534351,Relatively Low,0.0,No Rating,72.7735368956743,Relatively Low,,Not Applicable,70.26332691072575,Relatively Low,44.465648854961835,Very Low,67.39821882951654,Relatively Low,55.75699745547074,Very Low
20047,Kansas,KS,Edwards,17.557251908396946,Very Low,0.0,No Rating,10.49618320610687,Very Low,,Not Applicable,12.042389210019268,Very Low,15.139949109414758,Very Low,1.78117048346056,Very Low,52.48091603053435,Very Low
20049,Kansas,KS,Elk,14.599236641221374,Very Low,17.438464747601166,Very Low,17.8117048346056,Very Low,,Not Applicable,30.2504816955684,Very Low,19.1793893129771,Very Low,50.795165394402034,Very Low,91.69847328244275,Relatively Moderate
20051,Kansas,KS,Ellis,32.69720101781171,Very Low,,Not Applicable,34.44656488549619,Very Low,,Not Applicable,16.955684007707127,Very Low,23.25063613231552,Very Low,12.150127226463106,Very Low,60.68702290076335,Very Low
20053,Kansas,KS,Ellsworth,15.171755725190838,Very Low,0.0,No Rating,16.06234096692112,Very Low,,Not Applicable,34.90687219010918,Very Low,14.28117048346056,Very Low,10.400763358778626,Very Low,77.3854961832061,Relatively Low
20055,Kansas,KS,Finney,63.74045801526718,Relatively Low,,Not Applicable,37.75445292620866,Relatively Low,,Not Applicable,20.71290944123314,Very Low,29.898218829516537,Very Low,8.301526717557252,Very Low,46.43765903307888,Very Low
20057,Kansas,KS,Ford,51.68575063613231,Relatively Low,,Not Applicable,37.5,Relatively Low,,Not Applicable,27.39242132305716,Very Low,30.05725190839695,Very Low,11.60941475826972,Very Low,68.03435114503816,Relatively Low
20059,Kansas,KS,Franklin,43.734096692111954,Relatively Low,0.0,No Rating,47.99618320610687,Relatively Low,,Not Applicable,69.84585741811176,Relatively Low,35.81424936386768,Very Low,48.05979643765903,Very Low,50.22264631043257,Very Low
20061,Kansas,KS,Geary,40.5852417302799,Very Low,0.0,No Rating,40.776081424936386,Relatively Low,,Not Applicable,67.18047527296082,Relatively Low,21.246819338422394,Very Low,65.61704834605598,Relatively Low,81.96564885496184,Relatively Low
20063,Kansas,KS,Gove,4.770992366412214,Very Low,,Not Applicable,5.216284987277354,Very Low,,Not Applicable,10.950545921644188,Very Low,6.075063613231553,Very Low,4.4529262086514,Very Low,39.24936386768448,Very Low
20065,Kansas,KS,Graham,4.325699745547073,Very Low,,Not Applicable,4.484732824427481,Very Low,,Not Applicable,15.221579961464354,Very Low,4.262086513994911,Very Low,7.029262086513994,Very Low,33.01526717557252,Very Low
20067,Kansas,KS,Grant,13.549618320610687,Very Low,,Not Applicable,3.11704834605598,Very Low,,Not Applicable,3.40398201669878,Very Low,15.871501272264632,Very Low,1.049618320610687,Very Low,51.11323155216285,Very Low
20069,Kansas,KS,Gray,36.73664122137404,Very Low,,Not Applicable,10.209923664122138,Very Low,,Not Applicable,7.193320488118175,Very Low,20.801526717557252,Very Low,4.802798982188295,Very Low,39.05852417302799,Very Low
20071,Kansas,KS,Greeley,1.972010178117048,Very Low,,Not Applicable,1.208651399491094,Very Low,,Not Applicable,2.665382145150931,Very Low,11.132315521628499,Very Low,1.940203562340967,Very Low,6.26590330788804,Very Low
20073,Kansas,KS,Greenwood,24.491094147582697,Very Low,0.0,No Rating,26.590330788804074,Very Low,,Not Applicable,42.96724470134875,Relatively Low,22.201017811704833,Very Low,59.19211195928753,Very Low,91.31679389312977,Relatively Moderate
20075,Kansas,KS,Hamilton,4.103053435114504,Very Low,,Not Applicable,1.367684478371501,Very Low,,Not Applicable,2.761721258831086,Very Low,6.583969465648855,Very Low,0.986005089058524,Very Low,27.480916030534353,Very Low
20077,Kansas,KS,Harper,31.329516539440206,Very Low,22.40300375469337,Very Low,16.316793893129773,Very Low,,Not Applicable,47.655748233782916,Relatively Low,27.32188295165394,Very Low,17.68447837150127,Very Low,79.48473282442748,Relatively Low
20079,Kansas,KS,Harvey,38.93129770992366,Very Low,0.0,No Rating,38.8676844783715,Relatively Low,,Not Applicable,63.77649325626204,Relatively Low,27.131043256997454,Very Low,21.660305343511453,Very Low,67.33460559796438,Relatively Low
20081,Kansas,KS,Haskell,15.012722646310433,Very Low,,Not Applicable,1.812977099236641,Very Low,,Not Applicable,4.142581888246628,Very Low,12.627226463104327,Very Low,0.381679389312977,Very Low,24.93638676844784,Very Low
20083,Kansas,KS,Hodgeman,5.947837150127226,Very Low,,Not Applicable,4.325699745547073,Very Low,,Not Applicable,4.367373153500321,Very Low,8.015267175572518,Very Low,5.057251908396947,Very Low,45.61068702290076,Very Low
20085,Kansas,KS,Jackson,21.533078880407125,Very Low,0.0,No Rating,27.003816793893133,Very Low,,Not Applicable,56.936416184971094,Relatively Low,22.296437659033078,Very Low,58.93765903307888,Very Low,89.18575063613231,Relatively Moderate
20087,Kansas,KS,Jefferson,19.65648854961832,Very Low,0.0,No Rating,32.56997455470738,Very Low,,Not Applicable,55.651894669235716,Relatively Low,20.197201017811707,Very Low,66.57124681933843,Relatively Low,67.71628498727735,Relatively Low
20089,Kansas,KS,Jewell,25.286259541984734,Very Low,,Not Applicable,13.39058524173028,Very Low,,Not Applicable,22.864482980089917,Very Low,12.849872773536896,Very Low,14.631043256997456,Very Low,44.30661577608143,Very Low
20091,Kansas,KS,Johnson,94.8473282442748,Relatively High,0.0,No Rating,94.8791348600509,Relatively High,,Not Applicable,98.39434810533076,Relatively High,75.69974554707379,Relatively Low,68.95674300254453,Relatively Low,61.22773536895675,Very Low
20093,Kansas,KS,Kearny,8.365139949109416,Very Low,,Not Applicable,3.212468193384224,Very Low,,Not Applicable,3.018625561978163,Very Low,13.931297709923665,Very Low,3.148854961832061,Very Low,32.156488549618324,Very Low
20095,Kansas,KS,Kingman,35.55979643765903,Very Low,20.442219440967875,Very Low,20.10178117048346,Very Low,,Not Applicable,48.458574181117534,Relatively Low,22.74173027989822,Very Low,5.470737913486006,Very Low,86.70483460559797,Relatively Low
20097,Kansas,KS,Kiowa,15.044529262086515,Very Low,0.0,No Rating,4.834605597964376,Very Low,,Not Applicable,13.455362877328195,Very Low,13.136132315521628,Very Low,3.784987277353689,Very Low,82.79262086513995,Relatively Low
20099,Kansas,KS,Labette,66.18956743002545,Relatively Low,38.63162286191072,Very Low,68.73409669211196,Relatively Low,,Not Applicable,71.86897880539499,Relatively Low,56.265903307888046,Very Low,35.24173027989822,Very Low,38.581424936386775,Very Low
20101,Kansas,KS,Lane,2.321882951653944,Very Low,,Not Applicable,2.353689567430025,Very Low,,Not Applicable,3.757225433526012,Very Low,9.573791348600508,Very Low,2.385496183206107,Very Low,28.24427480916031,Very Low
20103,Kansas,KS,Leavenworth,66.34860050890585,Relatively Low,0.0,No Rating,61.832061068702295,Relatively Low,,Not Applicable,88.79254977520874,Relatively Moderate,35.46437659033079,Very Low,73.56870229007633,Relatively Low,59.00127226463104,Very Low
20105,Kansas,KS,Lincoln,13.517811704834607,Very Low,0.0,No Rating,15.617048346055979,Very Low,,Not Applicable,26.461143224149,Very Low,10.527989821882953,Very Low,12.340966921119593,Very Low,59.31933842239185,Very Low
20107,Kansas,KS,Linn,12.245547073791348,Very Low,10.972048393825615,Very Low,22.932569974554706,Very Low,,Not Applicable,45.600513808606294,Relatively Low,29.611959287531807,Very Low,58.14249363867684,Very Low,36.32315521628499,Very Low
20109,Kansas,KS,Logan,7.37913486005089,Very Low,,Not Applicable,6.170483460559796,Very Low,,Not Applicable,9.184328837508028,Very Low,14.249363867684478,Very Low,4.198473282442748,Very Low,31.552162849872772,Very Low
20111,Kansas,KS,Lyon,47.646310432569976,Relatively Low,0.0,No Rating,49.300254452926204,Relatively Low,,Not Applicable,60.179833012202955,Relatively Low,36.83206106870229,Very Low,40.108142493638674,Very Low,88.26335877862596,Relatively Low
20113,Kansas,KS,McPherson,39.217557251908396,Very Low,0.0,No Rating,33.20610687022901,Very Low,,Not Applicable,60.5009633911368,Relatively Low,24.173027989821882,Very Low,26.304071246819337,Very Low,67.36641221374046,Relatively Low
20115,Kansas,KS,Marion,37.97709923664122,Very Low,0.0,No Rating,36.00508905852418,Relatively Low,,Not Applicable,70.13487475915221,Relatively Low,26.55852417302799,Very Low,34.95547073791349,Very Low,78.0852417302799,Relatively Low
20117,Kansas,KS,Marshall,21.4058524173028,Very Low,0.0,No Rating,29.230279898218832,Very Low,,Not Applicable,48.394348105330764,Relatively Low,19.720101781170484,Very Low,49.650127226463106,Very Low,81.23409669211196,Relatively Low
20119,Kansas,KS,Meade,15.553435114503817,Very Low,,Not Applicable,2.894402035623409,Very Low,,Not Applicable,6.262042389210019,Very Low,16.444020356234095,Very Low,4.293893129770993,Very Low,87.62722646310432,Relatively Low
20121,Kansas,KS,Miami,43.06615776081425,Relatively Low,0.0,No Rating,46.85114503816794,Relatively Low,,Not Applicable,73.41040462427746,Relatively Low,31.679389312977097,Very Low,48.50508905852418,Very Low,35.46437659033079,Very Low
20123,Kansas,KS,Mitchell,29.834605597964376,Very Low,,Not Applicable,21.21501272264631,Very Low,,Not Applicable,31.727681438664096,Very Low,16.316793893129773,Very Low,7.569974554707379,Very Low,33.30152671755725,Very Low
20125,Kansas,KS,Montgomery,73.37786259541986,Relatively Low,34.91864831038799,Very Low,70.48346055979644,Relatively Low,,Not Applicable,81.82402055234425,Relatively Moderate,48.02798982188295,Very Low,50.0,Very Low,70.22900763358778,Relatively Low
20127,Kansas,KS,Morris,27.449109414758272,Very Low,0.0,No Rating,27.767175572519083,Very Low,,Not Applicable,80.92485549132948,Relatively Moderate,17.36641221374046,Very Low,51.590330788804074,Very Low,84.06488549618321,Relatively Low
20129,Kansas,KS,Morton,4.675572519083969,Very Low,,Not Applicable,0.922391857506361,Very Low,,Not Applicable,2.79383429672447,Very Low,16.984732824427482,Very Low,1.304071246819339,Very Low,73.05979643765903,Relatively Low
20131,Kansas,KS,Nemaha,17.43002544529262,Very Low,0.0,No Rating,23.314249363867685,Very Low,,Not Applicable,51.09184328837508,Relatively Low,21.85114503816794,Very Low,49.61832061068702,Very Low,82.82442748091603,Relatively Low
20133,Kansas,KS,Neosho,32.50636132315521,Very Low,24.32206925323321,Very Low,39.88549618320611,Relatively Low,,Not Applicable,59.023763648041104,Relatively Low,40.99872773536896,Very Low,25.38167938931298,Very Low,21.055979643765905,Very Low
20135,Kansas,KS,Ness,10.527989821882953,Very Low,,Not Applicable,14.28117048346056,Very Low,,Not Applicable,5.266538214515093,Very Low,16.857506361323153,Very Low,7.347328244274809,Very Low,50.50890585241731,Very Low
20137,Kansas,KS,Norton,19.783715012722645,Very Low,,Not Applicable,9.732824427480915,Very Low,,Not Applicable,23.956326268465,Very Low,9.63740458015267,Very Low,19.561068702290076,Very Low,31.297709923664126,Very Low
20139,Kansas,KS,Osage,35.43256997455471,Very Low,0.0,No Rating,30.216284987277355,Very Low,,Not Applicable,61.72125883108542,Relatively Low,27.16284987277354,Very Low,44.49745547073791,Very Low,74.93638676844783,Relatively Low
20141,Kansas,KS,Osborne,21.43765903307888,Very Low,,Not Applicable,18.479643765903308,Very Low,,Not Applicable,10.308285163776493,Very Low,13.454198473282442,Very Low,12.849872773536896,Very Low,52.06743002544529,Very Low
20143,Kansas,KS,Ottawa,16.889312977099237,Very Low,0.0,No Rating,23.982188295165393,Very Low,,Not Applicable,36.44829800899166,Very Low,11.259541984732824,Very Low,8.365139949109416,Very Low,72.64631043256998,Relatively Low
20145,Kansas,KS,Pawnee,31.615776081424933,Very Low,0.0,No Rating,20.706106870229007,Very Low,,Not Applicable,14.836223506743737,Very Low,19.84732824427481,Very Low,4.421119592875318,Very Low,55.1208651399491,Very Low
20147,Kansas,KS,Phillips,40.521628498727736,Very Low,,Not Applicable,20.006361323155218,Very Low,,Not Applicable,29.8330122029544,Very Low,18.479643765903308,Very Low,21.246819338422394,Very Low,58.269720101781175,Very Low
20149,Kansas,KS,Pottawatomie,30.884223918575067,Very Low,0.0,No Rating,33.969465648854964,Very Low,,Not Applicable,56.133590237636476,Relatively Low,21.310432569974555,Very Low,77.32188295165395,Relatively Low,90.7442748091603,Relatively Moderate
20151,Kansas,KS,Pratt,54.834605597964384,Relatively Low,0.0,No Rating,15.171755725190838,Very Low,,Not Applicable,32.69107257546564,Very Low,23.536895674300254,Very Low,6.138676844783715,Very Low,80.59796437659033,Relatively Low
20153,Kansas,KS,Rawlins,4.834605597964376,Very Low,,Not Applicable,7.029262086513994,Very Low,,Not Applicable,7.83558124598587,Very Low,11.768447837150127,Very Low,14.821882951653945,Very Low,36.76844783715013,Very Low
20155,Kansas,KS,Reno,80.1526717557252,Relatively Low,0.0,No Rating,70.92875318066157,Relatively Low,,Not Applicable,84.55362877328196,Relatively Moderate,40.33078880407125,Very Low,11.545801526717558,Very Low,95.54707379134861,Relatively Moderate
20157,Kansas,KS,Republic,18.924936386768447,Very Low,,Not Applicable,14.50381679389313,Very Low,,Not Applicable,31.59922928709056,Very Low,15.108142493638677,Very Low,8.460559796437659,Very Low,41.475826972010175,Very Low
20159,Kansas,KS,Rice,28.530534351145036,Very Low,0.0,No Rating,22.169211195928753,Very Low,,Not Applicable,46.14643545279383,Relatively Low,20.769720101781168,Very Low,2.862595419847328,Very Low,76.84478371501272,Relatively Low
20161,Kansas,KS,Riley,58.460559796437664,Relatively Low,0.0,No Rating,59.860050890585235,Relatively Low,,Not Applicable,79.96146435452793,Relatively Moderate,33.30152671755725,Very Low,81.5203562340967,Relatively Low,89.53562340966921,Relatively Moderate
20163,Kansas,KS,Rooks,14.344783715012724,Very Low,,Not Applicable,5.184478371501272,Very Low,,Not Applicable,8.638407193320488,Very Low,10.368956743002544,Very Low,8.078880407124682,Very Low,50.47709923664122,Very Low
20165,Kansas,KS,Rush,4.961832061068702,Very Low,0.0,No Rating,6.26590330788804,Very Low,,Not Applicable,5.459216441875402,Very Low,12.69083969465649,Very Low,3.498727735368957,Very Low,42.525445292620866,Very Low
20167,Kansas,KS,Russell,12.53180661577608,Very Low,0.0,No Rating,9.923664122137405,Very Low,,Not Applicable,34.071933204881184,Very Low,10.623409669211197,Very Low,11.323155216284988,Very Low,58.905852417302796,Very Low
20169,Kansas,KS,Saline,66.15776081424937,Relatively Low,0.0,No Rating,58.81043256997456,Relatively Low,,Not Applicable,77.9383429672447,Relatively Low,34.25572519083969,Very Low,14.408396946564887,Very Low,82.41094147582697,Relatively Low
20171,Kansas,KS,Scott,46.43765903307888,Relatively Low,,Not Applicable,12.086513994910941,Very Low,,Not Applicable,6.968529222864484,Very Low,21.81933842239186,Very Low,6.71119592875318,Very Low,22.041984732824428,Very Low
20173,Kansas,KS,Sedgwick,96.5966921119593,Relatively High,42.720066750104294,Very Low,96.08778625954199,Relatively High,,Not Applicable,98.49068721901092,Relatively High,75.22264631043257,Relatively Low,49.23664122137404,Very Low,94.43384223918575,Relatively Moderate
20175,Kansas,KS,Seward,42.30279898218829,Very Low,,Not Applicable,14.790076335877863,Very Low,,Not Applicable,19.813744380218367,Very Low,41.0941475826972,Very Low,4.643765903307888,Very Low,88.39058524173028,Relatively Low
20177,Kansas,KS,Shawnee,88.04071246819338,Relatively Moderate,0.0,No Rating,89.98091603053436,Relatively Moderate,,Not Applicable,94.95825305073859,Relatively Moderate,59.764631043257,Relatively Low,63.77226463104325,Relatively Low,75.31806615776081,Relatively Low
20179,Kansas,KS,Sheridan,6.138676844783715,Very Low,,Not Applicable,2.162849872773537,Very Low,,Not Applicable,10.34039820166988,Very Low,4.039440203562341,Very Low,5.852417302798982,Very Low,15.712468193384224,Very Low
20181,Kansas,KS,Sherman,11.164122137404581,Very Low,,Not Applicable,7.919847328244274,Very Low,,Not Applicable,3.628773281952473,Very Low,17.39821882951654,Very Low,3.339694656488549,Very Low,28.085241730279897,Very Low
20183,Kansas,KS,Smith,21.21501272264631,Very Low,,Not Applicable,10.082697201017812,Very Low,,Not Applicable,22.190109184328836,Very Low,12.659033078880407,Very Low,12.945292620865139,Very Low,40.903307888040715,Very Low
20185,Kansas,KS,Stafford,23.059796437659035,Very Low,0.0,No Rating,7.888040712468193,Very Low,,Not Applicable,18.497109826589593,Very Low,18.416030534351144,Very Low,1.55852417302799,Very Low,81.10687022900763,Relatively Low
20187,Kansas,KS,Stanton,9.63740458015267,Very Low,,Not Applicable,1.240458015267176,Very Low,,Not Applicable,2.85806037251124,Very Low,9.096692111959287,Very Low,0.44529262086514,Very Low,30.438931297709924,Very Low
20189,Kansas,KS,Stevens,40.04452926208651,Very Low,,Not Applicable,5.057251908396947,Very Low,,Not Applicable,4.078355812459859,Very Low,28.68956743002545,Very Low,2.44910941475827,Very Low,74.58651399491094,Relatively Low
20191,Kansas,KS,Sumner,48.82315521628499,Relatively Low,20.233625365039636,Very Low,46.723918575063614,Relatively Low,,Not Applicable,66.63455362877329,Relatively Low,31.743002544529265,Very Low,32.37913486005089,Very Low,64.79007633587787,Relatively Low
20193,Kansas,KS,Thomas,9.446564885496183,Very Low,,Not Applicable,6.329516539440204,Very Low,,Not Applicable,12.780989081567116,Very Low,17.4618320610687,Very Low,3.753180661577608,Very Low,15.394402035623408,Very Low
20195,Kansas,KS,Trego,2.703562340966921,Very Low,,Not Applicable,3.562340966921119,Very Low,,Not Applicable,4.56005138086063,Very Low,10.209923664122138,Very Low,6.679389312977099,Very Low,46.81933842239186,Very Low
20197,Kansas,KS,Wabaunsee,14.631043256997456,Very Low,0.0,No Rating,27.19465648854962,Very Low,,Not Applicable,36.769428387925494,Very Low,14.949109414758269,Very Low,64.98091603053436,Relatively Low,88.61323155216286,Relatively Low
20199,Kansas,KS,Wallace,1.176844783715013,Very Low,,Not Applicable,3.307888040712468,Very Low,,Not Applicable,2.729608220937701,Very Low,7.888040712468193,Very Low,2.958015267175572,Very Low,30.279898218829516,Very Low
20201,Kansas,KS,Washington,15.617048346055979,Very Low,0.0,No Rating,18.924936386768447,Very Low,,Not Applicable,34.13615928066795,Very Low,16.475826972010175,Very Low,48.88676844783715,Very Low,77.89440203562341,Relatively Low
20203,Kansas,KS,Wichita,8.174300254452927,Very Low,,Not Applicable,4.389312977099237,Very Low,,Not Applicable,4.720616570327553,Very Low,8.93765903307888,Very Low,1.33587786259542,Very Low,9.955470737913485,Very Low
20205,Kansas,KS,Wilson,17.970737913486005,Very Low,0.0,No Rating,25.731552162849873,Very Low,,Not Applicable,45.27938342967245,Relatively Low,26.78117048346056,Very Low,37.24554707379134,Very Low,58.96946564885496,Very Low
20207,Kansas,KS,Woodson,7.729007633587787,Very Low,0.0,No Rating,13.16793893129771,Very Low,,Not Applicable,35.035324341682724,Very Low,25.731552162849873,Very Low,30.50254452926209,Very Low,75.95419847328245,Relatively Low
20209,Kansas,KS,Wyandotte,89.3765903307888,Relatively Moderate,0.0,No Rating,84.66921119592875,Relatively Moderate,,Not Applicable,96.91714836223507,Relatively High,64.05852417302799,Relatively Low,76.78117048346056,Relatively Low,46.18320610687023,Very Low
21001,Kentucky,KY,Adair,39.44020356234097,Very Low,48.26866916979558,Very Low,44.49745547073791,Relatively Low,,Not Applicable,34.64996788696211,Very Low,65.2671755725191,Relatively Low,48.82315521628499,Very Low,15.903307888040713,Very Low
21003,Kentucky,KY,Allen,33.33333333333333,Very Low,29.578639966624948,Very Low,27.449109414758272,Very Low,,Not Applicable,40.59087989723828,Relatively Low,75.03180661577609,Relatively Low,43.51145038167939,Very Low,9.319338422391857,Very Low
21005,Kentucky,KY,Anderson,26.33587786259542,Very Low,18.564872757613685,Very Low,34.38295165394402,Very Low,,Not Applicable,25.722543352601157,Very Low,49.459287531806616,Very Low,44.24300254452926,Very Low,8.015267175572518,Very Low
21007,Kentucky,KY,Ballard,39.63104325699746,Very Low,29.620358781810594,Very Low,12.245547073791348,Very Low,,Not Applicable,50.642260757867696,Relatively Low,88.93129770992367,Relatively Low,40.20356234096692,Very Low,6.011450381679389,Very Low
21009,Kentucky,KY,Barren,67.90712468193384,Relatively Low,45.01460158531498,Very Low,67.77989821882952,Relatively Low,,Not Applicable,61.91393705844573,Relatively Low,77.35368956743002,Relatively Low,41.98473282442748,Very Low,16.571246819338423,Very Low
21011,Kentucky,KY,Bath,13.708651399491096,Very Low,26.49144764288694,Very Low,29.548346055979646,Very Low,,Not Applicable,32.75529865125241,Very Low,33.87404580152672,Very Low,41.31679389312977,Very Low,26.176844783715016,Very Low
21013,Kentucky,KY,Bell,68.00254452926208,Relatively Low,35.210680016687526,Very Low,82.029262086514,Relatively Moderate,,Not Applicable,42.77456647398844,Relatively Low,59.44656488549618,Very Low,89.09033078880407,Relatively Moderate,73.25063613231552,Relatively Low
21015,Kentucky,KY,Boone,74.45928753180662,Relatively Low,13.516896120150188,Very Low,66.4440203562341,Relatively Low,,Not Applicable,54.04624277456648,Relatively Low,78.62595419847328,Relatively Low,41.9529262086514,Very Low,24.681933842239186,Very Low
21017,Kentucky,KY,Bourbon,39.3765903307888,Very Low,42.67834793491865,Very Low,53.78498727735369,Relatively Low,,Not Applicable,36.833654463712264,Very Low,56.01145038167938,Very Low,13.39058524173028,Very Low,4.484732824427481,Very Low
21019,Kentucky,KY,Boyd,74.93638676844783,Relatively Low,50.521485189820616,Very Low,82.1882951653944,Relatively Moderate,,Not Applicable,96.56390494540783,Relatively High,59.510178117048355,Very Low,83.46055979643766,Relatively Low,68.44783715012723,Relatively Low
21021,Kentucky,KY,Boyle,41.57124681933842,Very Low,30.997079682937006,Very Low,43.19338422391857,Relatively Low,,Not Applicable,34.104046242774565,Very Low,69.40203562340967,Relatively Low,23.377862595419845,Very Low,9.510178117048346,Very Low
21023,Kentucky,KY,Bracken,12.022900763358779,Very Low,8.051731330830204,Very Low,26.176844783715016,Very Low,,Not Applicable,23.667308927424536,Very Low,26.84478371501272,Very Low,50.09541984732825,Very Low,1.55852417302799,Very Low
21025,Kentucky,KY,Breathitt,64.66284987277355,Relatively Low,39.46599916562369,Very Low,82.3473282442748,Relatively Moderate,,Not Applicable,35.099550417469494,Very Low,41.63486005089059,Very Low,94.0203562340967,Relatively Moderate,69.91094147582697,Relatively Low
21027,Kentucky,KY,Breckinridge,39.53562340966921,Very Low,30.830204422194406,Very Low,49.04580152671756,Relatively Low,,Not Applicable,47.17405266538214,Relatively Low,67.8117048346056,Relatively Low,50.445292620865146,Very Low,10.49618320610687,Very Low
21029,Kentucky,KY,Bullitt,71.7557251908397,Relatively Low,13.350020859407593,Very Low,74.07760814249363,Relatively Moderate,,Not Applicable,51.70199100834939,Relatively Low,70.64249363867684,Relatively Low,30.375318066157757,Very Low,26.84478371501272,Very Low
21031,Kentucky,KY,Butler,18.12977099236641,Very Low,19.607843137254903,Very Low,23.695928753180663,Very Low,,Not Applicable,38.18240205523443,Very Low,66.95292620865139,Relatively Low,43.95674300254453,Very Low,5.311704834605599,Very Low
21033,Kentucky,KY,Caldwell,38.963104325699746,Very Low,22.65331664580726,Very Low,30.59796437659033,Very Low,,Not Applicable,52.119460500963385,Relatively Low,86.00508905852418,Relatively Low,27.671755725190838,Very Low,5.788804071246819,Very Low
21035,Kentucky,KY,Calloway,75.3498727735369,Relatively Low,39.424280350438046,Very Low,50.667938931297705,Relatively Low,,Not Applicable,73.53885677585099,Relatively Low,95.35623409669212,Relatively Moderate,65.68066157760815,Relatively Low,18.638676844783713,Very Low
21037,Kentucky,KY,Campbell,58.333333333333336,Relatively Low,10.554860241969129,Very Low,64.31297709923665,Relatively Low,,Not Applicable,68.04752729608221,Relatively Low,68.22519083969466,Relatively Low,72.58269720101781,Relatively Low,14.376590330788805,Very Low
21039,Kentucky,KY,Carlisle,18.734096692111958,Very Low,24.572382144347102,Very Low,7.251908396946565,Very Low,,Not Applicable,40.012845215157355,Relatively Low,86.19592875318067,Relatively Low,40.29898218829516,Very Low,3.276081424936387,Very Low
21041,Kentucky,KY,Carroll,23.40966921119593,Very Low,12.932832707551107,Very Low,41.66666666666667,Relatively Low,,Not Applicable,22.928709055876688,Very Low,35.01908396946565,Very Low,36.54580152671756,Very Low,2.671755725190839,Very Low
21043,Kentucky,KY,Carter,52.735368956743,Relatively Low,36.96287025448478,Very Low,69.40203562340967,Relatively Low,,Not Applicable,86.38407193320488,Relatively Moderate,42.23918575063613,Very Low,89.85368956743002,Relatively Moderate,58.23791348600509,Very Low
21045,Kentucky,KY,Casey,37.05470737913486,Very Low,44.764288694201085,Very Low,48.75954198473282,Relatively Low,,Not Applicable,28.998073217726393,Very Low,55.24809160305344,Very Low,56.583969465648856,Very Low,17.8117048346056,Very Low
21047,Kentucky,KY,Christian,79.64376590330788,Relatively Low,34.4180225281602,Very Low,74.87277353689568,Relatively Moderate,,Not Applicable,76.20423892100193,Relatively Low,93.73409669211196,Relatively Moderate,26.97201017811705,Very Low,14.50381679389313,Very Low
21049,Kentucky,KY,Clark,38.295165394402034,Very Low,33.50020859407593,Very Low,47.29643765903308,Relatively Low,,Not Applicable,43.641618497109825,Relatively Low,59.38295165394402,Very Low,40.5852417302799,Very Low,14.31297709923664,Very Low
21051,Kentucky,KY,Clay,67.14376590330788,Relatively Low,36.50396328744264,Very Low,80.9796437659033,Relatively Moderate,,Not Applicable,47.527296082209375,Relatively Low,41.79389312977099,Very Low,93.28880407124683,Relatively Moderate,85.14631043256998,Relatively Low
21053,Kentucky,KY,Clinton,24.52290076335878,Very Low,45.47350855235711,Very Low,40.966921119592875,Relatively Low,,Not Applicable,23.699421965317917,Very Low,36.19592875318066,Very Low,39.408396946564885,Very Low,33.42875318066158,Very Low
21055,Kentucky,KY,Crittenden,30.375318066157757,Very Low,24.53066332916145,Very Low,30.788804071246815,Very Low,,Not Applicable,49.03660886319846,Relatively Low,81.61577608142494,Relatively Low,36.418575063613225,Very Low,8.810432569974555,Very Low
21057,Kentucky,KY,Cumberland,30.08905852417303,Very Low,35.878181059657905,Very Low,53.721374045801525,Relatively Low,,Not Applicable,22.093770070648684,Very Low,38.74045801526718,Very Low,57.69720101781171,Very Low,6.202290076335878,Very Low
21059,Kentucky,KY,Daviess,88.13613231552164,Relatively Moderate,35.04380475594493,Very Low,88.83587786259542,Relatively Moderate,,Not Applicable,90.84778420038536,Relatively Moderate,95.86513994910942,Relatively Moderate,28.880407124681934,Very Low,17.90712468193384,Very Low
21061,Kentucky,KY,Edmonson,11.036895674300254,Very Low,16.270337922403,Very Low,18.575063613231553,Very Low,,Not Applicable,28.45215157353886,Very Low,43.44783715012723,Very Low,40.012722646310436,Very Low,3.498727735368957,Very Low
21063,Kentucky,KY,Elliott,12.213740458015266,Very Low,35.25239883187318,Very Low,32.88804071246819,Very Low,,Not Applicable,45.536287732819524,Relatively Low,35.08269720101781,Very Low,87.1501272264631,Relatively Low,57.31552162849872,Very Low
21065,Kentucky,KY,Estill,41.79389312977099,Very Low,28.076762619941594,Very Low,63.899491094147585,Relatively Low,,Not Applicable,34.74630700064226,Very Low,35.400763358778626,Very Low,51.844783715012724,Very Low,44.656488549618324,Very Low
21067,Kentucky,KY,Fayette,92.04834605597965,Relatively Moderate,56.987901543596166,Very Low,92.68447837150127,Relatively Moderate,,Not Applicable,86.9621066152858,Relatively Moderate,93.03435114503816,Relatively Moderate,13.963104325699746,Very Low,26.908396946564885,Very Low
21069,Kentucky,KY,Fleming,30.979643765903308,Very Low,37.254901960784316,Very Low,47.07379134860051,Relatively Low,,Not Applicable,39.37058445728966,Relatively Low,49.1412213740458,Very Low,53.05343511450382,Very Low,22.55089058524173,Very Low
21071,Kentucky,KY,Floyd,94.17938931297711,Relatively Moderate,50.7717980809345,Very Low,97.80534351145039,Relatively High,,Not Applicable,58.15671162491972,Relatively Low,64.2175572519084,Relatively Low,90.7442748091603,Relatively Moderate,86.32315521628499,Relatively Low
21073,Kentucky,KY,Franklin,64.47201017811705,Relatively Low,28.410513141426787,Very Low,70.96055979643766,Relatively Low,,Not Applicable,40.10918432883751,Relatively Low,63.104325699745544,Relatively Low,40.458015267175576,Very Low,15.012722646310433,Very Low
21075,Kentucky,KY,Fulton,46.75572519083969,Relatively Low,34.58489778890279,Very Low,19.21119592875318,Very Low,,Not Applicable,51.15606936416185,Relatively Low,91.92111959287533,Relatively Moderate,43.765903307888046,Very Low,4.834605597964376,Very Low
21077,Kentucky,KY,Gallatin,17.270992366412212,Very Low,7.175636211931582,Very Low,33.87404580152672,Very Low,,Not Applicable,18.72190109184329,Very Low,23.123409669211195,Very Low,34.63740458015267,Very Low,2.003816793893129,Very Low
21079,Kentucky,KY,Garrard,30.248091603053435,Very Low,44.847726324572385,Very Low,40.93511450381679,Relatively Low,,Not Applicable,29.190751445086704,Very Low,49.36386768447837,Very Low,41.73027989821883,Very Low,18.09796437659033,Very Low
21081,Kentucky,KY,Grant,16.28498727735369,Very Low,7.759699624530664,Very Low,17.14376590330789,Very Low,,Not Applicable,43.03147077713552,Relatively Low,39.3765903307888,Very Low,56.48854961832062,Very Low,7.220101781170484,Very Low
21083,Kentucky,KY,Graves,83.96946564885496,Relatively Moderate,48.72757613683771,Very Low,56.80661577608143,Relatively Low,,Not Applicable,75.208734746307,Relatively Low,96.9147582697201,Relatively Moderate,68.54325699745547,Relatively Low,26.717557251908396,Very Low
21085,Kentucky,KY,Grayson,45.26081424936387,Relatively Low,35.08552357113058,Very Low,48.282442748091604,Relatively Low,,Not Applicable,54.43159922928709,Relatively Low,70.29262086513995,Relatively Low,47.900763358778626,Very Low,11.704834605597965,Very Low
21087,Kentucky,KY,Green,14.026717557251908,Very Low,31.956612432206928,Very Low,22.391857506361323,Very Low,,Not Applicable,25.75465639049454,Very Low,47.264631043257,Very Low,36.25954198473282,Very Low,4.293893129770993,Very Low
21089,Kentucky,KY,Greenup,52.608142493638674,Relatively Low,39.63287442636629,Very Low,68.44783715012723,Relatively Low,,Not Applicable,87.98972382787412,Relatively Moderate,43.12977099236641,Very Low,84.89185750636132,Relatively Low,40.235368956743,Very Low
21091,Kentucky,KY,Hancock,28.75318066157761,Very Low,15.018773466833544,Very Low,48.25063613231552,Relatively Low,,Not Applicable,35.2922286448298,Very Low,70.41984732824427,Relatively Low,38.104325699745544,Very Low,5.120865139949109,Very Low
21093,Kentucky,KY,Hardin,75.50890585241731,Relatively Low,40.34209428452232,Very Low,73.69592875318067,Relatively Moderate,,Not Applicable,71.96531791907515,Relatively Low,84.57379134860051,Relatively Low,33.61959287531807,Very Low,32.82442748091603,Very Low
21095,Kentucky,KY,Harlan,65.7442748091603,Relatively Low,42.5531914893617,Very Low,79.86641221374046,Relatively Moderate,,Not Applicable,39.691714836223504,Relatively Low,56.170483460559794,Very Low,90.45801526717557,Relatively Moderate,69.81552162849873,Relatively Low
21097,Kentucky,KY,Harrison,33.778625954198475,Very Low,32.99958281184814,Very Low,48.88676844783715,Relatively Low,,Not Applicable,31.79190751445087,Very Low,56.13867684478372,Very Low,47.105597964376585,Very Low,9.82824427480916,Very Low
21099,Kentucky,KY,Hart,41.12595419847328,Very Low,38.46474760116813,Very Low,49.713740458015266,Relatively Low,,Not Applicable,40.783558124598585,Relatively Low,63.48600508905853,Relatively Low,45.83333333333333,Very Low,10.90966921119593,Very Low
21101,Kentucky,KY,Henderson,73.15521628498728,Relatively Low,29.203170629954112,Very Low,74.93638676844783,Relatively Moderate,,Not Applicable,73.82787411689145,Relatively Low,92.93893129770993,Relatively Moderate,17.43002544529262,Very Low,7.061068702290077,Very Low
21103,Kentucky,KY,Henry,15.744274809160306,Very Low,9.678765123070505,Very Low,27.29007633587786,Very Low,,Not Applicable,20.809248554913296,Very Low,43.19338422391857,Very Low,28.62595419847328,Very Low,5.916030534351145,Very Low
21105,Kentucky,KY,Hickman,35.81424936386768,Very Low,38.04755944931164,Very Low,8.555979643765903,Very Low,,Not Applicable,40.49454078355812,Relatively Low,90.87150127226464,Relatively Moderate,40.33078880407125,Very Low,2.767175572519084,Very Low
21107,Kentucky,KY,Hopkins,72.55089058524173,Relatively Low,29.912390488110134,Very Low,66.63486005089058,Relatively Low,,Not Applicable,75.14450867052022,Relatively Low,91.66666666666666,Relatively Moderate,35.46437659033079,Very Low,18.765903307888042,Very Low
21109,Kentucky,KY,Jackson,24.173027989821882,Very Low,39.25740508969545,Very Low,42.43002544529262,Relatively Low,,Not Applicable,33.71868978805395,Very Low,36.32315521628499,Very Low,88.07251908396947,Relatively Moderate,79.83460559796438,Relatively Low
21111,Kentucky,KY,Jefferson,98.2824427480916,Relatively High,35.83646224447226,Very Low,99.10941475826972,Relatively High,,Not Applicable,96.88503532434169,Relatively High,96.78753180661577,Relatively Moderate,35.43256997455471,Very Low,56.10687022900763,Very Low
21113,Kentucky,KY,Jessamine,39.79007633587786,Very Low,40.42553191489361,Very Low,42.33460559796438,Relatively Low,,Not Applicable,41.32947976878613,Relatively Low,55.6615776081425,Very Low,19.87913486005089,Very Low,6.743002544529262,Very Low
21115,Kentucky,KY,Johnson,71.0559796437659,Relatively Low,45.84897788902795,Very Low,85.20992366412213,Relatively Moderate,,Not Applicable,60.34039820166988,Relatively Low,42.8117048346056,Very Low,89.91730279898219,Relatively Moderate,76.30407124681933,Relatively Low
21117,Kentucky,KY,Kenton,77.41730279898219,Relatively Low,13.141426783479348,Very Low,76.17684478371501,Relatively Moderate,,Not Applicable,80.60372511239564,Relatively Moderate,71.4058524173028,Relatively Low,49.300254452926204,Very Low,20.928753180661577,Very Low
21119,Kentucky,KY,Knott,52.09923664122137,Relatively Low,34.5014601585315,Very Low,73.1234096692112,Relatively Moderate,,Not Applicable,32.88375080282594,Very Low,35.05089058524173,Very Low,92.93893129770993,Relatively Moderate,74.10941475826972,Relatively Low
21121,Kentucky,KY,Knox,74.71374045801527,Relatively Low,39.09052982895286,Very Low,71.66030534351145,Relatively Low,,Not Applicable,55.78034682080924,Relatively Low,70.22900763358778,Relatively Low,89.47201017811705,Relatively Moderate,84.7328244274809,Relatively Low
21123,Kentucky,KY,Larue,12.436386768447836,Very Low,25.281602002503128,Very Low,22.868956743002546,Very Low,,Not Applicable,25.208734746306998,Very Low,50.795165394402034,Very Low,15.489821882951654,Very Low,7.029262086513994,Very Low
21125,Kentucky,KY,Laurel,71.66030534351145,Relatively Low,50.9386733416771,Very Low,64.94910941475827,Relatively Low,,Not Applicable,79.54399486191393,Relatively Moderate,77.25826972010178,Relatively Low,86.92748091603053,Relatively Low,89.50381679389314,Relatively Moderate
21127,Kentucky,KY,Lawrence,53.276081424936386,Relatively Low,34.2511472674176,Very Low,72.99618320610686,Relatively Moderate,,Not Applicable,78.03468208092485,Relatively Low,32.88804071246819,Very Low,89.56743002544529,Relatively Moderate,66.95292620865139,Relatively Low
21129,Kentucky,KY,Lee,7.506361323155216,Very Low,26.157697121401753,Very Low,21.151399491094146,Very Low,,Not Applicable,21.45150931278099,Very Low,25.286259541984734,Very Low,83.58778625954199,Relatively Low,57.79262086513995,Very Low
21131,Kentucky,KY,Leslie,31.711195928753185,Very Low,31.49770546516479,Very Low,57.09287531806616,Relatively Low,,Not Applicable,26.268464996788698,Very Low,39.69465648854962,Very Low,94.8791348600509,Relatively Moderate,62.81806615776081,Very Low
21133,Kentucky,KY,Letcher,66.6030534351145,Relatively Low,41.17647058823529,Very Low,83.11068702290076,Relatively Moderate,,Not Applicable,36.67308927424535,Very Low,52.48091603053435,Very Low,91.22137404580153,Relatively Moderate,76.49491094147582,Relatively Low
21135,Kentucky,KY,Lewis,41.475826972010175,Very Low,34.12599082186066,Very Low,64.91730279898219,Relatively Low,,Not Applicable,59.28066795118818,Relatively Low,27.003816793893133,Very Low,84.38295165394402,Relatively Low,15.330788804071247,Very Low
21137,Kentucky,KY,Lincoln,32.56997455470738,Very Low,42.46975385899041,Very Low,44.211195928753185,Relatively Low,,Not Applicable,35.7096981374438,Very Low,57.3791348600509,Very Low,35.87786259541985,Very Low,24.33206106870229,Very Low
21139,Kentucky,KY,Livingston,27.131043256997454,Very Low,24.113475177304963,Very Low,23.346055979643765,Very Low,,Not Applicable,50.28901734104046,Relatively Low,82.06106870229007,Relatively Low,32.729007633587784,Very Low,6.520356234096693,Very Low
21141,Kentucky,KY,Logan,54.64376590330788,Relatively Low,34.79349186483104,Very Low,41.63486005089059,Relatively Low,,Not Applicable,53.33975594091201,Relatively Low,81.26590330788804,Relatively Low,25.095419847328245,Very Low,5.693384223918575,Very Low
21143,Kentucky,KY,Lyon,28.880407124681934,Very Low,17.813934084272006,Very Low,18.161577608142494,Very Low,,Not Applicable,45.98587026332691,Relatively Low,81.99745547073792,Relatively Low,47.67811704834606,Very Low,12.754452926208652,Very Low
21145,Kentucky,KY,McCracken,89.66284987277355,Relatively Moderate,44.30538172715895,Very Low,80.40712468193384,Relatively Moderate,,Not Applicable,95.21515735388569,Relatively Moderate,97.55089058524173,Relatively Moderate,53.0852417302799,Very Low,35.6234096692112,Very Low
21147,Kentucky,KY,McCreary,25.318066157760814,Very Low,48.477263245723826,Very Low,24.30025445292621,Very Low,,Not Applicable,44.34810533076429,Relatively Low,60.01908396946565,Relatively Low,90.77608142493638,Relatively Moderate,74.17302798982189,Relatively Low
21149,Kentucky,KY,McLean,40.71246819338422,Very Low,26.866916979557782,Very Low,45.83333333333333,Relatively Low,,Not Applicable,45.40783558124598,Relatively Low,84.63740458015268,Relatively Low,17.87531806615776,Very Low,4.516539440203562,Very Low
21151,Kentucky,KY,Madison,74.84096692111959,Relatively Low,50.646641635377556,Very Low,75.98600508905852,Relatively Moderate,,Not Applicable,61.111111111111114,Relatively Low,76.84478371501272,Relatively Low,48.409669211195926,Very Low,52.035623409669206,Very Low
21153,Kentucky,KY,Magoffin,34.987277353689564,Very Low,37.33833959115561,Very Low,60.49618320610687,Relatively Low,,Not Applicable,34.71419396274887,Very Low,40.74427480916031,Very Low,88.5178117048346,Relatively Moderate,82.06106870229007,Relatively Low
21155,Kentucky,KY,Marion,30.216284987277355,Very Low,37.04630788485607,Very Low,39.662849872773535,Relatively Low,,Not Applicable,27.874116891457934,Very Low,60.55979643765903,Relatively Low,35.400763358778626,Very Low,11.132315521628499,Very Low
21157,Kentucky,KY,Marshall,61.92748091603053,Relatively Low,41.88569044639132,Very Low,47.264631043257,Relatively Low,,Not Applicable,70.71290944123314,Relatively Low,92.58905852417303,Relatively Moderate,68.12977099236642,Relatively Low,28.56234096692112,Very Low
21159,Kentucky,KY,Martin,49.93638676844784,Relatively Low,40.30037546933667,Very Low,71.2150127226463,Relatively Low,,Not Applicable,49.51830443159923,Relatively Low,30.15267175572519,Very Low,89.50381679389314,Relatively Moderate,77.19465648854961,Relatively Low
21161,Kentucky,KY,Mason,39.18575063613232,Very Low,35.377555277430126,Very Low,56.170483460559794,Relatively Low,,Not Applicable,50.449582530507385,Relatively Low,54.07124681933843,Very Low,39.88549618320611,Very Low,6.552162849872774,Very Low
21163,Kentucky,KY,Meade,40.903307888040715,Very Low,14.851898206090947,Very Low,45.19720101781171,Relatively Low,,Not Applicable,49.293513166345534,Relatively Low,61.29134860050891,Relatively Low,33.71501272264631,Very Low,13.899491094147582,Very Low
21165,Kentucky,KY,Menifee,6.202290076335878,Very Low,16.604088443888195,Very Low,21.755725190839694,Very Low,,Not Applicable,20.23121387283237,Very Low,20.419847328244277,Very Low,80.82061068702289,Relatively Low,51.526717557251914,Very Low
21167,Kentucky,KY,Mercer,41.412213740458014,Very Low,33.29161451814768,Very Low,53.30788804071247,Relatively Low,,Not Applicable,26.814386640976235,Very Low,58.396946564885496,Very Low,30.725190839694655,Very Low,11.005089058524172,Very Low
21169,Kentucky,KY,Metcalfe,21.787531806615775,Very Low,30.74676679182311,Very Low,33.01526717557252,Very Low,,Not Applicable,31.18175979447656,Very Low,50.540712468193384,Very Low,50.38167938931297,Very Low,6.774809160305344,Very Low
21171,Kentucky,KY,Monroe,26.653944020356235,Very Low,42.511472674176055,Very Low,34.00127226463104,Very Low,,Not Applicable,31.88824662813102,Very Low,63.58142493638677,Relatively Low,49.42748091603054,Very Low,11.036895674300254,Very Low
21173,Kentucky,KY,Montgomery,34.31933842239186,Very Low,36.92115143929912,Very Low,49.68193384223918,Relatively Low,,Not Applicable,42.614001284521514,Relatively Low,57.76081424936387,Very Low,35.973282442748086,Very Low,30.661577608142494,Very Low
21175,Kentucky,KY,Morgan,22.07379134860051,Very Low,37.42177722152691,Very Low,45.70610687022901,Relatively Low,,Not Applicable,37.66859344894027,Very Low,37.18193384223918,Very Low,88.83587786259542,Relatively Moderate,70.92875318066157,Relatively Low
21177,Kentucky,KY,Muhlenberg,53.24427480916031,Relatively Low,30.413016270337923,Very Low,45.73791348600509,Relatively Low,,Not Applicable,73.50674373795762,Relatively Low,85.7824427480916,Relatively Low,40.17175572519084,Very Low,18.161577608142494,Very Low
21179,Kentucky,KY,Nelson,55.18447837150128,Relatively Low,25.44847726324572,Very Low,62.65903307888041,Relatively Low,,Not Applicable,44.89402697495183,Relatively Low,70.26081424936386,Relatively Low,38.54961832061068,Very Low,24.58651399491094,Very Low
21181,Kentucky,KY,Nicholas,18.98854961832061,Very Low,31.20567375886525,Very Low,41.348600508905854,Relatively Low,,Not Applicable,23.442517662170843,Very Low,38.54961832061068,Very Low,54.93002544529262,Very Low,2.290076335877862,Very Low
21183,Kentucky,KY,Ohio,54.166666666666664,Relatively Low,40.842720066750104,Very Low,53.848600508905854,Relatively Low,,Not Applicable,57.96403339755941,Relatively Low,85.75063613231552,Relatively Low,52.3854961832061,Very Low,11.768447837150127,Very Low
21185,Kentucky,KY,Oldham,55.97964376590331,Relatively Low,8.719232373800583,Very Low,59.70101781170484,Relatively Low,,Not Applicable,36.48041104688504,Very Low,56.10687022900763,Very Low,22.391857506361323,Very Low,16.539440203562343,Very Low
21187,Kentucky,KY,Owen,15.203562340966922,Very Low,13.183145598664996,Very Low,30.852417302798983,Very Low,,Not Applicable,25.08028259473346,Very Low,32.76081424936387,Very Low,55.1208651399491,Very Low,5.629770992366412,Very Low
21189,Kentucky,KY,Owsley,6.393129770992366,Very Low,23.070504797663745,Very Low,21.246819338422394,Very Low,,Not Applicable,17.886962106615286,Very Low,25.41348600508906,Very Low,82.31552162849873,Relatively Low,64.56743002544529,Relatively Low
21191,Kentucky,KY,Pendleton,29.898218829516537,Very Low,8.343763037129746,Very Low,49.10941475826972,Relatively Low,,Not Applicable,35.16377649325626,Very Low,30.884223918575067,Very Low,57.98346055979644,Very Low,5.534351145038168,Very Low
21193,Kentucky,KY,Perry,73.21882951653944,Relatively Low,44.3471005423446,Very Low,86.29134860050891,Relatively Moderate,,Not Applicable,40.912010276172126,Relatively Low,49.61832061068702,Very Low,92.39821882951654,Relatively Moderate,77.92620865139949,Relatively Low
21195,Kentucky,KY,Pike,87.88167938931298,Relatively Moderate,51.18898623279099,Very Low,93.95674300254453,Relatively High,,Not Applicable,67.2125883108542,Relatively Low,57.283715012722645,Very Low,99.07760814249363,Relatively High,90.07633587786259,Relatively Moderate
21197,Kentucky,KY,Powell,31.202290076335874,Very Low,34.83521068001669,Very Low,51.3676844783715,Relatively Low,,Not Applicable,32.113037893384714,Very Low,37.81806615776082,Very Low,48.791348600508904,Very Low,43.19338422391857,Very Low
21199,Kentucky,KY,Pulaski,79.13486005089058,Relatively Low,56.19524405506884,Very Low,81.55216284987277,Relatively Moderate,,Not Applicable,66.12074502247913,Relatively Low,83.61959287531806,Relatively Low,64.7264631043257,Relatively Low,64.15394402035624,Relatively Low
21201,Kentucky,KY,Robertson,1.653944020356234,Very Low,11.597830621610346,Very Low,6.552162849872774,Very Low,,Not Applicable,21.06615285806037,Very Low,27.70356234096692,Very Low,43.47964376590331,Very Low,0.731552162849873,Very Low
21203,Kentucky,KY,Rockcastle,36.1323155216285,Very Low,35.502711722987065,Very Low,52.958015267175576,Relatively Low,,Not Applicable,40.141297366730896,Relatively Low,40.87150127226463,Very Low,84.98727735368958,Relatively Low,47.51908396946565,Very Low
21205,Kentucky,KY,Rowan,47.900763358778626,Relatively Low,45.056320400500624,Very Low,67.23918575063614,Relatively Low,,Not Applicable,51.18818240205524,Relatively Low,45.67430025445292,Very Low,82.47455470737913,Relatively Low,46.596692111959285,Very Low
21207,Kentucky,KY,Russell,31.87022900763359,Very Low,49.2282019190655,Very Low,35.655216284987276,Relatively Low,,Not Applicable,35.195889531149646,Very Low,56.36132315521628,Very Low,44.274809160305345,Very Low,29.834605597964376,Very Low
21209,Kentucky,KY,Scott,56.075063613231556,Relatively Low,37.00458906967042,Very Low,58.14249363867684,Relatively Low,,Not Applicable,50.03211303789339,Relatively Low,75.44529262086515,Relatively Low,42.93893129770993,Very Low,14.567430025445294,Very Low
21211,Kentucky,KY,Shelby,61.86386768447837,Relatively Low,20.317062995410932,Very Low,61.41857506361323,Relatively Low,,Not Applicable,45.43994861913937,Relatively Low,73.56870229007633,Relatively Low,36.48218829516539,Very Low,21.374045801526716,Very Low
21213,Kentucky,KY,Simpson,27.003816793893133,Very Low,27.325823946599915,Very Low,24.204834605597963,Very Low,,Not Applicable,39.27424534360951,Relatively Low,76.55852417302799,Relatively Low,6.488549618320611,Very Low,5.470737913486006,Very Low
21215,Kentucky,KY,Spencer,13.326972010178118,Very Low,7.84313725490196,Very Low,22.55089058524173,Very Low,,Not Applicable,21.355170199100833,Very Low,39.153944020356235,Very Low,39.853689567430024,Very Low,9.12849872773537,Very Low
21217,Kentucky,KY,Taylor,38.708651399491096,Very Low,37.546933667083856,Very Low,40.61704834605598,Relatively Low,,Not Applicable,38.88888888888889,Relatively Low,67.20737913486005,Relatively Low,30.59796437659033,Very Low,7.729007633587787,Very Low
21219,Kentucky,KY,Todd,28.56234096692112,Very Low,30.079265748852734,Very Low,29.103053435114507,Very Low,,Not Applicable,40.23763648041105,Relatively Low,77.32188295165395,Relatively Low,20.896946564885496,Very Low,2.894402035623409,Very Low
21221,Kentucky,KY,Trigg,48.409669211195926,Relatively Low,24.405506883604506,Very Low,49.33206106870229,Relatively Low,,Not Applicable,51.316634553628774,Relatively Low,85.20992366412213,Relatively Low,52.894402035623415,Very Low,12.53180661577608,Very Low
21223,Kentucky,KY,Trimble,11.895674300254452,Very Low,14.267834793491865,Very Low,23.473282442748094,Very Low,,Not Applicable,18.754014129736674,Very Low,27.958015267175572,Very Low,42.23918575063613,Very Low,3.562340966921119,Very Low
21225,Kentucky,KY,Union,42.779898218829516,Very Low,26.61660408844389,Very Low,35.973282442748086,Relatively Low,,Not Applicable,60.53307642903019,Relatively Low,88.35877862595419,Relatively Low,22.487277353689567,Very Low,5.597964376590331,Very Low
21227,Kentucky,KY,Warren,88.48600508905852,Relatively Moderate,44.22194409678765,Very Low,87.34096692111959,Relatively Moderate,,Not Applicable,82.17726396917149,Relatively Moderate,90.68066157760815,Relatively Moderate,36.38676844783715,Very Low,18.51145038167939,Very Low
21229,Kentucky,KY,Washington,16.730279898218832,Very Low,25.823946599916564,Very Low,27.83078880407125,Very Low,,Not Applicable,20.10276172125883,Very Low,48.791348600508904,Very Low,48.66412213740458,Very Low,11.482188295165395,Very Low
21231,Kentucky,KY,Wayne,54.67557251908397,Relatively Low,52.52398831873175,Very Low,51.14503816793893,Relatively Low,,Not Applicable,41.29736673089274,Relatively Low,57.82442748091603,Very Low,81.07506361323156,Relatively Low,38.0089058524173,Very Low
21233,Kentucky,KY,Webster,29.230279898218832,Very Low,21.818940342094283,Very Low,31.838422391857506,Very Low,,Not Applicable,46.596017983301216,Relatively Low,81.20229007633588,Relatively Low,23.282442748091604,Very Low,2.512722646310432,Very Low
21235,Kentucky,KY,Whitley,62.213740458015266,Relatively Low,44.72256987901543,Very Low,71.08778625954199,Relatively Low,,Not Applicable,65.28580603725112,Relatively Low,69.91094147582697,Relatively Low,85.65521628498728,Relatively Low,85.1145038167939,Relatively Low
21237,Kentucky,KY,Wolfe,18.543256997455472,Very Low,31.2473925740509,Very Low,42.62086513994911,Relatively Low,,Not Applicable,24.759152215799617,Very Low,29.961832061068705,Very Low,89.15394402035624,Relatively Moderate,63.80407124681934,Relatively Low
21239,Kentucky,KY,Woodford,40.012722646310436,Very Low,33.83395911556112,Very Low,47.96437659033079,Relatively Low,,Not Applicable,28.644829800899164,Very Low,57.95165394402035,Very Low,15.935114503816795,Very Low,7.697201017811704,Very Low
22001,Louisiana,LA,Acadia,88.61323155216286,Relatively Moderate,96.6624947851481,Relatively High,86.41857506361323,Relatively Moderate,45.4,Relatively Low,80.63583815028902,Relatively Moderate,48.31424936386768,Very Low,13.835877862595419,Very Low,61.60941475826972,Very Low
22003,Louisiana,LA,Allen,50.699745547073796,Relatively Low,84.98122653316645,Relatively Moderate,45.06997455470738,Relatively Low,30.599999999999998,Very Low,51.86255619781631,Relatively Low,29.739185750636132,Very Low,7.601781170483461,Very Low,76.65394402035624,Relatively Low
22005,Louisiana,LA,Ascension,92.14376590330788,Relatively Moderate,97.95577805590321,Relatively High,77.7671755725191,Relatively Moderate,79.2,Relatively Moderate,91.20102761721259,Relatively Moderate,58.36513994910941,Very Low,21.978371501272264,Very Low,26.622137404580155,Very Low
22007,Louisiana,LA,Assumption,70.29262086513995,Relatively Low,93.4918648310388,Relatively High,29.611959287531807,Very Low,78.0,Relatively Moderate,66.92357096981374,Relatively Low,29.993638676844785,Very Low,14.376590330788805,Very Low,4.007633587786259,Very Low
22009,Louisiana,LA,Avoyelles,72.99618320610686,Relatively Low,90.02920317062996,Relatively Moderate,44.529262086513995,Relatively Low,0.0,No Rating,78.48426461143224,Relatively Low,52.09923664122137,Very Low,29.770992366412212,Very Low,49.300254452926204,Very Low
22011,Louisiana,LA,Beauregard,55.56615776081425,Relatively Low,82.47809762202753,Relatively Moderate,59.92366412213741,Relatively Low,22.6,Very Low,61.46435452793835,Relatively Low,34.096692111959285,Very Low,13.231552162849871,Very Low,86.29134860050891,Relatively Low
22013,Louisiana,LA,Bienville,28.65776081424936,Very Low,67.87651230705049,Relatively Low,25.127226463104325,Very Low,,Not Applicable,71.32305716120744,Relatively Low,42.33460559796438,Very Low,36.800254452926204,Very Low,21.4058524173028,Very Low
22015,Louisiana,LA,Bossier,82.5381679389313,Relatively Moderate,74.76011681268253,Relatively Low,73.95038167938931,Relatively Moderate,,Not Applicable,97.88053949903662,Relatively High,71.97837150127226,Relatively Low,43.79770992366412,Very Low,38.645038167938935,Very Low
22017,Louisiana,LA,Caddo,92.6208651399491,Relatively Moderate,82.77012932832707,Relatively Moderate,92.04834605597965,Relatively Moderate,,Not Applicable,98.71547848426461,Relatively High,84.66921119592875,Relatively Low,63.963104325699746,Relatively Low,62.75445292620865,Very Low
22019,Louisiana,LA,Calcasieu,95.70610687022901,Relatively High,98.2060909470171,Very High,94.46564885496184,Relatively High,84.0,Relatively High,88.53564547206165,Relatively Moderate,65.45801526717557,Relatively Low,35.81424936386768,Very Low,90.55343511450383,Relatively Moderate
22021,Louisiana,LA,Caldwell,10.49618320610687,Very Low,62.244472256987905,Relatively Low,17.62086513994911,Very Low,,Not Applicable,56.26204238921002,Relatively Low,28.33969465648855,Very Low,24.55470737913486,Very Low,25.986005089058523,Very Low
22023,Louisiana,LA,Cameron,33.651399491094146,Very Low,82.14434710054235,Relatively Moderate,5.916030534351145,Very Low,84.6,Relatively High,18.978805394990367,Very Low,10.400763358778626,Very Low,3.657760814249364,Very Low,86.54580152671755,Relatively Low
22025,Louisiana,LA,Catahoula,17.016539440203562,Very Low,74.00917813934085,Relatively Low,14.472010178117047,Very Low,,Not Applicable,58.060372511239564,Relatively Low,39.853689567430024,Very Low,38.93129770992366,Very Low,17.716284987277355,Very Low
22027,Louisiana,LA,Claiborne,41.73027989821883,Very Low,69.54526491447642,Relatively Low,35.20992366412214,Relatively Low,,Not Applicable,73.0892742453436,Relatively Low,48.75954198473282,Very Low,45.960559796437664,Very Low,28.62595419847328,Very Low
22029,Louisiana,LA,Concordia,31.552162849872772,Very Low,77.3884021693784,Relatively Low,22.83715012722646,Very Low,0.0,No Rating,73.69942196531792,Relatively Low,49.650127226463106,Very Low,23.314249363867685,Very Low,11.100508905852417,Very Low
22031,Louisiana,LA,De Soto,42.01653944020356,Very Low,67.37588652482269,Relatively Low,46.24681933842239,Relatively Low,,Not Applicable,82.40205523442518,Relatively Moderate,42.270992366412216,Very Low,29.930025445292618,Very Low,55.470737913486005,Very Low
22033,Louisiana,LA,East Baton Rouge,97.96437659033079,Relatively High,98.16437213183146,Very High,97.32824427480917,Relatively High,54.6,Relatively Low,98.07321772639692,Relatively High,84.44656488549617,Relatively Low,59.66921119592875,Very Low,32.283715012722645,Very Low
22035,Louisiana,LA,East Carroll,21.596692111959285,Very Low,66.83354192740926,Relatively Low,8.68320610687023,Very Low,,Not Applicable,55.04174694926141,Relatively Low,58.460559796437664,Very Low,14.980916030534353,Very Low,6.870229007633588,Very Low
22037,Louisiana,LA,East Feliciana,56.424936386768444,Relatively Low,84.64747601168126,Relatively Moderate,54.58015267175572,Relatively Low,0.0,No Rating,64.64354527938343,Relatively Low,38.32697201017812,Very Low,24.013994910941474,Very Low,58.587786259541986,Very Low
22039,Louisiana,LA,Evangeline,75.92239185750637,Relatively Low,89.57029620358782,Relatively Moderate,62.27735368956743,Relatively Low,0.0,No Rating,69.01091843288376,Relatively Low,40.26717557251908,Very Low,13.61323155216285,Very Low,68.6704834605598,Relatively Low
22041,Louisiana,LA,Franklin,35.909669211195926,Very Low,73.59198998748435,Relatively Low,30.62977099236641,Very Low,,Not Applicable,74.59858702633268,Relatively Low,54.103053435114504,Very Low,14.122137404580155,Very Low,21.183206106870227,Very Low
22043,Louisiana,LA,Grant,29.611959287531807,Very Low,65.16478931998331,Relatively Low,40.0763358778626,Relatively Low,,Not Applicable,72.60757867694284,Relatively Low,36.57760814249364,Very Low,28.18066157760814,Very Low,39.281170483460556,Very Low
22045,Louisiana,LA,Iberia,90.61704834605598,Relatively Moderate,97.28827701293284,Relatively High,81.42493638676844,Relatively Moderate,72.0,Relatively Moderate,83.49389852280027,Relatively Moderate,46.50127226463104,Very Low,16.189567430025445,Very Low,28.975826972010175,Very Low
22047,Louisiana,LA,Iberville,73.72773536895674,Relatively Low,94.40967876512308,Relatively High,36.54580152671756,Relatively Low,65.60000000000001,Relatively Moderate,71.90109184328838,Relatively Low,34.73282442748092,Very Low,20.419847328244277,Very Low,6.043256997455471,Very Low
22049,Louisiana,LA,Jackson,26.176844783715016,Very Low,65.37338339591156,Relatively Low,27.576335877862597,Very Low,,Not Applicable,70.96981374438022,Relatively Low,48.18702290076336,Very Low,30.693384223918574,Very Low,30.53435114503817,Very Low
22051,Louisiana,LA,Jefferson,98.66412213740458,Relatively High,99.79140592407175,Very High,95.99236641221374,Relatively High,95.6,Very High,97.495183044316,Relatively High,78.02162849872774,Relatively Low,28.117048346055977,Very Low,27.25826972010178,Very Low
22053,Louisiana,LA,Jefferson Davis,74.33206106870229,Relatively Low,92.28201919065498,Relatively Moderate,66.69847328244275,Relatively Low,45.6,Relatively Low,52.215799614643544,Relatively Low,31.297709923664126,Very Low,6.838422391857506,Very Low,67.84351145038168,Relatively Low
22055,Louisiana,LA,Lafayette,95.16539440203562,Relatively High,98.3729662077597,Very High,93.03435114503816,Relatively Moderate,45.0,Relatively Low,93.09569685292229,Relatively Moderate,68.35241730279898,Relatively Low,23.21882951653944,Very Low,53.021628498727736,Very Low
22057,Louisiana,LA,Lafourche,91.34860050890585,Relatively Moderate,97.74718397997498,Relatively High,64.63104325699746,Relatively Low,81.8,Relatively Moderate,92.13230571612074,Relatively Moderate,55.37531806615776,Very Low,24.93638676844784,Very Low,18.924936386768447,Very Low
22059,Louisiana,LA,LaSalle,12.150127226463106,Very Low,65.03963287442637,Relatively Low,23.377862595419845,Very Low,,Not Applicable,62.845215157353884,Relatively Low,35.909669211195926,Very Low,27.099236641221374,Very Low,20.006361323155218,Very Low
22061,Louisiana,LA,Lincoln,64.34478371501272,Relatively Low,67.00041718815186,Relatively Low,54.26208651399491,Relatively Low,,Not Applicable,89.30635838150289,Relatively Moderate,68.19338422391857,Relatively Low,57.09287531806616,Very Low,29.70737913486005,Very Low
22063,Louisiana,LA,Livingston,94.46564885496184,Relatively High,97.62202753441802,Relatively High,94.94274809160305,Relatively High,79.80000000000001,Relatively Moderate,92.2286448298009,Relatively Moderate,57.50636132315522,Very Low,24.681933842239186,Very Low,56.80661577608143,Very Low
22065,Louisiana,LA,Madison,32.44274809160305,Very Low,69.62870254484773,Relatively Low,17.970737913486005,Very Low,,Not Applicable,63.6480411046885,Relatively Low,49.840966921119595,Very Low,17.557251908396946,Very Low,4.89821882951654,Very Low
22067,Louisiana,LA,Morehouse,55.279898218829516,Relatively Low,68.16854401335002,Relatively Low,59.44656488549618,Relatively Low,,Not Applicable,79.57610789980733,Relatively Moderate,74.52290076335878,Relatively Low,26.653944020356235,Very Low,48.25063613231552,Very Low
22069,Louisiana,LA,Natchitoches,56.39312977099237,Relatively Low,75.0104297037964,Relatively Low,61.25954198473282,Relatively Low,,Not Applicable,85.77392421323057,Relatively Moderate,57.06106870229007,Very Low,62.786259541984734,Relatively Low,51.3676844783715,Very Low
22071,Louisiana,LA,Orleans,98.25063613231552,Relatively High,99.66624947851481,Very High,93.51145038167938,Relatively High,81.2,Relatively Moderate,97.23827874116891,Relatively High,80.37531806615776,Relatively Low,18.352417302798983,Very Low,48.091603053435115,Very Low
22073,Louisiana,LA,Ouachita,87.5,Relatively Moderate,79.51606174384648,Relatively Low,87.05470737913485,Relatively Moderate,,Not Applicable,96.59601798330122,Relatively High,89.28117048346056,Relatively Low,62.69083969465649,Relatively Low,56.202290076335885,Very Low
22075,Louisiana,LA,Plaquemines,72.93256997455471,Relatively Low,94.86858573216522,Relatively High,26.39949109414758,Very Low,83.0,Relatively High,62.941554271034036,Relatively Low,29.548346055979646,Very Low,15.648854961832063,Very Low,20.5470737913486,Very Low
22077,Louisiana,LA,Pointe Coupee,63.07251908396947,Relatively Low,86.52482269503547,Relatively Moderate,26.272264631043257,Very Low,0.0,No Rating,66.73089274245343,Relatively Low,39.281170483460556,Very Low,27.035623409669213,Very Low,11.80025445292621,Very Low
22079,Louisiana,LA,Rapides,84.28753180661577,Relatively Moderate,90.61326658322903,Relatively Moderate,82.22010178117048,Relatively Moderate,,Not Applicable,91.52215799614643,Relatively Moderate,73.66412213740458,Relatively Low,60.30534351145038,Very Low,78.02162849872774,Relatively Low
22081,Louisiana,LA,Red River,16.666666666666664,Very Low,63.954943679599495,Relatively Low,17.87531806615776,Very Low,,Not Applicable,57.03275529865125,Relatively Low,34.38295165394402,Very Low,9.510178117048346,Very Low,17.14376590330789,Very Low
22083,Louisiana,LA,Richland,36.67302798982188,Very Low,66.16604088443889,Relatively Low,30.756997455470735,Very Low,,Not Applicable,73.98843930635837,Relatively Low,61.57760814249363,Relatively Low,17.14376590330789,Very Low,24.55470737913486,Very Low
22085,Louisiana,LA,Sabine,60.973282442748086,Relatively Low,80.3087192323738,Relatively Low,66.53944020356234,Relatively Low,,Not Applicable,76.46114322414901,Relatively Low,37.11832061068702,Very Low,61.57760814249363,Very Low,67.43002544529261,Relatively Low
22087,Louisiana,LA,St. Bernard,75.60432569974554,Relatively Low,95.53608677513559,Relatively High,32.220101781170484,Very Low,74.4,Relatively Moderate,68.40077071290945,Relatively Low,33.42875318066158,Very Low,8.269720101781171,Very Low,38.708651399491096,Very Low
22089,Louisiana,LA,St. Charles,85.05089058524173,Relatively Moderate,95.95327492699207,Relatively High,54.039440203562336,Relatively Low,95.39999999999999,Very High,78.51637764932563,Relatively Low,34.987277353689564,Very Low,11.673027989821882,Very Low,18.479643765903308,Very Low
22091,Louisiana,LA,St. Helena,36.291348600508904,Very Low,79.59949937421777,Relatively Low,34.95547073791349,Relatively Low,,Not Applicable,54.463712267180476,Relatively Low,28.37150127226463,Very Low,11.927480916030534,Very Low,53.30788804071247,Very Low
22093,Louisiana,LA,St. James,71.02417302798982,Relatively Low,94.11764705882352,Relatively High,25.47709923664122,Very Low,83.39999999999999,Relatively High,64.35452793834297,Relatively Low,30.18447837150127,Very Low,9.255725190839694,Very Low,4.802798982188295,Very Low
22095,Louisiana,LA,St. John the Baptist,81.5203562340967,Relatively Moderate,95.74468085106383,Relatively High,57.3791348600509,Relatively Low,75.4,Relatively Moderate,73.92421323057161,Relatively Low,37.30916030534351,Very Low,6.647582697201019,Very Low,11.863867684478372,Very Low
22097,Louisiana,LA,St. Landry,88.19974554707379,Relatively Moderate,92.24030037546935,Relatively Moderate,87.43638676844783,Relatively Moderate,41.8,Very Low,87.95761078998073,Relatively Moderate,58.93765903307888,Very Low,33.842239185750635,Very Low,65.29898218829516,Relatively Low
22099,Louisiana,LA,St. Martin,87.27735368956743,Relatively Moderate,96.12015018773467,Relatively High,69.49745547073792,Relatively Low,87.0,Relatively High,78.70905587668592,Relatively Low,43.829516539440206,Very Low,25.508905852417303,Very Low,25.0,Very Low
22101,Louisiana,LA,St. Mary,88.93129770992367,Relatively Moderate,97.32999582811847,Relatively High,50.12722646310432,Relatively Low,93.0,Relatively High,74.88760436737316,Relatively Low,43.734096692111954,Very Low,17.111959287531807,Very Low,14.980916030534353,Very Low
22103,Louisiana,LA,St. Tammany,96.56488549618321,Relatively High,98.91531080517314,Very High,94.21119592875317,Relatively High,82.6,Relatively High,96.33911368015414,Relatively Moderate,67.33460559796438,Relatively Low,37.88167938931298,Very Low,89.56743002544529,Relatively Moderate
22105,Louisiana,LA,Tangipahoa,93.32061068702289,Relatively Moderate,97.91405924071756,Relatively High,91.22137404580153,Relatively Moderate,69.39999999999999,Relatively Moderate,93.12780989081567,Relatively Moderate,65.33078880407125,Relatively Low,30.756997455470735,Very Low,78.30788804071247,Relatively Low
22107,Louisiana,LA,Tensas,14.50381679389313,Very Low,70.25448477263245,Relatively Low,8.0470737913486,Very Low,,Not Applicable,47.36673089274245,Relatively Low,37.02290076335878,Very Low,18.25699745547074,Very Low,6.329516539440204,Very Low
22109,Louisiana,LA,Terrebonne,94.24300254452926,Relatively Moderate,98.41468502294535,Very High,81.93384223918575,Relatively Moderate,94.0,Relatively High,93.67373153500321,Relatively Moderate,54.834605597964384,Very Low,22.80534351145038,Very Low,23.346055979643765,Very Low
22111,Louisiana,LA,Union,49.650127226463106,Relatively Low,64.33041301627034,Relatively Low,57.76081424936387,Relatively Low,,Not Applicable,76.84649967886962,Relatively Low,52.67175572519084,Very Low,60.81424936386769,Very Low,44.87913486005089,Very Low
22113,Louisiana,LA,Vermilion,84.764631043257,Relatively Moderate,95.36921151439299,Relatively High,79.54834605597965,Relatively Moderate,66.2,Relatively Moderate,77.03917790622992,Relatively Low,34.12849872773537,Very Low,11.641221374045802,Very Low,44.11577608142493,Very Low
22115,Louisiana,LA,Vernon,68.89312977099237,Relatively Low,87.02544847726324,Relatively Moderate,66.57124681933843,Relatively Low,,Not Applicable,73.57096981374438,Relatively Low,40.458015267175576,Very Low,43.734096692111954,Very Low,79.80279898218829,Relatively Low
22117,Louisiana,LA,Washington,85.52798982188295,Relatively Moderate,95.91155611180643,Relatively High,78.97582697201018,Relatively Moderate,,Not Applicable,83.42967244701349,Relatively Moderate,54.70737913486005,Very Low,39.726463104325695,Very Low,80.02544529262087,Relatively Low
22119,Louisiana,LA,Webster,69.529262086514,Relatively Low,70.92198581560284,Relatively Low,64.98091603053436,Relatively Low,,Not Applicable,90.65510597302506,Relatively Moderate,69.56106870229007,Relatively Low,41.0941475826972,Very Low,41.921119592875314,Very Low
22121,Louisiana,LA,West Baton Rouge,31.838422391857506,Very Low,81.97747183979975,Relatively Moderate,13.008905852417302,Very Low,16.0,Very Low,59.2485549132948,Relatively Low,31.075063613231553,Very Low,7.919847328244274,Very Low,2.926208651399491,Very Low
22123,Louisiana,LA,West Carroll,15.394402035623408,Very Low,62.828535669586984,Relatively Low,9.001272264631044,Very Low,,Not Applicable,58.67052023121387,Relatively Low,55.94783715012722,Very Low,7.251908396946565,Very Low,23.66412213740458,Very Low
22125,Louisiana,LA,West Feliciana,34.73282442748092,Very Low,78.22277847309135,Relatively Low,31.456743002544528,Very Low,0.0,No Rating,53.24341682723186,Relatively Low,25.0,Very Low,48.473282442748086,Very Low,37.62722646310432,Very Low
22127,Louisiana,LA,Winn,29.548346055979646,Very Low,66.12432206925324,Relatively Low,40.903307888040715,Relatively Low,,Not Applicable,71.38728323699422,Relatively Low,41.06234096692112,Very Low,31.647582697201017,Very Low,33.078880407124686,Very Low
23001,Maine,ME,Androscoggin,59.06488549618321,Relatively Low,86.19107217355028,Relatively Moderate,61.57760814249363,Relatively Low,0.0,No Rating,36.255619781631346,Very Low,74.90458015267176,Relatively Low,60.655216284987276,Very Low,24.77735368956743,Very Low
23003,Maine,ME,Aroostook,80.40712468193384,Relatively Low,83.06216103462661,Relatively Moderate,76.08142493638677,Relatively Moderate,,Not Applicable,14.739884393063585,Very Low,77.735368956743,Relatively Low,80.43893129770993,Relatively Low,26.240458015267176,Very Low
23005,Maine,ME,Cumberland,77.00381679389314,Relatively Low,90.69670421360033,Relatively Moderate,72.29643765903307,Relatively Low,78.4,Relatively Moderate,59.216441875401415,Relatively Low,81.13867684478372,Relatively Low,63.167938931297705,Relatively Low,38.93129770992366,Very Low
23007,Maine,ME,Franklin,43.63867684478372,Relatively Low,80.85106382978722,Relatively Low,52.989821882951645,Relatively Low,,Not Applicable,15.446371226718048,Very Low,45.83333333333333,Very Low,76.39949109414759,Relatively Low,15.998727735368956,Very Low
23009,Maine,ME,Hancock,55.025445292620866,Relatively Low,87.81810596579056,Relatively Moderate,45.16539440203562,Relatively Low,77.0,Relatively Moderate,11.753371868978805,Very Low,51.17684478371501,Very Low,66.12595419847328,Relatively Low,10.846055979643767,Very Low
23011,Maine,ME,Kennebec,75.22264631043257,Relatively Low,87.65123070504798,Relatively Moderate,80.08905852417303,Relatively Moderate,54.800000000000004,Relatively Low,38.37508028259473,Very Low,76.04961832061069,Relatively Low,72.04198473282443,Relatively Low,33.49236641221374,Very Low
23013,Maine,ME,Knox,28.5941475826972,Very Low,82.89528577388403,Relatively Moderate,21.43765903307888,Very Low,69.19999999999999,Relatively Moderate,11.496467565831727,Very Low,45.92875318066158,Very Low,85.71882951653944,Relatively Low,16.793893129770993,Very Low
23015,Maine,ME,Lincoln,31.806615776081426,Very Low,83.43763037129746,Relatively Moderate,28.848600508905854,Very Low,69.8,Relatively Moderate,14.38664097623635,Very Low,47.07379134860051,Very Low,56.99745547073791,Very Low,18.702290076335878,Very Low
23017,Maine,ME,Oxford,65.9033078880407,Relatively Low,86.10763454317897,Relatively Moderate,73.25063613231552,Relatively Moderate,,Not Applicable,32.177263969171484,Very Low,60.2735368956743,Relatively Low,83.23791348600508,Relatively Low,27.2264631043257,Very Low
23019,Maine,ME,Penobscot,78.02162849872774,Relatively Low,86.69169795577805,Relatively Moderate,83.01526717557252,Relatively Moderate,41.0,Very Low,36.127167630057805,Very Low,79.13486005089058,Relatively Low,69.40203562340967,Relatively Low,29.262086513994912,Very Low
23021,Maine,ME,Piscataquis,52.35368956743003,Relatively Low,75.80308719232374,Relatively Low,35.17811704834606,Relatively Low,,Not Applicable,9.569685292228645,Very Low,40.61704834605598,Very Low,63.358778625954194,Relatively Low,9.16030534351145,Very Low
23023,Maine,ME,Sagadahoc,23.346055979643765,Very Low,77.93074676679183,Relatively Low,26.08142493638677,Very Low,74.8,Relatively Moderate,14.322414900449582,Very Low,47.93256997455471,Very Low,44.974554707379134,Very Low,14.344783715012724,Very Low
23025,Maine,ME,Somerset,67.93893129770993,Relatively Low,85.89904046725073,Relatively Moderate,61.800254452926204,Relatively Low,,Not Applicable,20.905587668593448,Very Low,59.35114503816794,Very Low,76.20865139949109,Relatively Low,22.07379134860051,Very Low
23027,Maine,ME,Waldo,40.61704834605598,Very Low,82.81184814351272,Relatively Moderate,39.599236641221374,Relatively Low,58.8,Relatively Low,19.845857418111752,Very Low,42.716284987277355,Very Low,60.40076335877863,Very Low,17.62086513994911,Very Low
23029,Maine,ME,Washington,47.55089058524173,Relatively Low,85.94075928243637,Relatively Moderate,41.4440203562341,Relatively Low,74.6,Relatively Moderate,10.661528580603726,Very Low,46.723918575063614,Very Low,62.02290076335878,Very Low,21.755725190839694,Very Low
23031,Maine,ME,York,81.45674300254453,Relatively Moderate,91.53108051731331,Relatively Moderate,81.26590330788804,Relatively Moderate,86.6,Relatively High,52.82594733461785,Relatively Low,83.81043256997455,Relatively Low,66.2531806615776,Relatively Low,56.265903307888046,Very Low
24001,Maryland,MD,Allegany,58.524173027989825,Relatively Low,67.66791823112224,Relatively Low,73.6323155216285,Relatively Moderate,,Not Applicable,72.73603082851638,Relatively Low,52.862595419847324,Very Low,93.1615776081425,Relatively Moderate,20.960559796437657,Very Low
24003,Maryland,MD,Anne Arundel,81.87022900763358,Relatively Moderate,87.19232373800584,Relatively Moderate,80.94783715012723,Relatively Moderate,73.2,Relatively Moderate,93.22414900449583,Relatively Moderate,83.20610687022901,Relatively Low,79.07124681933843,Relatively Low,35.94147582697201,Very Low
24005,Maryland,MD,Baltimore,93.98854961832062,Relatively Moderate,92.74092615769712,Relatively Moderate,93.89312977099237,Relatively High,73.8,Relatively Moderate,99.22928709055877,Relatively High,92.43002544529261,Relatively Moderate,74.10941475826972,Relatively Low,39.53562340966921,Very Low
24009,Maryland,MD,Calvert,28.912213740458014,Very Low,81.72715894868585,Relatively Moderate,28.912213740458014,Very Low,59.4,Relatively Low,68.4971098265896,Relatively Low,50.06361323155216,Very Low,69.21119592875317,Relatively Low,52.57633587786259,Very Low
24011,Maryland,MD,Caroline,45.70610687022901,Relatively Low,88.15185648727577,Relatively Moderate,26.55852417302799,Very Low,53.400000000000006,Relatively Low,57.70712909441234,Relatively Low,52.767175572519086,Very Low,15.776081424936386,Very Low,63.74045801526718,Relatively Low
24013,Maryland,MD,Carroll,59.510178117048355,Relatively Low,76.9712140175219,Relatively Low,66.73027989821882,Relatively Low,,Not Applicable,75.17662170841362,Relatively Low,67.6208651399491,Relatively Low,60.909669211195926,Very Low,13.994910941475828,Very Low
24015,Maryland,MD,Cecil,58.5559796437659,Relatively Low,78.30621610346267,Relatively Low,60.75063613231551,Relatively Low,56.599999999999994,Relatively Low,78.25947334617854,Relatively Low,70.70610687022901,Relatively Low,57.82442748091603,Very Low,25.286259541984734,Very Low
24017,Maryland,MD,Charles,44.14758269720102,Relatively Low,78.01418439716312,Relatively Low,50.57251908396947,Relatively Low,52.400000000000006,Relatively Low,78.83750802825948,Relatively Moderate,68.25699745547074,Relatively Low,61.32315521628499,Very Low,19.24300254452926,Very Low
24019,Maryland,MD,Dorchester,53.848600508905854,Relatively Low,85.3566958698373,Relatively Moderate,21.62849872773537,Very Low,91.2,Relatively High,63.037893384714195,Relatively Low,53.43511450381679,Very Low,10.655216284987278,Very Low,83.17430025445293,Relatively Low
24021,Maryland,MD,Frederick,74.20483460559797,Relatively Low,79.26574885273259,Relatively Low,81.58396946564885,Relatively Moderate,,Not Applicable,85.09955041746949,Relatively Moderate,74.58651399491094,Relatively Low,66.76208651399492,Relatively Low,27.639949109414758,Very Low
24023,Maryland,MD,Garrett,15.998727735368956,Very Low,63.829787234042556,Relatively Low,34.70101781170484,Very Low,,Not Applicable,3.94990366088632,Very Low,32.44274809160305,Very Low,77.25826972010178,Relatively Low,31.93384223918575,Very Low
24025,Maryland,MD,Harford,72.45547073791349,Relatively Low,81.64372131831456,Relatively Moderate,78.37150127226464,Relatively Moderate,47.8,Relatively Low,90.91201027617213,Relatively Moderate,76.08142493638677,Relatively Low,49.93638676844784,Very Low,18.956743002544528,Very Low
24027,Maryland,MD,Howard,72.42366412213741,Relatively Low,81.18481435127242,Relatively Low,78.11704834605598,Relatively Moderate,20.4,Very Low,89.27424534360951,Relatively Moderate,77.51272264631042,Relatively Low,52.06743002544529,Very Low,15.553435114503817,Very Low
24029,Maryland,MD,Kent,27.512722646310433,Very Low,80.80934501460159,Relatively Low,16.28498727735369,Very Low,60.0,Relatively Low,53.62877328195247,Relatively Low,52.035623409669206,Very Low,21.723918575063614,Very Low,25.44529262086514,Very Low
24031,Maryland,MD,Montgomery,91.66666666666666,Relatively Moderate,91.7813934084272,Relatively Moderate,93.73409669211196,Relatively High,19.6,Very Low,96.98137443802185,Relatively High,91.76208651399492,Relatively Moderate,75.06361323155217,Relatively Low,25.127226463104325,Very Low
24033,Maryland,MD,Prince George's,93.1615776081425,Relatively Moderate,92.15686274509804,Relatively Moderate,94.59287531806616,Relatively High,49.4,Relatively Low,97.78420038535646,Relatively High,93.1615776081425,Relatively Moderate,91.0941475826972,Relatively Moderate,42.33460559796438,Very Low
24035,Maryland,MD,Queen Anne's,35.6234096692112,Very Low,78.5148101793909,Relatively Low,34.160305343511446,Very Low,67.2,Relatively Moderate,57.996146435452786,Relatively Low,54.293893129770986,Very Low,19.783715012722645,Very Low,59.605597964376585,Very Low
24037,Maryland,MD,St. Mary's,42.55725190839695,Very Low,85.1063829787234,Relatively Moderate,36.76844783715013,Relatively Low,63.0,Relatively Moderate,67.30892742453436,Relatively Low,57.220101781170484,Very Low,51.399491094147585,Very Low,59.03307888040712,Very Low
24039,Maryland,MD,Somerset,59.573791348600516,Relatively Low,88.77763871506049,Relatively Moderate,24.33206106870229,Very Low,93.2,Relatively High,37.54014129736673,Very Low,38.295165394402034,Very Low,5.502544529262086,Very Low,85.81424936386769,Relatively Low
24041,Maryland,MD,Talbot,42.36641221374045,Very Low,83.18731748018357,Relatively Moderate,28.021628498727736,Very Low,70.6,Relatively Moderate,81.69556840077071,Relatively Moderate,58.524173027989825,Very Low,16.825699745547073,Very Low,71.15139949109415,Relatively Low
24043,Maryland,MD,Washington,68.76590330788804,Relatively Low,85.69044639132248,Relatively Moderate,73.09160305343512,Relatively Moderate,,Not Applicable,79.1907514450867,Relatively Moderate,76.52671755725191,Relatively Low,79.54834605597965,Relatively Low,38.199745547073796,Very Low
24045,Maryland,MD,Wicomico,60.782442748091604,Relatively Low,91.57279933249896,Relatively Moderate,44.24300254452926,Relatively Low,57.8,Relatively Low,63.39113680154143,Relatively Low,60.36895674300254,Relatively Low,24.173027989821882,Very Low,80.85241730279898,Relatively Low
24047,Maryland,MD,Worcester,68.19338422391857,Relatively Low,91.98998748435544,Relatively Moderate,50.09541984732825,Relatively Low,88.0,Relatively High,56.45472061657033,Relatively Low,49.68193384223918,Very Low,15.744274809160306,Very Low,65.87150127226464,Relatively Low
24510,Maryland,MD,Baltimore,95.00636132315522,Relatively High,92.32373800584064,Relatively Moderate,94.27480916030534,Relatively High,64.0,Relatively Moderate,99.42196531791907,Relatively High,93.00254452926208,Relatively Moderate,35.591603053435115,Very Low,24.045801526717558,Very Low
25001,Massachusetts,MA,Barnstable,89.09033078880407,Relatively Moderate,94.53483521068001,Relatively High,90.7442748091603,Relatively Moderate,94.6,Very High,38.921001926782274,Relatively Low,78.11704834605598,Relatively Low,66.63486005089058,Relatively Low,53.21246819338422,Very Low
25003,Massachusetts,MA,Berkshire,84.00127226463104,Relatively Moderate,83.60450563204004,Relatively Moderate,90.64885496183206,Relatively Moderate,,Not Applicable,34.8747591522158,Very Low,72.13740458015268,Relatively Low,82.50636132315522,Relatively Low,25.190839694656486,Very Low
25005,Massachusetts,MA,Bristol,89.85368956743002,Relatively Moderate,91.40592407175636,Relatively Moderate,93.57506361323156,Relatively High,66.4,Relatively Moderate,87.31535003211303,Relatively Moderate,88.58142493638677,Relatively Low,46.4058524173028,Very Low,38.16793893129771,Very Low
25007,Massachusetts,MA,Dukes,16.793893129770993,Very Low,80.76762619941593,Relatively Low,31.99745547073791,Very Low,55.400000000000006,Relatively Low,8.156711624919717,Very Low,33.49236641221374,Very Low,13.263358778625955,Very Low,27.86259541984733,Very Low
25009,Massachusetts,MA,Essex,95.57888040712467,Relatively High,93.28327075511056,Relatively High,97.13740458015268,Relatively High,97.8,Very High,91.8111753371869,Relatively Moderate,94.91094147582697,Relatively Moderate,62.62722646310432,Relatively Low,59.19211195928753,Very Low
25011,Massachusetts,MA,Franklin,60.718829516539444,Relatively Low,78.63996662494786,Relatively Low,73.50508905852418,Relatively Moderate,,Not Applicable,50.706486833654466,Relatively Low,58.7468193384224,Very Low,81.93384223918575,Relatively Low,36.9910941475827,Very Low
25013,Massachusetts,MA,Hampden,92.77989821882952,Relatively Moderate,93.19983312473926,Relatively High,95.86513994910942,Relatively High,,Not Applicable,89.65960179833013,Relatively Moderate,90.5852417302799,Relatively Moderate,67.6526717557252,Relatively Low,39.31297709923664,Very Low
25015,Massachusetts,MA,Hampshire,69.8791348600509,Relatively Low,83.81309970796829,Relatively Moderate,79.38931297709924,Relatively Moderate,,Not Applicable,59.312780989081574,Relatively Low,70.10178117048346,Relatively Low,70.76972010178118,Relatively Low,35.81424936386768,Very Low
25017,Massachusetts,MA,Middlesex,96.94656488549617,Relatively High,95.4526491447643,Relatively High,98.50508905852418,Relatively High,56.2,Relatively Low,95.66473988439307,Relatively Moderate,96.08778625954199,Relatively Moderate,54.64376590330788,Very Low,72.7735368956743,Relatively Low
25019,Massachusetts,MA,Nantucket,38.67684478371501,Very Low,90.94701710471422,Relatively Moderate,16.571246819338423,Very Low,70.0,Relatively Moderate,0.0,No Rating,22.360050890585242,Very Low,2.258269720101781,Very Low,13.008905852417302,Very Low
25021,Massachusetts,MA,Norfolk,92.01653944020356,Relatively Moderate,92.19858156028369,Relatively Moderate,95.45165394402035,Relatively High,85.2,Relatively High,89.56326268464997,Relatively Moderate,91.50763358778626,Relatively Moderate,72.13740458015268,Relatively Low,49.77735368956743,Very Low
25023,Massachusetts,MA,Plymouth,90.36259541984732,Relatively Moderate,90.6549853984147,Relatively Moderate,92.90712468193384,Relatively Moderate,94.39999999999999,Very High,83.94348105330765,Relatively Moderate,87.65903307888041,Relatively Low,61.641221374045806,Very Low,53.78498727735369,Very Low
25025,Massachusetts,MA,Suffolk,93.51145038167938,Relatively Moderate,93.6587400917814,Relatively High,94.72010178117048,Relatively High,92.2,Relatively High,97.4630700064226,Relatively High,94.97455470737913,Relatively Moderate,36.22773536895674,Very Low,8.969465648854962,Very Low
25027,Massachusetts,MA,Worcester,93.54325699745547,Relatively Moderate,96.62077596996245,Relatively High,95.29262086513995,Relatively High,,Not Applicable,89.94861913937059,Relatively Moderate,89.34478371501272,Relatively Low,93.35241730279898,Relatively Moderate,62.59541984732825,Very Low
26001,Michigan,MI,Alcona,17.748091603053435,Very Low,29.536921151439298,Very Low,41.31679389312977,Relatively Low,30.0,Very Low,11.464354527938344,Very Low,7.251908396946565,Very Low,53.68956743002544,Very Low,41.25318066157761,Very Low
26003,Michigan,MI,Alger,9.60559796437659,Very Low,0.0,No Rating,22.041984732824428,Very Low,15.4,Very Low,4.752729608220937,Very Low,1.017811704834606,Very Low,67.14376590330788,Relatively Low,28.912213740458014,Very Low
26005,Michigan,MI,Allegan,68.51145038167938,Relatively Low,37.96412181894034,Very Low,79.35750636132316,Relatively Moderate,28.199999999999996,Very Low,45.08670520231214,Relatively Low,48.155216284987276,Very Low,60.36895674300254,Very Low,32.60178117048346,Very Low
26007,Michigan,MI,Alpena,28.33969465648855,Very Low,26.074259491030453,Very Low,51.01781170483461,Relatively Low,36.0,Very Low,24.566473988439306,Very Low,16.157760814249365,Very Low,25.604325699745544,Very Low,15.617048346055979,Very Low
26009,Michigan,MI,Antrim,25.763358778625957,Very Low,17.188151856487277,Very Low,38.645038167938935,Relatively Low,15.6,Very Low,16.987797045600512,Very Low,6.011450381679389,Very Low,72.45547073791349,Relatively Low,26.14503816793893,Very Low
26011,Michigan,MI,Arenac,20.32442748091603,Very Low,29.662077596996244,Very Low,37.43638676844784,Relatively Low,39.2,Very Low,13.776493256262043,Very Low,17.84351145038168,Very Low,29.51653944020356,Very Low,35.11450381679389,Very Low
26013,Michigan,MI,Baraga,10.655216284987278,Very Low,0.0,No Rating,13.295165394402037,Very Low,29.599999999999998,Very Low,7.610789980732177,Very Low,0.0,No Rating,23.536895674300254,Very Low,15.139949109414758,Very Low
26015,Michigan,MI,Barry,45.99236641221374,Relatively Low,21.068001668752608,Very Low,58.87404580152672,Relatively Low,,Not Applicable,32.46628131021195,Very Low,35.11450381679389,Very Low,74.26844783715013,Relatively Low,24.84096692111959,Very Low
26017,Michigan,MI,Bay,78.18066157760815,Relatively Low,42.09428452231956,Very Low,81.48854961832062,Relatively Moderate,45.800000000000004,Relatively Low,53.596660244059095,Relatively Low,42.11195928753181,Very Low,14.853689567430026,Very Low,14.662849872773537,Very Low
26019,Michigan,MI,Benzie,22.709923664122137,Very Low,8.677513558614935,Very Low,37.18193384223918,Relatively Low,27.200000000000003,Very Low,16.120745022479127,Very Low,5.311704834605599,Very Low,71.27862595419847,Relatively Low,12.118320610687022,Very Low
26021,Michigan,MI,Berrien,81.71119592875317,Relatively Moderate,31.70629954109303,Very Low,86.00508905852418,Relatively Moderate,38.800000000000004,Very Low,65.1252408477842,Relatively Low,71.94656488549617,Relatively Low,61.22773536895675,Very Low,23.473282442748094,Very Low
26023,Michigan,MI,Branch,51.81297709923665,Relatively Low,35.00208594075928,Very Low,60.909669211195926,Relatively Low,,Not Applicable,37.50802825947335,Very Low,55.3117048346056,Very Low,37.94529262086514,Very Low,15.044529262086515,Very Low
26025,Michigan,MI,Calhoun,74.52290076335878,Relatively Low,37.5052148518982,Very Low,75.79516539440203,Relatively Moderate,,Not Applicable,50.545921644187544,Relatively Low,66.6030534351145,Relatively Low,62.054707379134854,Very Low,28.466921119592875,Very Low
26027,Michigan,MI,Cass,47.70992366412214,Relatively Low,31.83145598664998,Very Low,55.56615776081425,Relatively Low,,Not Applicable,42.2286448298009,Relatively Low,51.27226463104325,Very Low,65.80788804071247,Relatively Low,19.020356234096692,Very Low
26029,Michigan,MI,Charlevoix,22.328244274809162,Very Low,17.73049645390071,Very Low,32.31552162849873,Very Low,26.400000000000002,Very Low,17.758509955041745,Very Low,4.357506361323155,Very Low,68.86132315521628,Relatively Low,16.221374045801525,Very Low
26031,Michigan,MI,Cheboygan,59.478371501272264,Relatively Low,24.488944513975802,Very Low,77.89440203562341,Relatively Moderate,37.2,Very Low,21.32305716120745,Very Low,11.354961832061068,Very Low,67.23918575063614,Relatively Low,25.318066157760814,Very Low
26033,Michigan,MI,Chippewa,26.304071246819337,Very Low,16.478931998331248,Very Low,49.904580152671755,Relatively Low,44.2,Relatively Low,8.124598587026332,Very Low,13.708651399491096,Very Low,50.89058524173028,Very Low,75.41348600508906,Relatively Low
26035,Michigan,MI,Clare,47.45547073791349,Relatively Low,21.485189820609094,Very Low,50.06361323155216,Relatively Low,,Not Applicable,26.011560693641616,Very Low,23.823155216284988,Very Low,64.82188295165395,Relatively Low,42.74809160305343,Very Low
26037,Michigan,MI,Clinton,47.041984732824424,Relatively Low,34.3345848977889,Very Low,51.49491094147582,Relatively Low,,Not Applicable,29.47976878612717,Very Low,32.220101781170484,Very Low,37.97709923664122,Very Low,13.19974554707379,Very Low
26039,Michigan,MI,Crawford,18.03435114503817,Very Low,13.266583229036296,Very Low,35.52798982188295,Relatively Low,,Not Applicable,10.822093770070648,Very Low,7.092875318066158,Very Low,47.264631043257,Very Low,75.22264631043257,Relatively Low
26041,Michigan,MI,Delta,53.05343511450382,Relatively Low,0.0,No Rating,60.40076335877863,Relatively Low,36.6,Very Low,12.845215157353888,Very Low,6.679389312977099,Very Low,51.87659033078881,Very Low,49.74554707379134,Very Low
26043,Michigan,MI,Dickinson,59.28753180661578,Relatively Low,0.0,No Rating,38.74045801526718,Relatively Low,,Not Applicable,13.037893384714195,Very Low,1.972010178117048,Very Low,25.318066157760814,Very Low,27.767175572519083,Very Low
26045,Michigan,MI,Eaton,67.6208651399491,Relatively Low,37.5886524822695,Very Low,72.01017811704835,Relatively Low,,Not Applicable,45.02247912652537,Relatively Low,51.08142493638677,Very Low,46.0559796437659,Very Low,22.83715012722646,Very Low
26047,Michigan,MI,Emmet,38.13613231552163,Very Low,12.849395077179809,Very Low,53.14885496183206,Relatively Low,31.4,Very Low,20.391779062299292,Very Low,5.725190839694656,Very Low,76.43129770992367,Relatively Low,16.189567430025445,Very Low
26049,Michigan,MI,Genesee,92.17557251908397,Relatively Moderate,45.348352106800164,Very Low,92.58905852417303,Relatively Moderate,,Not Applicable,85.61335902376365,Relatively Moderate,70.83333333333334,Relatively Low,52.57633587786259,Very Low,25.922391857506362,Very Low
26051,Michigan,MI,Gladwin,40.26717557251908,Very Low,22.528160200250312,Very Low,53.9440203562341,Relatively Low,,Not Applicable,18.46499678869621,Very Low,22.709923664122137,Very Low,40.966921119592875,Very Low,38.89949109414758,Very Low
26053,Michigan,MI,Gogebic,25.604325699745544,Very Low,0.0,No Rating,30.18447837150127,Very Low,13.4,Very Low,11.400128452151574,Very Low,0.572519083969466,Very Low,17.048346055979643,Very Low,14.440203562340967,Very Low
26055,Michigan,MI,Grand Traverse,65.64885496183206,Relatively Low,18.0642469753859,Very Low,57.95165394402035,Relatively Low,32.6,Very Low,33.46178548490687,Very Low,15.044529262086515,Very Low,78.21246819338423,Relatively Low,31.043256997455472,Very Low
26057,Michigan,MI,Gratiot,54.13486005089059,Relatively Low,39.04881101376721,Very Low,62.97709923664122,Relatively Low,,Not Applicable,31.502890173410403,Very Low,32.66539440203562,Very Low,33.01526717557252,Very Low,6.647582697201019,Very Low
26059,Michigan,MI,Hillsdale,49.968193384223916,Relatively Low,33.20817688777639,Very Low,56.45674300254453,Relatively Low,,Not Applicable,38.856775850995504,Relatively Low,50.50890585241731,Very Low,60.33715012722646,Very Low,18.00254452926209,Very Low
26061,Michigan,MI,Houghton,24.30025445292621,Very Low,0.0,No Rating,43.00254452926209,Relatively Low,14.000000000000002,Very Low,10.725754656390494,Very Low,0.0,No Rating,16.9529262086514,Very Low,22.74173027989822,Very Low
26063,Michigan,MI,Huron,59.03307888040712,Relatively Low,58.23946599916562,Very Low,64.12213740458014,Relatively Low,43.2,Very Low,41.55427103403982,Relatively Low,29.07124681933842,Very Low,25.795165394402037,Very Low,9.732824427480915,Very Low
26065,Michigan,MI,Ingham,87.24554707379136,Relatively Moderate,45.974134334584896,Very Low,88.48600508905852,Relatively Moderate,,Not Applicable,72.02954399486191,Relatively Low,71.31043256997455,Relatively Low,46.596692111959285,Very Low,29.580152671755727,Very Low
26067,Michigan,MI,Ionia,55.85241730279898,Relatively Low,34.000834376303715,Very Low,63.835877862595424,Relatively Low,,Not Applicable,31.66345536287733,Very Low,34.31933842239186,Very Low,65.55343511450383,Relatively Low,21.596692111959285,Very Low
26069,Michigan,MI,Iosco,37.75445292620866,Very Low,40.05006257822278,Very Low,52.926208651399484,Relatively Low,41.4,Very Low,19.910083493898522,Very Low,23.6323155216285,Very Low,31.96564885496183,Very Low,60.718829516539444,Very Low
26071,Michigan,MI,Iron,55.05725190839694,Relatively Low,0.0,No Rating,25.667938931297712,Very Low,,Not Applicable,9.890815671162493,Very Low,1.304071246819339,Very Low,17.39821882951654,Very Low,43.288804071246815,Very Low
26073,Michigan,MI,Isabella,66.06234096692111,Relatively Low,33.04130162703379,Very Low,71.46946564885496,Relatively Low,,Not Applicable,37.957610789980734,Very Low,36.959287531806616,Very Low,44.14758269720102,Very Low,18.352417302798983,Very Low
26075,Michigan,MI,Jackson,76.46310432569975,Relatively Low,39.54943679599499,Very Low,77.13104325699746,Relatively Moderate,,Not Applicable,57.67501605651895,Relatively Low,68.06615776081425,Relatively Low,63.231552162849866,Relatively Low,32.85623409669211,Very Low
26077,Michigan,MI,Kalamazoo,81.67938931297711,Relatively Moderate,44.472256987901545,Very Low,83.14249363867684,Relatively Moderate,,Not Applicable,57.06486833654464,Relatively Low,69.8791348600509,Relatively Low,67.30279898218829,Relatively Low,36.57760814249364,Very Low
26079,Michigan,MI,Kalkaska,21.278625954198475,Very Low,10.680016687526074,Very Low,31.361323155216287,Very Low,,Not Applicable,16.89145793192036,Very Low,8.71501272264631,Very Low,59.70101781170484,Very Low,54.961832061068705,Very Low
26081,Michigan,MI,Kent,92.20737913486005,Relatively Moderate,33.625365039632875,Very Low,94.75190839694656,Relatively High,,Not Applicable,95.05459216441875,Relatively Moderate,73.60050890585241,Relatively Low,83.3969465648855,Relatively Low,42.589058524173026,Very Low
26083,Michigan,MI,Keweenaw,0.66793893129771,Very Low,0.0,No Rating,5.025445292620865,Very Low,14.799999999999999,Very Low,3.082851637764933,Very Low,0.0,No Rating,4.707379134860051,Very Low,15.298982188295165,Very Low
26085,Michigan,MI,Lake,22.041984732824428,Very Low,14.518147684605756,Very Low,40.64885496183206,Relatively Low,,Not Applicable,21.965317919075144,Very Low,12.46819338422392,Very Low,69.24300254452926,Relatively Low,43.51145038167939,Very Low
26087,Michigan,MI,Lapeer,66.41221374045801,Relatively Low,29.74551522736754,Very Low,68.41603053435115,Relatively Low,,Not Applicable,47.46307000642261,Relatively Low,35.6234096692112,Very Low,60.527989821882954,Very Low,16.921119592875318,Very Low
26089,Michigan,MI,Leelanau,48.346055979643765,Relatively Low,11.76470588235294,Very Low,42.14376590330789,Relatively Low,37.0,Very Low,17.469492614001283,Very Low,3.625954198473282,Very Low,79.42111959287533,Relatively Low,14.949109414758269,Very Low
26091,Michigan,MI,Lenawee,69.94274809160305,Relatively Low,36.629119732999584,Very Low,71.37404580152672,Relatively Low,,Not Applicable,55.234425176621706,Relatively Low,62.213740458015266,Relatively Low,55.343511450381676,Very Low,21.246819338422394,Very Low
26093,Michigan,MI,Livingston,73.47328244274809,Relatively Low,23.57113057989153,Very Low,73.9821882951654,Relatively Moderate,,Not Applicable,64.22607578676943,Relatively Low,48.44147582697201,Very Low,61.895674300254456,Very Low,37.595419847328245,Very Low
26095,Michigan,MI,Luce,2.576335877862595,Very Low,0.0,No Rating,15.489821882951654,Very Low,13.200000000000001,Very Low,3.275529865125241,Very Low,2.290076335877862,Very Low,49.1412213740458,Very Low,45.35623409669211,Very Low
26097,Michigan,MI,Mackinac,9.096692111959287,Very Low,15.269086357947433,Very Low,29.67557251908397,Very Low,36.8,Very Low,4.399486191393706,Very Low,6.138676844783715,Very Low,52.703562340966926,Very Low,47.61450381679389,Very Low
26099,Michigan,MI,Macomb,96.66030534351145,Relatively High,49.85398414685023,Very Low,97.45547073791349,Relatively High,46.6,Relatively Low,94.50867052023122,Relatively Moderate,83.58778625954199,Relatively Low,36.354961832061065,Very Low,41.73027989821883,Very Low
26101,Michigan,MI,Manistee,37.213740458015266,Very Low,15.978306216103464,Very Low,56.87022900763359,Relatively Low,27.6,Very Low,23.50674373795761,Very Low,14.694656488549619,Very Low,63.39058524173028,Relatively Low,28.212468193384222,Very Low
26103,Michigan,MI,Marquette,69.78371501272265,Relatively Low,0.0,No Rating,59.12849872773537,Relatively Low,34.599999999999994,Very Low,22.70391779062299,Very Low,1.749363867684478,Very Low,38.708651399491096,Very Low,68.70229007633588,Relatively Low
26105,Michigan,MI,Mason,25.349872773536898,Very Low,15.811430955360867,Very Low,44.847328244274806,Relatively Low,32.800000000000004,Very Low,34.32883750802826,Very Low,23.377862595419845,Very Low,60.1145038167939,Very Low,41.539440203562336,Very Low
26107,Michigan,MI,Mecosta,69.8473282442748,Relatively Low,27.40926157697122,Very Low,62.786259541984734,Relatively Low,,Not Applicable,29.030186255619782,Very Low,27.798982188295163,Very Low,68.51145038167938,Relatively Low,29.166666666666668,Very Low
26109,Michigan,MI,Menominee,44.43384223918575,Relatively Low,0.0,No Rating,44.75190839694657,Relatively Low,37.6,Very Low,14.771997430956969,Very Low,8.301526717557252,Very Low,61.51399491094147,Very Low,33.33333333333333,Very Low
26111,Michigan,MI,Midland,71.94656488549617,Relatively Low,34.668335419274094,Very Low,76.90839694656488,Relatively Moderate,,Not Applicable,51.99100834938986,Relatively Low,36.22773536895674,Very Low,29.802798982188293,Very Low,32.63358778625955,Very Low
26113,Michigan,MI,Missaukee,11.100508905852417,Very Low,17.939090529828952,Very Low,21.946564885496183,Very Low,,Not Applicable,11.046885035324342,Very Low,10.178117048346055,Very Low,49.395674300254456,Very Low,35.146310432569976,Very Low
26115,Michigan,MI,Monroe,82.47455470737913,Relatively Moderate,44.180225281602006,Very Low,87.37277353689568,Relatively Moderate,46.0,Relatively Low,73.89210019267823,Relatively Low,73.31424936386769,Relatively Low,27.480916030534353,Very Low,33.20610687022901,Very Low
26117,Michigan,MI,Montcalm,56.87022900763359,Relatively Low,25.90738423028786,Very Low,61.641221374045806,Relatively Low,,Not Applicable,32.33782915863841,Very Low,41.348600508905854,Very Low,59.35114503816794,Very Low,32.410941475826974,Very Low
26119,Michigan,MI,Montmorency,15.871501272264632,Very Low,17.605340008343763,Very Low,38.77226463104326,Relatively Low,,Not Applicable,13.48747591522158,Very Low,6.297709923664121,Very Low,62.11832061068703,Very Low,60.36895674300254,Very Low
26121,Michigan,MI,Muskegon,70.10178117048346,Relatively Low,21.69378389653734,Very Low,77.735368956743,Relatively Moderate,34.2,Very Low,62.74887604367373,Relatively Low,48.60050890585242,Very Low,47.07379134860051,Very Low,30.47073791348601,Very Low
26123,Michigan,MI,Newaygo,47.07379134860051,Relatively Low,22.236128493950773,Very Low,60.08269720101781,Relatively Low,,Not Applicable,33.01220295439949,Very Low,29.03944020356234,Very Low,73.91857506361323,Relatively Low,44.81552162849873,Very Low
26125,Michigan,MI,Oakland,97.51908396946564,Relatively High,51.022110972048395,Very Low,97.48727735368958,Relatively High,,Not Applicable,97.36673089274245,Relatively High,86.67302798982189,Relatively Low,78.30788804071247,Relatively Low,58.11068702290076,Very Low
26127,Michigan,MI,Oceana,33.71501272264631,Very Low,20.60909470171047,Very Low,43.63867684478372,Relatively Low,26.8,Very Low,30.475272960822092,Very Low,20.006361323155218,Very Low,68.38422391857506,Relatively Low,34.57379134860051,Very Low
26129,Michigan,MI,Ogemaw,36.959287531806616,Very Low,27.784730913642054,Very Low,43.12977099236641,Relatively Low,,Not Applicable,17.341040462427745,Very Low,18.22519083969466,Very Low,65.42620865139949,Relatively Low,61.38676844783715,Very Low
26131,Michigan,MI,Ontonagon,4.198473282442748,Very Low,0.0,No Rating,13.040712468193385,Very Low,15.0,Very Low,5.940912010276172,Very Low,0.0,No Rating,8.524173027989821,Very Low,31.583969465648853,Very Low
26133,Michigan,MI,Osceola,23.918575063613233,Very Low,19.6912807676262,Very Low,36.67302798982188,Relatively Low,,Not Applicable,20.134874759152215,Very Low,16.889312977099237,Very Low,75.12722646310432,Relatively Low,23.282442748091604,Very Low
26135,Michigan,MI,Oscoda,15.139949109414758,Very Low,17.104714226115977,Very Low,25.540712468193384,Very Low,,Not Applicable,10.115606936416185,Very Low,7.474554707379134,Very Low,60.782442748091604,Very Low,75.98600508905852,Relatively Low
26137,Michigan,MI,Otsego,18.416030534351144,Very Low,18.02252816020025,Very Low,28.975826972010175,Very Low,,Not Applicable,17.694283879254975,Very Low,10.05089058524173,Very Low,64.85368956743002,Relatively Low,44.974554707379134,Very Low
26139,Michigan,MI,Ottawa,82.8880407124682,Relatively Moderate,26.366291197329993,Very Low,88.04071246819338,Relatively Moderate,35.199999999999996,Very Low,63.55170199100834,Relatively Low,61.25954198473282,Relatively Low,51.81297709923665,Very Low,34.44656488549619,Very Low
26141,Michigan,MI,Presque Isle,21.755725190839694,Very Low,23.404255319148938,Very Low,43.95674300254453,Relatively Low,15.2,Very Low,15.285806037251124,Very Low,9.12849872773537,Very Low,29.00763358778626,Very Low,14.058524173027989,Very Low
26143,Michigan,MI,Roscommon,56.6793893129771,Relatively Low,25.94910304547351,Very Low,71.88295165394402,Relatively Low,,Not Applicable,18.079640333975593,Very Low,17.716284987277355,Very Low,38.32697201017812,Very Low,69.72010178117048,Relatively Low
26145,Michigan,MI,Saginaw,88.54961832061069,Relatively Moderate,50.47976637463496,Very Low,91.4440203562341,Relatively Moderate,,Not Applicable,77.80989081567117,Relatively Low,59.70101781170484,Relatively Low,31.520356234096692,Very Low,16.030534351145036,Very Low
26147,Michigan,MI,St. Clair,81.99745547073792,Relatively Moderate,35.794743429286605,Very Low,85.94147582697201,Relatively Moderate,46.2,Relatively Low,63.808606294155425,Relatively Low,50.82697201017812,Very Low,37.56361323155216,Very Low,33.524173027989825,Very Low
26149,Michigan,MI,St. Joseph,58.587786259541986,Relatively Low,38.005840634125995,Very Low,68.06615776081425,Relatively Low,,Not Applicable,33.75080282594733,Very Low,60.81424936386769,Relatively Low,57.729007633587784,Very Low,16.984732824427482,Very Low
26151,Michigan,MI,Sanilac,70.32442748091603,Relatively Low,55.444305381727155,Very Low,66.15776081424937,Relatively Low,26.6,Very Low,45.88953114964676,Relatively Low,33.71501272264631,Very Low,33.11068702290076,Very Low,12.181933842239186,Very Low
26153,Michigan,MI,Schoolcraft,6.743002544529262,Very Low,0.0,No Rating,23.66412213740458,Very Low,14.2,Very Low,3.114964675658317,Very Low,0.922391857506361,Very Low,44.211195928753185,Very Low,34.35114503816794,Very Low
26155,Michigan,MI,Shiawassee,62.18193384223919,Relatively Low,39.507717980809346,Very Low,55.152671755725194,Relatively Low,,Not Applicable,55.74823378291587,Relatively Low,39.408396946564885,Very Low,42.55725190839695,Very Low,8.587786259541986,Very Low
26157,Michigan,MI,Tuscola,73.05979643765903,Relatively Low,49.10304547350855,Very Low,79.23027989821882,Relatively Moderate,32.4,Very Low,43.898522800256906,Relatively Low,33.5559796437659,Very Low,42.74809160305343,Very Low,15.966921119592875,Very Low
26159,Michigan,MI,Van Buren,60.464376590330794,Relatively Low,29.036295369211512,Very Low,62.02290076335878,Relatively Low,23.799999999999997,Very Low,44.21965317919075,Relatively Low,52.894402035623415,Very Low,53.721374045801525,Very Low,26.39949109414758,Very Low
26161,Michigan,MI,Washtenaw,89.28117048346056,Relatively Moderate,48.310387984981226,Very Low,90.29898218829516,Relatively Moderate,,Not Applicable,87.44380218368659,Relatively Moderate,74.26844783715013,Relatively Low,69.94274809160305,Relatively Low,43.79770992366412,Very Low
26163,Michigan,MI,Wayne,98.95038167938931,Relatively High,57.78055903212349,Very Low,99.39567430025446,Very High,49.6,Relatively Low,99.29351316634553,Relatively High,94.65648854961832,Relatively Moderate,58.206106870229014,Very Low,54.38931297709924,Very Low
26165,Michigan,MI,Wexford,33.9058524173028,Very Low,13.808927826449729,Very Low,45.00636132315521,Relatively Low,,Not Applicable,25.240847784200387,Very Low,16.921119592875318,Very Low,74.71374045801527,Relatively Low,40.839694656488554,Very Low
27001,Minnesota,MN,Aitkin,56.583969465648856,Relatively Low,,Not Applicable,69.37022900763358,Relatively Low,,Not Applicable,43.25626204238921,Relatively Low,2.162849872773537,Very Low,69.43384223918575,Relatively Low,57.601781170483456,Very Low
27003,Minnesota,MN,Anoka,88.00890585241731,Relatively Moderate,,Not Applicable,91.98473282442748,Relatively Moderate,,Not Applicable,86.09505459216442,Relatively Moderate,23.155216284987276,Very Low,43.416030534351144,Very Low,81.64758269720102,Relatively Low
27005,Minnesota,MN,Becker,37.404580152671755,Very Low,,Not Applicable,52.2264631043257,Relatively Low,,Not Applicable,26.332691072575464,Very Low,7.569974554707379,Very Low,78.7531806615776,Relatively Low,77.16284987277355,Relatively Low
27007,Minnesota,MN,Beltrami,60.55979643765903,Relatively Low,,Not Applicable,72.55089058524173,Relatively Low,,Not Applicable,39.916506101477204,Relatively Low,6.23409669211196,Very Low,73.66412213740458,Relatively Low,82.47455470737913,Relatively Low
27009,Minnesota,MN,Benton,51.335877862595424,Relatively Low,,Not Applicable,61.67302798982188,Relatively Low,,Not Applicable,45.95375722543353,Relatively Low,6.870229007633588,Very Low,26.208651399491096,Very Low,67.6208651399491,Relatively Low
27011,Minnesota,MN,Big Stone,8.524173027989821,Very Low,,Not Applicable,13.58142493638677,Very Low,,Not Applicable,30.700064226075785,Very Low,5.661577608142494,Very Low,33.778625954198475,Very Low,32.029262086513995,Very Low
27013,Minnesota,MN,Blue Earth,72.20101781170484,Relatively Low,,Not Applicable,65.87150127226464,Relatively Low,,Not Applicable,69.26782273603082,Relatively Low,15.807888040712466,Very Low,67.77989821882952,Relatively Low,31.838422391857506,Very Low
27015,Minnesota,MN,Brown,50.38167938931297,Relatively Low,,Not Applicable,44.465648854961835,Relatively Low,,Not Applicable,42.678227360308284,Relatively Low,8.492366412213741,Very Low,51.94020356234097,Very Low,24.077608142493638,Very Low
27017,Minnesota,MN,Carlton,70.06997455470739,Relatively Low,,Not Applicable,63.963104325699746,Relatively Low,,Not Applicable,61.30378933847142,Relatively Low,1.526717557251908,Very Low,14.599236641221374,Very Low,40.99872773536896,Very Low
27019,Minnesota,MN,Carver,59.66921119592875,Relatively Low,,Not Applicable,60.36895674300254,Relatively Low,,Not Applicable,73.7315350032113,Relatively Low,9.001272264631044,Very Low,66.85750636132316,Relatively Low,39.344783715012724,Very Low
27021,Minnesota,MN,Cass,53.53053435114504,Relatively Low,,Not Applicable,63.167938931297705,Relatively Low,,Not Applicable,51.28452151573539,Relatively Low,5.216284987277354,Very Low,80.56615776081425,Relatively Low,63.199745547073796,Very Low
27023,Minnesota,MN,Chippewa,36.9910941475827,Very Low,,Not Applicable,46.342239185750635,Relatively Low,,Not Applicable,71.06615285806038,Relatively Low,9.860050890585242,Very Low,42.14376590330789,Very Low,34.66921119592875,Very Low
27025,Minnesota,MN,Chisago,44.529262086513995,Relatively Low,,Not Applicable,55.6615776081425,Relatively Low,,Not Applicable,39.14579319203597,Relatively Low,4.389312977099237,Very Low,44.910941475826974,Very Low,65.45801526717557,Relatively Low
27027,Minnesota,MN,Clay,73.66412213740458,Relatively Low,,Not Applicable,82.44274809160305,Relatively Moderate,,Not Applicable,38.72832369942196,Very Low,14.75826972010178,Very Low,47.32824427480916,Very Low,65.96692111959288,Relatively Low
27029,Minnesota,MN,Clearwater,4.166666666666666,Very Low,,Not Applicable,10.941475826972011,Very Low,,Not Applicable,12.138728323699421,Very Low,0.986005089058524,Very Low,58.71501272264631,Very Low,65.52162849872774,Relatively Low
27031,Minnesota,MN,Cook,11.227735368956743,Very Low,0.0,No Rating,19.84732824427481,Very Low,14.399999999999999,Very Low,8.188824662813103,Very Low,0.0,No Rating,38.51781170483461,Very Low,79.58015267175573,Relatively Low
27033,Minnesota,MN,Cottonwood,27.70356234096692,Very Low,,Not Applicable,30.916030534351147,Very Low,,Not Applicable,46.78869621066153,Relatively Low,10.01908396946565,Very Low,36.76844783715013,Very Low,32.56997455470738,Very Low
27035,Minnesota,MN,Crow Wing,77.54452926208651,Relatively Low,,Not Applicable,84.19211195928753,Relatively Moderate,,Not Applicable,56.77585099550417,Relatively Low,10.877862595419847,Very Low,66.22137404580153,Relatively Low,76.14503816793892,Relatively Low
27037,Minnesota,MN,Dakota,89.50381679389314,Relatively Moderate,,Not Applicable,88.70865139949109,Relatively Moderate,,Not Applicable,84.58574181117534,Relatively Moderate,21.21501272264631,Very Low,70.16539440203562,Relatively Low,39.56743002544529,Very Low
27039,Minnesota,MN,Dodge,14.217557251908397,Very Low,,Not Applicable,23.85496183206107,Very Low,,Not Applicable,24.694926140012846,Very Low,2.798982188295165,Very Low,35.11450381679389,Very Low,4.4529262086514,Very Low
27041,Minnesota,MN,Douglas,44.338422391857506,Relatively Low,,Not Applicable,48.18702290076336,Relatively Low,,Not Applicable,38.21451509312781,Very Low,13.804071246819339,Very Low,66.95292620865139,Relatively Low,50.286259541984734,Very Low
27043,Minnesota,MN,Faribault,45.51526717557252,Relatively Low,,Not Applicable,48.98218829516539,Relatively Low,,Not Applicable,35.90237636480411,Very Low,14.631043256997456,Very Low,30.47073791348601,Very Low,9.573791348600508,Very Low
27045,Minnesota,MN,Fillmore,49.77735368956743,Relatively Low,0.0,No Rating,66.18956743002545,Relatively Low,,Not Applicable,35.998715478484264,Very Low,10.241730279898219,Very Low,84.44656488549617,Relatively Low,10.814249363867685,Very Low
27047,Minnesota,MN,Freeborn,50.98600508905853,Relatively Low,,Not Applicable,49.1412213740458,Relatively Low,,Not Applicable,25.850995504174694,Very Low,15.553435114503817,Very Low,45.51526717557252,Very Low,24.36386768447837,Very Low
27049,Minnesota,MN,Goodhue,43.320610687022906,Relatively Low,,Not Applicable,53.594147582697204,Relatively Low,,Not Applicable,37.861271676300575,Very Low,3.816793893129771,Very Low,78.0852417302799,Relatively Low,9.001272264631044,Very Low
27051,Minnesota,MN,Grant,2.989821882951654,Very Low,,Not Applicable,8.71501272264631,Very Low,,Not Applicable,13.808606294155426,Very Low,2.958015267175572,Very Low,32.63358778625955,Very Low,14.28117048346056,Very Low
27053,Minnesota,MN,Hennepin,98.31424936386769,Relatively High,,Not Applicable,98.02798982188295,Relatively High,,Not Applicable,99.10083493898523,Relatively High,49.77735368956743,Very Low,82.3791348600509,Relatively Low,74.87277353689568,Relatively Low
27055,Minnesota,MN,Houston,29.51653944020356,Very Low,7.509386733416772,Very Low,46.024173027989825,Relatively Low,,Not Applicable,35.48490687219011,Very Low,4.134860050890586,Very Low,88.70865139949109,Relatively Moderate,8.842239185750635,Very Low
27057,Minnesota,MN,Hubbard,35.17811704834606,Very Low,,Not Applicable,54.64376590330788,Relatively Low,,Not Applicable,21.708413615928066,Very Low,3.530534351145039,Very Low,74.30025445292621,Relatively Low,66.41221374045801,Relatively Low
27059,Minnesota,MN,Isanti,26.908396946564885,Very Low,,Not Applicable,43.98854961832061,Relatively Low,,Not Applicable,37.76493256262042,Very Low,2.639949109414758,Very Low,35.782442748091604,Very Low,65.01272264631042,Relatively Low
27061,Minnesota,MN,Itasca,76.7175572519084,Relatively Low,,Not Applicable,75.44529262086515,Relatively Moderate,,Not Applicable,79.67244701348748,Relatively Moderate,3.021628498727735,Very Low,80.08905852417303,Relatively Low,44.783715012722645,Very Low
27063,Minnesota,MN,Jackson,22.423664122137403,Very Low,,Not Applicable,33.23791348600509,Very Low,,Not Applicable,28.61271676300578,Very Low,5.120865139949109,Very Low,35.20992366412214,Very Low,32.37913486005089,Very Low
27065,Minnesota,MN,Kanabec,21.310432569974555,Very Low,,Not Applicable,34.541984732824424,Very Low,,Not Applicable,26.718047527296086,Very Low,1.78117048346056,Very Low,40.74427480916031,Very Low,63.32697201017812,Very Low
27067,Minnesota,MN,Kandiyohi,51.3676844783715,Relatively Low,,Not Applicable,52.16284987277354,Relatively Low,,Not Applicable,57.450224791265256,Relatively Low,16.030534351145036,Very Low,59.223918575063614,Very Low,49.968193384223916,Very Low
27069,Minnesota,MN,Kittson,4.802798982188295,Very Low,,Not Applicable,13.549618320610687,Very Low,,Not Applicable,5.684007707129094,Very Low,0.540712468193384,Very Low,21.564885496183205,Very Low,74.45928753180662,Relatively Low
27071,Minnesota,MN,Koochiching,31.48854961832061,Very Low,,Not Applicable,52.25826972010178,Relatively Low,,Not Applicable,37.1868978805395,Very Low,0.954198473282443,Very Low,70.73791348600508,Relatively Low,33.93765903307888,Very Low
27073,Minnesota,MN,Lac qui Parle,18.797709923664122,Very Low,,Not Applicable,25.572519083969464,Very Low,,Not Applicable,59.95504174694927,Relatively Low,7.601781170483461,Very Low,27.767175572519083,Very Low,29.67557251908397,Very Low
27075,Minnesota,MN,Lake,33.93765903307888,Very Low,,Not Applicable,29.802798982188293,Very Low,13.600000000000001,Very Low,21.99743095696853,Very Low,0.0,No Rating,34.9236641221374,Very Low,62.34096692111959,Very Low
27077,Minnesota,MN,Lake of the Woods,3.530534351145039,Very Low,,Not Applicable,17.716284987277355,Very Low,,Not Applicable,5.202312138728324,Very Low,0.318066157760814,Very Low,29.262086513994912,Very Low,55.43893129770993,Very Low
27079,Minnesota,MN,Le Sueur,22.80534351145038,Very Low,,Not Applicable,34.63740458015267,Very Low,,Not Applicable,40.52665382145151,Relatively Low,7.983460559796438,Very Low,55.43893129770993,Very Low,16.125954198473284,Very Low
27081,Minnesota,MN,Lincoln,18.193384223918574,Very Low,,Not Applicable,28.880407124681934,Very Low,,Not Applicable,50.73859987154785,Relatively Low,5.597964376590331,Very Low,43.89312977099237,Very Low,32.1882951653944,Very Low
27083,Minnesota,MN,Lyon,43.47964376590331,Relatively Low,,Not Applicable,57.220101781170484,Relatively Low,,Not Applicable,34.68208092485549,Very Low,15.680661577608143,Very Low,39.281170483460556,Very Low,17.302798982188293,Very Low
27085,Minnesota,MN,McLeod,46.596692111959285,Relatively Low,,Not Applicable,46.50127226463104,Relatively Low,,Not Applicable,54.33526011560693,Relatively Low,13.963104325699746,Very Low,26.08142493638677,Very Low,22.201017811704833,Very Low
27087,Minnesota,MN,Mahnomen,7.124681933842239,Very Low,,Not Applicable,11.545801526717558,Very Low,,Not Applicable,11.592806679511881,Very Low,2.480916030534351,Very Low,54.61195928753181,Very Low,58.30152671755725,Very Low
27089,Minnesota,MN,Marshall,23.568702290076335,Very Low,,Not Applicable,29.198473282442748,Very Low,,Not Applicable,12.45985870263327,Very Low,1.494910941475827,Very Low,29.230279898218832,Very Low,85.08269720101781,Relatively Low
27091,Minnesota,MN,Martin,45.48346055979644,Relatively Low,,Not Applicable,39.31297709923664,Relatively Low,,Not Applicable,41.875401412973666,Relatively Low,14.790076335877863,Very Low,32.31552162849873,Very Low,17.970737913486005,Very Low
27093,Minnesota,MN,Meeker,26.97201017811705,Very Low,,Not Applicable,36.291348600508904,Relatively Low,,Not Applicable,43.705844572896595,Relatively Low,5.979643765903308,Very Low,43.98854961832061,Very Low,25.954198473282442,Very Low
27095,Minnesota,MN,Mille Lacs,28.498727735368956,Very Low,,Not Applicable,46.21501272264631,Relatively Low,,Not Applicable,28.580603725112397,Very Low,3.148854961832061,Very Low,32.88804071246819,Very Low,65.80788804071247,Relatively Low
27097,Minnesota,MN,Morrison,66.85750636132316,Relatively Low,,Not Applicable,80.1526717557252,Relatively Moderate,,Not Applicable,36.5446371226718,Very Low,7.061068702290077,Very Low,60.17811704834606,Very Low,77.98982188295165,Relatively Low
27099,Minnesota,MN,Mower,67.27099236641222,Relatively Low,0.0,No Rating,74.96819338422391,Relatively Moderate,,Not Applicable,41.040462427745666,Relatively Low,17.68447837150127,Very Low,24.74554707379135,Very Low,18.829516539440203,Very Low
27101,Minnesota,MN,Murray,19.81552162849873,Very Low,,Not Applicable,25.795165394402037,Very Low,,Not Applicable,44.861913937058446,Relatively Low,8.874045801526718,Very Low,39.44020356234097,Very Low,20.642493638676847,Very Low
27103,Minnesota,MN,Nicollet,45.38804071246819,Relatively Low,,Not Applicable,50.31806615776081,Relatively Low,,Not Applicable,52.08734746307001,Relatively Low,7.633587786259542,Very Low,63.104325699745544,Relatively Low,17.334605597964376,Very Low
27105,Minnesota,MN,Nobles,50.15903307888041,Relatively Low,,Not Applicable,48.50508905852418,Relatively Low,,Not Applicable,43.22414900449583,Relatively Low,20.35623409669211,Very Low,25.731552162849873,Very Low,19.974554707379134,Very Low
27107,Minnesota,MN,Norman,14.376590330788805,Very Low,,Not Applicable,17.58905852417303,Very Low,,Not Applicable,12.427745664739884,Very Low,2.385496183206107,Very Low,27.417302798982192,Very Low,47.041984732824424,Very Low
27109,Minnesota,MN,Olmsted,82.3473282442748,Relatively Moderate,0.0,No Rating,86.86386768447836,Relatively Moderate,,Not Applicable,72.51123956326269,Relatively Low,16.253180661577606,Very Low,74.14122137404581,Relatively Low,20.483460559796438,Very Low
27111,Minnesota,MN,Otter Tail,79.38931297709924,Relatively Low,,Not Applicable,83.42875318066157,Relatively Moderate,,Not Applicable,42.35709698137444,Relatively Low,18.829516539440203,Very Low,81.99745547073792,Relatively Low,79.32569974554707,Relatively Low
27113,Minnesota,MN,Pennington,46.978371501272264,Relatively Low,,Not Applicable,67.8117048346056,Relatively Low,,Not Applicable,14.579319203596661,Very Low,2.703562340966921,Very Low,18.447837150127228,Very Low,82.25190839694656,Relatively Low
27115,Minnesota,MN,Pine,62.150127226463106,Relatively Low,,Not Applicable,69.27480916030534,Relatively Low,,Not Applicable,44.50867052023121,Relatively Low,2.989821882951654,Very Low,12.086513994910941,Very Low,65.77608142493638,Relatively Low
27117,Minnesota,MN,Pipestone,14.726463104325699,Very Low,,Not Applicable,18.543256997455472,Very Low,,Not Applicable,41.10468850353243,Relatively Low,11.323155216284988,Very Low,15.235368956743004,Very Low,19.083969465648856,Very Low
27119,Minnesota,MN,Polk,67.04834605597965,Relatively Low,,Not Applicable,69.8473282442748,Relatively Low,,Not Applicable,24.91971740526654,Very Low,5.852417302798982,Very Low,54.166666666666664,Very Low,83.36513994910942,Relatively Low
27121,Minnesota,MN,Pope,20.5470737913486,Very Low,,Not Applicable,36.704834605597966,Relatively Low,,Not Applicable,36.57675016056519,Very Low,3.912213740458016,Very Low,54.103053435114504,Very Low,36.51399491094148,Very Low
27123,Minnesota,MN,Ramsey,94.62468193384224,Relatively High,,Not Applicable,93.79770992366412,Relatively High,,Not Applicable,98.23378291586384,Relatively High,28.880407124681934,Very Low,98.50508905852418,Relatively High,52.608142493638674,Very Low
27125,Minnesota,MN,Red Lake,2.162849872773537,Very Low,,Not Applicable,8.237913486005088,Very Low,,Not Applicable,5.780346820809249,Very Low,0.381679389312977,Very Low,22.55089058524173,Very Low,48.75954198473282,Very Low
27127,Minnesota,MN,Redwood,35.05089058524173,Very Low,,Not Applicable,39.281170483460556,Relatively Low,,Not Applicable,68.65767501605652,Relatively Low,9.541984732824428,Very Low,40.235368956743,Very Low,18.606870229007633,Very Low
27129,Minnesota,MN,Renville,38.45419847328244,Very Low,,Not Applicable,39.44020356234097,Relatively Low,,Not Applicable,57.86769428387926,Relatively Low,13.517811704834607,Very Low,47.487277353689564,Very Low,15.426208651399492,Very Low
27131,Minnesota,MN,Rice,75.44529262086515,Relatively Low,,Not Applicable,77.44910941475827,Relatively Moderate,,Not Applicable,51.34874759152216,Relatively Low,12.818066157760812,Very Low,69.0203562340967,Relatively Low,33.0470737913486,Very Low
27133,Minnesota,MN,Rock,9.414758269720101,Very Low,,Not Applicable,15.076335877862595,Very Low,,Not Applicable,22.15799614643545,Very Low,7.029262086513994,Very Low,19.147582697201017,Very Low,7.538167938931298,Very Low
27135,Minnesota,MN,Roseau,43.86132315521628,Relatively Low,,Not Applicable,59.95547073791349,Relatively Low,,Not Applicable,15.574823378291585,Very Low,1.717557251908397,Very Low,30.62977099236641,Very Low,90.99872773536896,Relatively Moderate
27137,Minnesota,MN,St. Louis,91.57124681933843,Relatively Moderate,,Not Applicable,91.76208651399492,Relatively Moderate,35.0,Very Low,86.48041104688502,Relatively Moderate,3.212468193384224,Very Low,57.410941475826974,Very Low,81.74300254452926,Relatively Low
27139,Minnesota,MN,Scott,76.55852417302799,Relatively Low,,Not Applicable,73.02798982188295,Relatively Moderate,,Not Applicable,81.14964675658317,Relatively Moderate,9.891857506361323,Very Low,63.64503816793893,Relatively Low,52.00381679389313,Very Low
27141,Minnesota,MN,Sherburne,53.56234096692112,Relatively Low,,Not Applicable,62.468193384223916,Relatively Low,,Not Applicable,58.38150289017341,Relatively Low,6.520356234096693,Very Low,40.87150127226463,Very Low,76.43129770992367,Relatively Low
27143,Minnesota,MN,Sibley,22.96437659033079,Very Low,,Not Applicable,31.202290076335874,Very Low,,Not Applicable,35.74181117533718,Very Low,5.438931297709924,Very Low,48.69592875318066,Very Low,13.804071246819339,Very Low
27145,Minnesota,MN,Stearns,87.56361323155217,Relatively Moderate,,Not Applicable,90.87150127226464,Relatively Moderate,,Not Applicable,74.56647398843931,Relatively Low,24.904580152671755,Very Low,67.20737913486005,Relatively Low,76.33587786259542,Relatively Low
27147,Minnesota,MN,Steele,37.150127226463106,Very Low,,Not Applicable,42.20737913486005,Relatively Low,,Not Applicable,25.529865125240846,Very Low,9.510178117048346,Very Low,31.456743002544528,Very Low,10.464376590330788,Very Low
27149,Minnesota,MN,Stevens,7.029262086513994,Very Low,,Not Applicable,10.591603053435113,Very Low,,Not Applicable,30.346820809248555,Very Low,5.279898218829516,Very Low,22.137404580152673,Very Low,20.578880407124682,Very Low
27151,Minnesota,MN,Swift,25.06361323155216,Very Low,,Not Applicable,36.38676844783715,Relatively Low,,Not Applicable,61.81759794476558,Relatively Low,8.778625954198473,Very Low,26.52671755725191,Very Low,46.31043256997455,Very Low
27153,Minnesota,MN,Todd,37.72264631043257,Very Low,,Not Applicable,56.234096692111954,Relatively Low,,Not Applicable,36.73731535003211,Very Low,6.997455470737914,Very Low,60.01908396946565,Very Low,71.5966921119593,Relatively Low
27155,Minnesota,MN,Traverse,6.170483460559796,Very Low,,Not Applicable,13.740458015267176,Very Low,,Not Applicable,17.24470134874759,Very Low,4.961832061068702,Very Low,18.3206106870229,Very Low,15.871501272264632,Very Low
27157,Minnesota,MN,Wabasha,45.5470737913486,Relatively Low,0.0,No Rating,61.06870229007634,Relatively Low,,Not Applicable,33.87925497752087,Very Low,3.562340966921119,Very Low,81.58396946564885,Relatively Low,13.517811704834607,Very Low
27159,Minnesota,MN,Wadena,12.945292620865139,Very Low,,Not Applicable,27.639949109414758,Very Low,,Not Applicable,18.11175337186898,Very Low,4.802798982188295,Very Low,37.659033078880405,Very Low,65.55343511450383,Relatively Low
27161,Minnesota,MN,Waseca,24.681933842239186,Very Low,,Not Applicable,24.395674300254452,Very Low,,Not Applicable,19.20359666024406,Very Low,9.60559796437659,Very Low,36.67302798982188,Very Low,15.171755725190838,Very Low
27163,Minnesota,MN,Washington,83.87404580152672,Relatively Moderate,,Not Applicable,83.49236641221374,Relatively Moderate,,Not Applicable,80.34682080924856,Relatively Moderate,13.295165394402037,Very Low,72.6145038167939,Relatively Low,64.02671755725191,Relatively Low
27165,Minnesota,MN,Watonwan,23.886768447837152,Very Low,,Not Applicable,24.904580152671755,Very Low,,Not Applicable,41.5863840719332,Relatively Low,10.687022900763358,Very Low,21.755725190839694,Very Low,9.192111959287532,Very Low
27167,Minnesota,MN,Wilkin,5.343511450381679,Very Low,,Not Applicable,12.563613231552162,Very Low,,Not Applicable,11.30378933847142,Very Low,3.053435114503817,Very Low,21.43765903307888,Very Low,19.942748091603054,Very Low
27169,Minnesota,MN,Winona,69.46564885496184,Relatively Low,0.0,No Rating,78.81679389312977,Relatively Moderate,,Not Applicable,57.57867694283879,Relatively Low,11.641221374045802,Very Low,90.17175572519083,Relatively Moderate,16.825699745547073,Very Low
27171,Minnesota,MN,Wright,68.41603053435115,Relatively Low,,Not Applicable,74.74554707379136,Relatively Moderate,,Not Applicable,71.45150931278098,Relatively Low,14.917302798982188,Very Low,58.587786259541986,Very Low,61.036895674300254,Very Low
27173,Minnesota,MN,Yellow Medicine,29.961832061068705,Very Low,,Not Applicable,29.293893129770993,Very Low,,Not Applicable,88.59987154784844,Relatively Moderate,9.033078880407125,Very Low,36.83206106870229,Very Low,25.508905852417303,Very Low
28001,Mississippi,MS,Adams,57.25190839694656,Relatively Low,75.21902377972467,Relatively Low,59.03307888040712,Relatively Low,,Not Applicable,84.81053307642902,Relatively Moderate,47.16921119592875,Very Low,72.36005089058524,Relatively Low,41.0941475826972,Very Low
28003,Mississippi,MS,Alcorn,65.01272264631042,Relatively Low,57.571964956195245,Very Low,51.62213740458015,Relatively Low,,Not Applicable,74.85549132947978,Relatively Low,89.75826972010178,Relatively Low,64.75826972010178,Relatively Low,44.274809160305345,Very Low
28005,Mississippi,MS,Amite,48.218829516539444,Relatively Low,86.27450980392157,Relatively Moderate,46.31043256997455,Relatively Low,,Not Applicable,61.33590237636481,Relatively Low,34.033078880407125,Very Low,44.592875318066156,Very Low,61.164122137404576,Very Low
28007,Mississippi,MS,Attala,34.160305343511446,Very Low,68.29370045890697,Relatively Low,27.89440203562341,Very Low,,Not Applicable,60.59730250481695,Relatively Low,70.00636132315522,Relatively Low,62.65903307888041,Relatively Low,47.487277353689564,Very Low
28009,Mississippi,MS,Benton,15.235368956743004,Very Low,37.38005840634126,Very Low,14.249363867684478,Very Low,,Not Applicable,49.13294797687861,Relatively Low,78.43511450381679,Relatively Low,69.78371501272265,Relatively Low,50.38167938931297,Very Low
28011,Mississippi,MS,Bolivar,76.78117048346056,Relatively Low,66.37463496036713,Relatively Low,76.8765903307888,Relatively Moderate,,Not Applicable,84.0398201669878,Relatively Moderate,92.17557251908397,Relatively Moderate,34.82824427480916,Very Low,17.938931297709924,Very Low
28013,Mississippi,MS,Calhoun,27.671755725190838,Very Low,63.57947434292866,Relatively Low,25.349872773536898,Very Low,,Not Applicable,66.76300578034682,Relatively Low,76.78117048346056,Relatively Low,54.67557251908397,Very Low,26.3676844783715,Very Low
28015,Mississippi,MS,Carroll,23.314249363867685,Very Low,58.65665415102212,Relatively Low,20.388040712468193,Very Low,,Not Applicable,51.605651894669236,Relatively Low,61.67302798982188,Relatively Low,73.53689567430025,Relatively Low,47.13740458015267,Very Low
28017,Mississippi,MS,Chickasaw,43.92493638676845,Relatively Low,67.54276178556529,Relatively Low,26.494910941475823,Very Low,,Not Applicable,66.47398843930635,Relatively Low,81.5203562340967,Relatively Low,34.160305343511446,Very Low,30.852417302798983,Very Low
28019,Mississippi,MS,Choctaw,11.545801526717558,Very Low,59.49103045473508,Relatively Low,9.955470737913485,Very Low,,Not Applicable,41.811175337186896,Relatively Low,50.09541984732825,Very Low,42.716284987277355,Very Low,22.96437659033079,Very Low
28021,Mississippi,MS,Claiborne,24.74554707379135,Very Low,67.91823112223612,Relatively Low,25.763358778625957,Very Low,,Not Applicable,60.9184328837508,Relatively Low,38.99491094147582,Very Low,69.91094147582697,Relatively Low,29.198473282442748,Very Low
28023,Mississippi,MS,Clarke,36.036895674300254,Very Low,76.01168126825199,Relatively Low,36.73664122137404,Relatively Low,,Not Applicable,53.5645472061657,Relatively Low,48.409669211195926,Very Low,53.78498727735369,Very Low,31.234096692111958,Very Low
28025,Mississippi,MS,Clay,42.525445292620866,Very Low,69.71214017521903,Relatively Low,33.778625954198475,Very Low,,Not Applicable,62.138728323699425,Relatively Low,79.54834605597965,Relatively Low,25.572519083969464,Very Low,26.272264631043257,Very Low
28027,Mississippi,MS,Coahoma,62.5,Relatively Low,59.657905715477675,Relatively Low,46.278625954198475,Relatively Low,,Not Applicable,78.29158638407193,Relatively Low,90.71246819338423,Relatively Moderate,27.576335877862597,Very Low,10.527989821882953,Very Low
28029,Mississippi,MS,Copiah,61.29134860050891,Relatively Low,78.05590321234877,Relatively Low,46.69211195928753,Relatively Low,,Not Applicable,81.31021194605009,Relatively Moderate,56.74300254452926,Very Low,99.14122137404581,Relatively High,49.55470737913486,Very Low
28031,Mississippi,MS,Covington,50.82697201017812,Relatively Low,87.77638715060492,Relatively Moderate,42.23918575063613,Relatively Low,,Not Applicable,69.71740526653821,Relatively Low,44.974554707379134,Very Low,43.829516539440206,Very Low,55.56615776081425,Very Low
28033,Mississippi,MS,DeSoto,88.99491094147582,Relatively Moderate,49.728827701293284,Very Low,80.1208651399491,Relatively Moderate,,Not Applicable,96.08220937700706,Relatively Moderate,96.2150127226463,Relatively Moderate,76.49491094147582,Relatively Low,67.93893129770993,Relatively Low
28035,Mississippi,MS,Forrest,78.05343511450383,Relatively Low,90.40467250730079,Relatively Moderate,69.56106870229007,Relatively Low,,Not Applicable,83.87925497752087,Relatively Moderate,68.51145038167938,Relatively Low,51.972010178117046,Very Low,81.71119592875317,Relatively Low
28037,Mississippi,MS,Franklin,17.334605597964376,Very Low,69.87901543596162,Relatively Low,23.18702290076336,Very Low,,Not Applicable,55.68400770712909,Relatively Low,27.417302798982192,Very Low,64.8854961832061,Relatively Low,40.71246819338422,Very Low
28039,Mississippi,MS,George,57.95165394402035,Relatively Low,92.65748852732582,Relatively Moderate,31.170483460559794,Very Low,16.8,Very Low,50.38535645472062,Relatively Low,28.62595419847328,Very Low,28.78498727735369,Very Low,75.57251908396947,Relatively Low
28041,Mississippi,MS,Greene,42.17557251908397,Very Low,87.48435544430538,Relatively Moderate,38.26335877862596,Relatively Low,,Not Applicable,48.23378291586384,Relatively Low,31.01145038167939,Very Low,47.16921119592875,Very Low,73.2824427480916,Relatively Low
28043,Mississippi,MS,Grenada,55.40712468193384,Relatively Low,60.74259491030455,Relatively Low,58.651399491094146,Relatively Low,,Not Applicable,68.68978805394991,Relatively Low,82.50636132315522,Relatively Low,70.0381679389313,Relatively Low,49.1412213740458,Very Low
28045,Mississippi,MS,Hancock,82.72900763358778,Relatively Moderate,95.24405506883605,Relatively High,67.17557251908397,Relatively Low,86.2,Relatively High,78.13102119460501,Relatively Low,44.656488549618324,Very Low,17.779898218829516,Very Low,90.42620865139949,Relatively Moderate
28047,Mississippi,MS,Harrison,95.61068702290076,Relatively High,98.5398414685023,Very High,90.45801526717557,Relatively Moderate,91.60000000000001,Relatively High,94.82980089916506,Relatively Moderate,70.45165394402035,Relatively Low,33.20610687022901,Very Low,94.529262086514,Relatively Moderate
28049,Mississippi,MS,Hinds,94.30661577608143,Relatively Moderate,86.35794743429287,Relatively Moderate,95.13358778625954,Relatively High,,Not Applicable,97.14193962748877,Relatively High,90.93511450381679,Relatively Moderate,78.33969465648855,Relatively Low,54.64376590330788,Very Low
28051,Mississippi,MS,Holmes,49.80916030534351,Relatively Low,66.45807259073842,Relatively Low,32.25190839694657,Very Low,,Not Applicable,69.81374438021837,Relatively Low,69.72010178117048,Relatively Low,63.45419847328244,Relatively Low,57.474554707379134,Very Low
28053,Mississippi,MS,Humphreys,27.92620865139949,Very Low,66.49979140592407,Relatively Low,22.487277353689567,Very Low,,Not Applicable,53.9820166987797,Relatively Low,63.899491094147585,Relatively Low,13.16793893129771,Very Low,12.404580152671755,Very Low
28055,Mississippi,MS,Issaquena,7.983460559796438,Very Low,60.5340008343763,Relatively Low,10.178117048346055,Very Low,,Not Applicable,21.80475272960822,Very Low,37.213740458015266,Very Low,9.001272264631044,Very Low,4.739185750636132,Very Low
28057,Mississippi,MS,Itawamba,49.61832061068702,Relatively Low,54.776804338756776,Very Low,28.212468193384222,Very Low,,Not Applicable,70.7771355170199,Relatively Low,76.97201017811705,Relatively Low,74.55470737913485,Relatively Low,28.30788804071247,Very Low
28059,Mississippi,MS,Jackson,92.33460559796438,Relatively Moderate,97.78890279516061,Relatively High,86.83206106870229,Relatively Moderate,84.8,Relatively High,91.84328837508028,Relatively Moderate,57.85623409669212,Very Low,34.4147582697201,Very Low,94.14758269720102,Relatively Moderate
28061,Mississippi,MS,Jasper,38.8676844783715,Very Low,80.97622027534418,Relatively Low,26.94020356234097,Very Low,,Not Applicable,59.05587668593449,Relatively Low,52.19465648854962,Very Low,57.25190839694656,Very Low,46.50127226463104,Very Low
28063,Mississippi,MS,Jefferson,11.259541984732824,Very Low,65.081351689612,Relatively Low,16.921119592875318,Very Low,,Not Applicable,70.45600513808607,Relatively Low,29.00763358778626,Very Low,62.40458015267175,Relatively Low,27.576335877862597,Very Low
28065,Mississippi,MS,Jefferson Davis,23.091603053435115,Very Low,78.43137254901961,Relatively Low,23.759541984732824,Very Low,,Not Applicable,56.19781631342325,Relatively Low,38.16793893129771,Very Low,42.779898218829516,Very Low,56.74300254452926,Very Low
28067,Mississippi,MS,Jones,80.21628498727735,Relatively Low,90.98873591989988,Relatively Moderate,71.50127226463104,Relatively Low,,Not Applicable,84.48940269749518,Relatively Moderate,77.70356234096693,Relatively Low,66.34860050890585,Relatively Low,73.88676844783714,Relatively Low
28069,Mississippi,MS,Kemper,14.917302798982188,Very Low,65.5819774718398,Relatively Low,9.382951653944021,Very Low,,Not Applicable,50.67437379576107,Relatively Low,49.204834605597966,Very Low,51.20865139949109,Very Low,25.604325699745544,Very Low
28071,Mississippi,MS,Lafayette,64.44020356234097,Relatively Low,61.07634543178973,Relatively Low,47.773536895674305,Relatively Low,,Not Applicable,80.70006422607578,Relatively Moderate,88.48600508905852,Relatively Low,87.37277353689568,Relatively Moderate,48.05979643765903,Very Low
28073,Mississippi,MS,Lamar,64.98091603053436,Relatively Low,89.02795160617438,Relatively Moderate,62.11832061068703,Relatively Low,,Not Applicable,80.66795118818241,Relatively Moderate,54.32569974554708,Very Low,60.94147582697202,Very Low,81.58396946564885,Relatively Low
28075,Mississippi,MS,Lauderdale,86.95928753180662,Relatively Moderate,83.3124739257405,Relatively Moderate,80.05725190839695,Relatively Moderate,,Not Applicable,90.5587668593449,Relatively Moderate,81.71119592875317,Relatively Low,87.62722646310432,Relatively Moderate,57.665394402035616,Very Low
28077,Mississippi,MS,Lawrence,25.0,Very Low,78.18105965790572,Relatively Low,28.33969465648855,Very Low,,Not Applicable,53.05073859987155,Relatively Low,41.28498727735369,Very Low,41.63486005089059,Very Low,54.13486005089059,Very Low
28079,Mississippi,MS,Leake,55.69338422391857,Relatively Low,81.7688777638715,Relatively Moderate,45.29262086513995,Relatively Low,,Not Applicable,67.75850995504175,Relatively Low,63.199745547073796,Relatively Low,62.30916030534351,Very Low,51.908396946564885,Very Low
28081,Mississippi,MS,Lee,81.26590330788804,Relatively Moderate,68.8360450563204,Relatively Low,72.04198473282443,Relatively Low,,Not Applicable,88.88888888888889,Relatively Moderate,93.38422391857506,Relatively Moderate,68.03435114503816,Relatively Low,36.6412213740458,Very Low
28083,Mississippi,MS,Leflore,73.50508905852418,Relatively Low,71.71464330413016,Relatively Low,69.97455470737913,Relatively Low,,Not Applicable,79.47976878612717,Relatively Moderate,88.00890585241731,Relatively Low,26.240458015267176,Very Low,22.519083969465647,Very Low
28085,Mississippi,MS,Lincoln,48.44147582697201,Relatively Low,79.64121818940342,Relatively Low,42.49363867684479,Relatively Low,,Not Applicable,81.63134232498395,Relatively Moderate,58.5559796437659,Very Low,43.92493638676845,Very Low,62.213740458015266,Very Low
28087,Mississippi,MS,Lowndes,80.91603053435115,Relatively Low,72.84105131414267,Relatively Low,78.14885496183206,Relatively Moderate,,Not Applicable,87.28323699421965,Relatively Moderate,88.64503816793892,Relatively Low,45.73791348600509,Very Low,36.86386768447837,Very Low
28089,Mississippi,MS,Madison,82.12468193384224,Relatively Moderate,77.68043387567793,Relatively Low,76.81297709923665,Relatively Moderate,,Not Applicable,88.72832369942196,Relatively Moderate,74.49109414758269,Relatively Low,50.731552162849866,Very Low,53.9440203562341,Very Low
28091,Mississippi,MS,Marion,59.95547073791349,Relatively Low,89.94576554025866,Relatively Moderate,48.05979643765903,Relatively Low,,Not Applicable,67.05202312138728,Relatively Low,49.87277353689568,Very Low,54.4529262086514,Very Low,75.76335877862596,Relatively Low
28093,Mississippi,MS,Marshall,71.18320610687023,Relatively Low,49.144764288694205,Very Low,59.25572519083969,Relatively Low,,Not Applicable,81.85613359023763,Relatively Moderate,92.970737913486,Relatively Moderate,82.09287531806616,Relatively Low,79.19847328244275,Relatively Low
28095,Mississippi,MS,Monroe,68.54325699745547,Relatively Low,70.83854818523155,Relatively Low,52.3854961832061,Relatively Low,,Not Applicable,82.04881181759795,Relatively Moderate,86.70483460559797,Relatively Low,55.279898218829516,Very Low,35.75063613231552,Very Low
28097,Mississippi,MS,Montgomery,10.90966921119593,Very Low,53.69211514392991,Very Low,14.599236641221374,Very Low,,Not Applicable,45.34360950545921,Relatively Low,57.410941475826974,Very Low,52.54452926208651,Very Low,27.83078880407125,Very Low
28099,Mississippi,MS,Neshoba,58.269720101781175,Relatively Low,81.05965790571548,Relatively Low,41.38040712468193,Relatively Low,,Not Applicable,69.58895311496468,Relatively Low,74.04580152671755,Relatively Low,65.2671755725191,Relatively Low,41.98473282442748,Very Low
28101,Mississippi,MS,Newton,52.44910941475827,Relatively Low,80.05840634125991,Relatively Low,36.60941475826972,Relatively Low,,Not Applicable,65.02890173410405,Relatively Low,57.601781170483456,Very Low,58.0470737913486,Very Low,38.74045801526718,Very Low
28103,Mississippi,MS,Noxubee,29.03944020356234,Very Low,70.96370463078848,Relatively Low,22.99618320610687,Very Low,,Not Applicable,63.005780346820806,Relatively Low,68.1615776081425,Relatively Low,26.94020356234097,Very Low,19.306615776081426,Very Low
28105,Mississippi,MS,Oktibbeha,62.786259541984734,Relatively Low,69.16979557780559,Relatively Low,53.24427480916031,Relatively Low,,Not Applicable,81.21387283236994,Relatively Moderate,85.05089058524173,Relatively Low,46.50127226463104,Very Low,37.69083969465649,Very Low
28107,Mississippi,MS,Panola,69.21119592875317,Relatively Low,67.79307467667918,Relatively Low,43.89312977099237,Relatively Low,,Not Applicable,89.21001926782274,Relatively Moderate,90.9033078880407,Relatively Moderate,73.25063613231552,Relatively Low,63.42239185750637,Very Low
28109,Mississippi,MS,Pearl River,86.06870229007633,Relatively Moderate,96.49561952440551,Relatively High,73.21882951653944,Relatively Moderate,30.4,Very Low,83.01220295439948,Relatively Moderate,46.4058524173028,Very Low,47.773536895674305,Very Low,90.13994910941476,Relatively Moderate
28111,Mississippi,MS,Perry,19.49745547073791,Very Low,80.68418856904464,Relatively Low,23.60050890585242,Very Low,,Not Applicable,39.78805394990366,Relatively Low,33.17430025445292,Very Low,36.19592875318066,Very Low,70.61068702290076,Relatively Low
28113,Mississippi,MS,Pike,70.41984732824427,Relatively Low,87.2340425531915,Relatively Moderate,64.75826972010178,Relatively Low,,Not Applicable,82.33782915863841,Relatively Moderate,52.54452926208651,Very Low,40.80788804071247,Very Low,71.53307888040712,Relatively Low
28115,Mississippi,MS,Pontotoc,50.09541984732825,Relatively Low,64.95619524405507,Relatively Low,35.81424936386768,Relatively Low,,Not Applicable,75.91522157996147,Relatively Low,85.2735368956743,Relatively Low,65.235368956743,Relatively Low,45.41984732824427,Very Low
28117,Mississippi,MS,Prentiss,51.526717557251914,Relatively Low,56.77930746766792,Very Low,40.55343511450381,Relatively Low,,Not Applicable,69.62106615285806,Relatively Low,87.56361323155217,Relatively Low,72.64631043256998,Relatively Low,44.592875318066156,Very Low
28119,Mississippi,MS,Quitman,18.51145038167939,Very Low,55.819774718397994,Very Low,15.807888040712466,Very Low,,Not Applicable,54.14258188824663,Relatively Low,75.82697201017811,Relatively Low,11.768447837150127,Very Low,28.117048346055977,Very Low
28121,Mississippi,MS,Rankin,84.98727735368958,Relatively Moderate,81.51856487275762,Relatively Low,79.64376590330788,Relatively Moderate,,Not Applicable,92.8387925497752,Relatively Moderate,81.36132315521628,Relatively Low,58.492366412213734,Very Low,55.18447837150128,Very Low
28123,Mississippi,MS,Scott,55.88422391857506,Relatively Low,81.56028368794325,Relatively Moderate,42.01653944020356,Relatively Low,,Not Applicable,73.02504816955684,Relatively Low,67.52544529262087,Relatively Low,36.86386768447837,Very Low,43.00254452926209,Very Low
28125,Mississippi,MS,Sharkey,15.807888040712466,Very Low,63.74634960367126,Relatively Low,12.181933842239186,Very Low,,Not Applicable,39.40269749518304,Relatively Low,45.00636132315521,Very Low,12.245547073791348,Very Low,2.035623409669211,Very Low
28127,Mississippi,MS,Simpson,50.95419847328244,Relatively Low,80.60075093867334,Relatively Low,51.55852417302798,Relatively Low,,Not Applicable,71.4193962748876,Relatively Low,44.02035623409669,Very Low,62.75445292620865,Relatively Low,48.1234096692112,Very Low
28129,Mississippi,MS,Smith,47.20101781170484,Relatively Low,83.8965373383396,Relatively Moderate,40.80788804071247,Relatively Low,,Not Applicable,56.037251123956324,Relatively Low,49.01399491094148,Very Low,64.31297709923665,Relatively Low,47.32824427480916,Very Low
28131,Mississippi,MS,Stone,52.00381679389313,Relatively Low,91.11389236545682,Relatively Moderate,26.653944020356235,Very Low,,Not Applicable,52.05523442517662,Relatively Low,34.605597964376585,Very Low,31.329516539440206,Very Low,84.28753180661577,Relatively Low
28133,Mississippi,MS,Sunflower,69.62468193384224,Relatively Low,73.84230287859825,Relatively Low,54.99363867684478,Relatively Low,,Not Applicable,78.06679511881825,Relatively Low,85.01908396946564,Relatively Low,21.787531806615775,Very Low,19.338422391857506,Very Low
28135,Mississippi,MS,Tallahatchie,40.0763358778626,Very Low,64.4555694618273,Relatively Low,30.279898218829516,Very Low,,Not Applicable,68.2723185613359,Relatively Low,80.27989821882952,Relatively Low,48.44147582697201,Very Low,42.04834605597965,Very Low
28137,Mississippi,MS,Tate,41.221374045801525,Very Low,45.76554025865666,Very Low,26.52671755725191,Very Low,,Not Applicable,76.30057803468208,Relatively Low,86.86386768447836,Relatively Low,57.91984732824428,Very Low,58.87404580152672,Very Low
28139,Mississippi,MS,Tippah,43.79770992366412,Relatively Low,59.19899874843555,Relatively Low,25.986005089058523,Very Low,,Not Applicable,66.08863198458575,Relatively Low,86.60941475826972,Relatively Low,74.6501272264631,Relatively Low,51.04961832061069,Very Low
28141,Mississippi,MS,Tishomingo,37.086513994910945,Very Low,57.07133917396746,Very Low,30.820610687022903,Very Low,,Not Applicable,67.34104046242774,Relatively Low,81.29770992366412,Relatively Low,77.06743002544529,Relatively Low,37.24554707379134,Very Low
28143,Mississippi,MS,Tunica,36.25954198473282,Very Low,48.18523153942428,Very Low,23.886768447837152,Very Low,,Not Applicable,61.175337186897885,Relatively Low,88.96310432569975,Relatively Low,24.80916030534351,Very Low,7.474554707379134,Very Low
28145,Mississippi,MS,Union,43.51145038167939,Relatively Low,61.99415936587401,Relatively Low,38.104325699745544,Relatively Low,,Not Applicable,72.09377007064869,Relatively Low,85.08269720101781,Relatively Low,66.73027989821882,Relatively Low,47.264631043257,Very Low
28147,Mississippi,MS,Walthall,25.540712468193384,Very Low,79.55778055903212,Relatively Low,26.304071246819337,Very Low,,Not Applicable,51.79833012202955,Relatively Low,34.44656488549619,Very Low,31.424936386768447,Very Low,66.66666666666666,Relatively Low
28149,Mississippi,MS,Warren,86.29134860050891,Relatively Moderate,74.13433458489779,Relatively Low,72.83715012722645,Relatively Low,,Not Applicable,87.79704560051381,Relatively Moderate,74.30025445292621,Relatively Low,84.86005089058524,Relatively Low,39.408396946564885,Very Low
28151,Mississippi,MS,Washington,82.98346055979644,Relatively Moderate,72.3404255319149,Relatively Low,81.20229007633588,Relatively Moderate,,Not Applicable,89.43481053307643,Relatively Moderate,90.83969465648855,Relatively Moderate,36.036895674300254,Very Low,26.08142493638677,Very Low
28153,Mississippi,MS,Wayne,55.6615776081425,Relatively Low,89.23654568210263,Relatively Moderate,42.970737913486005,Relatively Low,,Not Applicable,55.55555555555556,Relatively Low,53.912213740458014,Very Low,56.075063613231556,Very Low,56.902035623409674,Very Low
28155,Mississippi,MS,Webster,12.595419847328243,Very Low,55.402586566541515,Very Low,13.42239185750636,Very Low,,Not Applicable,46.17854849068722,Relatively Low,63.42239185750637,Relatively Low,42.33460559796438,Very Low,23.727735368956743,Very Low
28157,Mississippi,MS,Wilkinson,33.460559796437664,Very Low,80.89278264497288,Relatively Low,33.842239185750635,Very Low,,Not Applicable,52.89017341040463,Relatively Low,28.30788804071247,Very Low,72.32824427480917,Relatively Low,37.5,Very Low
28159,Mississippi,MS,Winston,39.88549618320611,Very Low,72.54901960784314,Relatively Low,22.232824427480917,Very Low,,Not Applicable,63.58381502890174,Relatively Low,68.4796437659033,Relatively Low,47.74173027989822,Very Low,35.52798982188295,Very Low
28161,Mississippi,MS,Yalobusha,19.529262086513995,Very Low,53.98414685022945,Very Low,19.147582697201017,Very Low,,Not Applicable,57.835581245985864,Relatively Low,71.69211195928753,Relatively Low,56.04325699745547,Very Low,39.153944020356235,Very Low
28163,Mississippi,MS,Yazoo,71.15139949109415,Relatively Low,70.50479766374636,Relatively Low,48.536895674300254,Relatively Low,,Not Applicable,77.71355170199101,Relatively Low,62.81806615776081,Relatively Low,71.15139949109415,Relatively Low,44.529262086513995,Very Low
29001,Missouri,MO,Adair,28.72137404580153,Very Low,9.970796829370046,Very Low,31.424936386768447,Very Low,,Not Applicable,66.05651894669235,Relatively Low,39.24936386768448,Very Low,85.6234096692112,Relatively Low,42.87531806615776,Very Low
29003,Missouri,MO,Andrew,22.137404580152673,Very Low,0.0,No Rating,24.650127226463102,Very Low,,Not Applicable,50.09633911368015,Relatively Low,15.648854961832063,Very Low,72.20101781170484,Relatively Low,50.15903307888041,Very Low
29005,Missouri,MO,Atchison,21.723918575063614,Very Low,0.0,No Rating,25.604325699745544,Very Low,,Not Applicable,62.52408477842004,Relatively Low,14.153944020356235,Very Low,76.81297709923665,Relatively Low,28.75318066157761,Very Low
29007,Missouri,MO,Audrain,51.399491094147585,Relatively Low,23.153942428035045,Very Low,55.279898218829516,Relatively Low,,Not Applicable,85.54913294797689,Relatively Moderate,77.19465648854961,Relatively Low,42.17557251908397,Very Low,41.82569974554708,Very Low
29009,Missouri,MO,Barry,75.06361323155217,Relatively Low,46.43304130162703,Very Low,79.42111959287533,Relatively Moderate,,Not Applicable,83.07642903018626,Relatively Moderate,70.35623409669212,Relatively Low,74.07760814249363,Relatively Low,67.55725190839695,Relatively Low
29011,Missouri,MO,Barton,43.60687022900763,Relatively Low,28.744263662911973,Very Low,45.92875318066158,Relatively Low,,Not Applicable,62.042389210019266,Relatively Low,51.908396946564885,Very Low,34.096692111959285,Very Low,10.178117048346055,Very Low
29013,Missouri,MO,Bates,30.47073791348601,Very Low,21.98581560283688,Very Low,39.53562340966921,Relatively Low,,Not Applicable,62.90944123314065,Relatively Low,44.529262086513995,Very Low,41.030534351145036,Very Low,14.885496183206106,Very Low
29015,Missouri,MO,Benton,66.82569974554707,Relatively Low,27.909887359198997,Very Low,67.36641221374046,Relatively Low,,Not Applicable,78.22736030828517,Relatively Low,59.4147582697201,Very Low,68.44783715012723,Relatively Low,69.46564885496184,Relatively Low
29017,Missouri,MO,Bollinger,26.272264631043257,Very Low,24.238631622861913,Very Low,33.0470737913486,Very Low,,Not Applicable,55.202312138728324,Relatively Low,77.98982188295165,Relatively Low,70.61068702290076,Relatively Low,22.105597964376592,Very Low
29019,Missouri,MO,Boone,85.75063613231552,Relatively Moderate,25.573633708802667,Very Low,87.81806615776081,Relatively Moderate,,Not Applicable,93.77007064868337,Relatively Moderate,86.95928753180662,Relatively Low,88.80407124681933,Relatively Moderate,70.67430025445293,Relatively Low
29021,Missouri,MO,Buchanan,74.36386768447836,Relatively Low,0.0,No Rating,68.51145038167938,Relatively Low,,Not Applicable,89.78805394990366,Relatively Moderate,45.038167938931295,Very Low,82.95165394402035,Relatively Low,57.76081424936387,Very Low
29023,Missouri,MO,Butler,83.11068702290076,Relatively Moderate,44.01335002085941,Very Low,79.07124681933843,Relatively Moderate,,Not Applicable,93.48105330764291,Relatively Moderate,95.10178117048346,Relatively Moderate,76.24045801526718,Relatively Low,39.44020356234097,Very Low
29025,Missouri,MO,Caldwell,14.408396946564887,Very Low,0.0,No Rating,21.914758269720103,Very Low,,Not Applicable,49.83943481053308,Relatively Low,25.222646310432573,Very Low,47.99618320610687,Very Low,45.38804071246819,Very Low
29027,Missouri,MO,Callaway,63.93129770992366,Relatively Low,19.232373800584064,Very Low,68.35241730279898,Relatively Low,,Not Applicable,91.55427103403983,Relatively Moderate,75.89058524173028,Relatively Low,91.53944020356234,Relatively Moderate,66.18956743002545,Relatively Low
29029,Missouri,MO,Camden,88.39058524173028,Relatively Moderate,41.21818940342094,Very Low,93.25699745547074,Relatively Moderate,,Not Applicable,91.93962748876044,Relatively Moderate,79.23027989821882,Relatively Low,96.43765903307889,Relatively Moderate,81.8384223918575,Relatively Low
29031,Missouri,MO,Cape Girardeau,85.68702290076335,Relatively Moderate,38.25615352523988,Very Low,78.05343511450383,Relatively Moderate,,Not Applicable,92.32498394348106,Relatively Moderate,96.56488549618321,Relatively Moderate,82.60178117048346,Relatively Low,32.69720101781171,Very Low
29033,Missouri,MO,Carroll,32.60178117048346,Very Low,0.0,No Rating,45.38804071246819,Relatively Low,,Not Applicable,53.75722543352601,Relatively Low,36.48218829516539,Very Low,52.41730279898219,Very Low,43.86132315521628,Very Low
29035,Missouri,MO,Carter,53.9440203562341,Relatively Low,30.91364205256571,Very Low,60.591603053435115,Relatively Low,,Not Applicable,64.99678869621066,Relatively Low,82.1882951653944,Relatively Low,78.7849872773537,Relatively Low,47.45547073791349,Very Low
29037,Missouri,MO,Cass,74.90458015267176,Relatively Low,17.77221526908636,Very Low,70.54707379134861,Relatively Low,,Not Applicable,88.92100192678227,Relatively Moderate,54.35750636132316,Very Low,51.55852417302798,Very Low,29.452926208651398,Very Low
29039,Missouri,MO,Cedar,26.049618320610683,Very Low,21.61034626616604,Very Low,24.74554707379135,Very Low,,Not Applicable,67.50160565189466,Relatively Low,43.670483460559794,Very Low,21.087786259541986,Very Low,49.395674300254456,Very Low
29041,Missouri,MO,Chariton,29.421119592875318,Very Low,21.3183145598665,Very Low,44.14758269720102,Relatively Low,,Not Applicable,63.070006422607584,Relatively Low,42.04834605597965,Very Low,68.25699745547074,Relatively Low,48.18702290076336,Very Low
29043,Missouri,MO,Christian,66.47582697201018,Relatively Low,31.372549019607842,Very Low,70.0381679389313,Relatively Low,,Not Applicable,88.95311496467566,Relatively Moderate,70.96055979643766,Relatively Low,72.2328244274809,Relatively Low,70.3880407124682,Relatively Low
29045,Missouri,MO,Clark,21.81933842239186,Very Low,14.184397163120568,Very Low,30.50254452926209,Very Low,,Not Applicable,83.30122029543995,Relatively Moderate,32.82442748091603,Very Low,64.69465648854961,Relatively Low,47.36005089058524,Very Low
29047,Missouri,MO,Clay,89.79007633587787,Relatively Moderate,0.0,No Rating,87.75445292620864,Relatively Moderate,,Not Applicable,96.72447013487476,Relatively High,63.70865139949109,Relatively Low,76.0178117048346,Relatively Low,69.11577608142494,Relatively Low
29049,Missouri,MO,Clinton,56.234096692111954,Relatively Low,0.0,No Rating,65.55343511450383,Relatively Low,,Not Applicable,62.42774566473989,Relatively Low,34.57379134860051,Very Low,53.37150127226463,Very Low,66.2531806615776,Relatively Low
29051,Missouri,MO,Cole,73.44147582697201,Relatively Low,17.855652899457656,Very Low,73.47328244274809,Relatively Moderate,,Not Applicable,94.28387925497752,Relatively Moderate,82.31552162849873,Relatively Low,78.4033078880407,Relatively Low,71.72391857506362,Relatively Low
29053,Missouri,MO,Cooper,20.388040712468193,Very Low,12.47392574050897,Very Low,29.898218829516537,Very Low,,Not Applicable,67.88696210661529,Relatively Low,47.80534351145038,Very Low,37.75445292620866,Very Low,40.36259541984733,Very Low
29055,Missouri,MO,Crawford,54.99363867684478,Relatively Low,30.246141009595327,Very Low,47.58269720101781,Relatively Low,,Not Applicable,87.15478484264611,Relatively Moderate,78.88040712468194,Relatively Low,74.20483460559797,Relatively Low,53.594147582697204,Very Low
29057,Missouri,MO,Dade,23.282442748091604,Very Low,22.486441385064666,Very Low,27.70356234096692,Very Low,,Not Applicable,64.51509312780989,Relatively Low,41.57124681933842,Very Low,17.84351145038168,Very Low,38.104325699745544,Very Low
29059,Missouri,MO,Dallas,41.69847328244275,Very Low,16.020025031289112,Very Low,37.94529262086514,Relatively Low,,Not Applicable,71.51573538856776,Relatively Low,59.09669211195929,Very Low,38.963104325699746,Very Low,73.53689567430025,Relatively Low
29061,Missouri,MO,Daviess,30.05725190839695,Very Low,0.0,No Rating,36.19592875318066,Relatively Low,,Not Applicable,67.08413615928067,Relatively Low,23.02798982188295,Very Low,65.96692111959288,Relatively Low,51.717557251908396,Very Low
29063,Missouri,MO,DeKalb,16.030534351145036,Very Low,0.0,No Rating,20.960559796437657,Very Low,,Not Applicable,43.38471419396275,Relatively Low,23.505089058524174,Very Low,47.96437659033079,Very Low,46.37404580152672,Very Low
29065,Missouri,MO,Dent,52.54452926208651,Relatively Low,27.951606174384647,Very Low,32.69720101781171,Very Low,,Not Applicable,78.96596017983302,Relatively Moderate,78.21246819338423,Relatively Low,58.460559796437664,Very Low,60.01908396946565,Very Low
29067,Missouri,MO,Douglas,23.695928753180663,Very Low,27.15894868585732,Very Low,27.035623409669213,Very Low,,Not Applicable,71.57996146435453,Relatively Low,63.358778625954194,Relatively Low,75.98600508905852,Relatively Low,58.68320610687023,Very Low
29069,Missouri,MO,Dunklin,80.1208651399491,Relatively Low,46.51647893199833,Very Low,42.716284987277355,Relatively Low,,Not Applicable,89.62748876043673,Relatively Moderate,96.43765903307889,Relatively Moderate,29.421119592875318,Very Low,7.760814249363868,Very Low
29071,Missouri,MO,Franklin,83.46055979643766,Relatively Moderate,18.272841051314142,Very Low,85.43256997455471,Relatively Moderate,,Not Applicable,93.73795761078998,Relatively Moderate,89.85368956743002,Relatively Low,88.10432569974554,Relatively Moderate,66.69847328244275,Relatively Low
29073,Missouri,MO,Gasconade,31.96564885496183,Very Low,15.894868585732166,Very Low,46.11959287531807,Relatively Low,,Not Applicable,79.44765574823379,Relatively Moderate,62.72264631043257,Relatively Low,64.94910941475827,Relatively Low,34.28753180661578,Very Low
29075,Missouri,MO,Gentry,28.848600508905854,Very Low,0.0,No Rating,27.131043256997454,Very Low,,Not Applicable,82.30571612074502,Relatively Moderate,17.270992366412212,Very Low,60.20992366412214,Very Low,51.87659033078881,Very Low
29077,Missouri,MO,Greene,90.07633587786259,Relatively Moderate,41.301627033792236,Very Low,88.80407124681933,Relatively Moderate,,Not Applicable,98.1053307642903,Relatively High,92.90712468193384,Relatively Moderate,54.35750636132316,Very Low,72.42366412213741,Relatively Low
29079,Missouri,MO,Grundy,27.86259541984733,Very Low,14.476428869420108,Very Low,30.248091603053435,Very Low,,Not Applicable,61.78548490687219,Relatively Low,30.661577608142494,Very Low,61.92748091603053,Very Low,46.78753180661578,Very Low
29081,Missouri,MO,Harrison,29.325699745547073,Very Low,11.180642469753858,Very Low,28.053435114503817,Very Low,,Not Applicable,66.6024405908799,Relatively Low,25.699745547073793,Very Low,74.45928753180662,Relatively Low,60.05089058524173,Very Low
29083,Missouri,MO,Henry,52.767175572519086,Relatively Low,27.659574468085108,Very Low,61.1323155216285,Relatively Low,,Not Applicable,70.32755298651252,Relatively Low,58.87404580152672,Very Low,55.56615776081425,Very Low,43.54325699745547,Very Low
29085,Missouri,MO,Hickory,23.473282442748094,Very Low,19.566124322069253,Very Low,32.410941475826974,Very Low,,Not Applicable,56.96852922286448,Relatively Low,42.93893129770993,Very Low,42.01653944020356,Very Low,69.37022900763358,Relatively Low
29087,Missouri,MO,Holt,15.680661577608143,Very Low,0.0,No Rating,21.660305343511453,Very Low,,Not Applicable,51.83044315992292,Relatively Low,16.730279898218832,Very Low,72.7735368956743,Relatively Low,32.79262086513995,Very Low
29089,Missouri,MO,Howard,13.804071246819339,Very Low,10.095953274926991,Very Low,23.21882951653944,Very Low,,Not Applicable,61.946050096339114,Relatively Low,40.71246819338422,Very Low,84.47837150127226,Relatively Low,31.87022900763359,Very Low
29091,Missouri,MO,Howell,77.7671755725191,Relatively Low,41.677096370463076,Very Low,79.6119592875318,Relatively Moderate,,Not Applicable,87.02633269107257,Relatively Moderate,91.06234096692111,Relatively Moderate,67.6208651399491,Relatively Low,75.44529262086515,Relatively Low
29093,Missouri,MO,Iron,69.49745547073792,Relatively Low,28.619107217355026,Very Low,64.47201017811705,Relatively Low,,Not Applicable,96.37122671804754,Relatively Moderate,78.0852417302799,Relatively Low,75.73155216284987,Relatively Low,50.82697201017812,Very Low
29095,Missouri,MO,Jackson,96.50127226463104,Relatively High,0.0,No Rating,96.50127226463104,Relatively High,,Not Applicable,99.13294797687861,Relatively High,82.15648854961832,Relatively Low,82.12468193384224,Relatively Low,49.17302798982188,Very Low
29097,Missouri,MO,Jasper,85.59160305343512,Relatively Moderate,38.589904046725074,Very Low,84.89185750636132,Relatively Moderate,,Not Applicable,94.41233140655106,Relatively Moderate,78.97582697201018,Relatively Low,32.60178117048346,Very Low,66.2849872773537,Relatively Low
29099,Missouri,MO,Jefferson,90.52162849872774,Relatively Moderate,23.654568210262827,Very Low,91.38040712468194,Relatively Moderate,,Not Applicable,92.10019267822736,Relatively Moderate,93.41603053435115,Relatively Moderate,95.92875318066157,Relatively Moderate,53.05343511450382,Very Low
29101,Missouri,MO,Johnson,54.93002544529262,Relatively Low,22.194409678765123,Very Low,59.66921119592875,Relatively Low,,Not Applicable,81.05330764290302,Relatively Moderate,49.55470737913486,Very Low,60.24173027989822,Very Low,28.816793893129773,Very Low
29103,Missouri,MO,Knox,21.024173027989825,Very Low,14.810179390905297,Very Low,23.282442748091604,Very Low,,Not Applicable,87.76493256262043,Relatively Moderate,30.47073791348601,Very Low,55.50254452926209,Very Low,35.273536895674305,Very Low
29105,Missouri,MO,Laclede,66.03053435114504,Relatively Low,21.401752190237797,Very Low,61.35496183206107,Relatively Low,,Not Applicable,86.83365446371226,Relatively Moderate,80.72519083969466,Relatively Low,55.78880407124682,Very Low,78.21246819338423,Relatively Low
29107,Missouri,MO,Lafayette,52.51272264631043,Relatively Low,16.937838965373384,Very Low,44.30661577608143,Relatively Low,,Not Applicable,75.46563904945408,Relatively Low,46.24681933842239,Very Low,71.66030534351145,Relatively Low,34.033078880407125,Very Low
29109,Missouri,MO,Lawrence,66.22137404580153,Relatively Low,40.13350020859407,Very Low,67.20737913486005,Relatively Low,,Not Applicable,84.52151573538856,Relatively Moderate,71.18320610687023,Relatively Low,23.823155216284988,Very Low,53.43511450381679,Very Low
29111,Missouri,MO,Lewis,27.385496183206108,Very Low,12.265331664580724,Very Low,37.05470737913486,Relatively Low,,Not Applicable,82.9800899165061,Relatively Moderate,38.45419847328244,Very Low,64.12213740458014,Relatively Low,36.67302798982188,Very Low
29113,Missouri,MO,Lincoln,67.08015267175573,Relatively Low,12.72423863162286,Very Low,70.29262086513995,Relatively Low,,Not Applicable,92.61400128452152,Relatively Moderate,77.79898218829516,Relatively Low,82.44274809160305,Relatively Low,59.25572519083969,Very Low
29115,Missouri,MO,Linn,31.234096692111958,Very Low,16.186900292031705,Very Low,39.026717557251914,Relatively Low,,Not Applicable,64.54720616570327,Relatively Low,40.903307888040715,Very Low,59.541984732824424,Very Low,50.667938931297705,Very Low
29117,Missouri,MO,Livingston,23.02798982188295,Very Low,0.0,No Rating,26.431297709923662,Very Low,,Not Applicable,56.358381502890175,Relatively Low,31.838422391857506,Very Low,56.13867684478372,Very Low,38.23155216284987,Very Low
29119,Missouri,MO,McDonald,63.99491094147582,Relatively Low,31.53942428035044,Very Low,73.72773536895674,Relatively Moderate,,Not Applicable,74.47013487475915,Relatively Low,38.67684478371501,Very Low,74.49109414758269,Relatively Low,72.80534351145039,Relatively Low
29121,Missouri,MO,Macon,36.76844783715013,Very Low,20.817688777638715,Very Low,47.67811704834606,Relatively Low,,Not Applicable,62.33140655105973,Relatively Low,54.4529262086514,Very Low,81.77480916030534,Relatively Low,52.639949109414765,Very Low
29123,Missouri,MO,Madison,50.858778625954194,Relatively Low,33.708802670004175,Very Low,54.293893129770986,Relatively Low,,Not Applicable,84.23249839434811,Relatively Moderate,81.3295165394402,Relatively Low,67.84351145038168,Relatively Low,30.216284987277355,Very Low
29125,Missouri,MO,Maries,20.833333333333336,Very Low,17.647058823529413,Very Low,28.944020356234095,Very Low,,Not Applicable,64.61143224149004,Relatively Low,51.463104325699746,Very Low,52.00381679389313,Very Low,45.5470737913486,Very Low
29127,Missouri,MO,Marion,47.86895674300254,Relatively Low,15.853149770546516,Very Low,59.31933842239185,Relatively Low,,Not Applicable,79.73667308927425,Relatively Moderate,50.92239185750637,Very Low,77.98982188295165,Relatively Low,30.756997455470735,Very Low
29129,Missouri,MO,Mercer,12.27735368956743,Very Low,11.389236545682103,Very Low,17.90712468193384,Very Low,,Not Applicable,46.30700064226076,Relatively Low,17.239185750636132,Very Low,78.97582697201018,Relatively Low,48.346055979643765,Very Low
29131,Missouri,MO,Miller,55.089058524173026,Relatively Low,28.86942010846892,Very Low,61.48218829516539,Relatively Low,,Not Applicable,85.0674373795761,Relatively Moderate,66.88931297709924,Relatively Low,81.74300254452926,Relatively Low,70.0381679389313,Relatively Low
29133,Missouri,MO,Mississippi,57.1882951653944,Relatively Low,35.46099290780142,Very Low,25.508905852417303,Very Low,,Not Applicable,64.0655105973025,Relatively Low,93.51145038167938,Relatively Moderate,13.295165394402037,Very Low,1.590330788804071,Very Low
29135,Missouri,MO,Moniteau,31.01145038167939,Very Low,18.523153942428035,Very Low,32.50636132315521,Very Low,,Not Applicable,82.01669877970456,Relatively Moderate,56.583969465648856,Very Low,37.913486005089055,Very Low,67.68447837150127,Relatively Low
29137,Missouri,MO,Monroe,21.183206106870227,Very Low,19.190654985398414,Very Low,24.109414758269722,Very Low,,Not Applicable,82.88375080282594,Relatively Moderate,45.960559796437664,Very Low,54.58015267175572,Very Low,31.90203562340967,Very Low
29139,Missouri,MO,Montgomery,38.32697201017812,Very Low,21.026282853566958,Very Low,47.93256997455471,Relatively Low,,Not Applicable,87.05844572896596,Relatively Moderate,69.11577608142494,Relatively Low,84.31933842239185,Relatively Low,44.43384223918575,Very Low
29141,Missouri,MO,Morgan,75.47709923664122,Relatively Low,36.253650396328744,Very Low,82.72900763358778,Relatively Moderate,,Not Applicable,87.12267180475273,Relatively Moderate,67.14376590330788,Relatively Low,82.06106870229007,Relatively Low,72.264631043257,Relatively Low
29143,Missouri,MO,New Madrid,71.9147582697201,Relatively Low,43.262411347517734,Very Low,22.58269720101781,Very Low,,Not Applicable,88.34296724470136,Relatively Moderate,96.11959287531806,Relatively Moderate,31.87022900763359,Very Low,3.753180661577608,Very Low
29145,Missouri,MO,Newton,77.51272264631042,Relatively Low,39.67459324155194,Very Low,80.02544529262087,Relatively Moderate,,Not Applicable,90.14129736673088,Relatively Moderate,69.94274809160305,Relatively Low,50.667938931297705,Very Low,77.29007633587787,Relatively Low
29147,Missouri,MO,Nodaway,45.578880407124686,Relatively Low,0.0,No Rating,50.95419847328244,Relatively Low,,Not Applicable,57.22543352601156,Relatively Low,19.40203562340967,Very Low,70.45165394402035,Relatively Low,52.989821882951645,Very Low
29149,Missouri,MO,Oregon,48.69592875318066,Relatively Low,37.171464330413016,Very Low,46.43765903307888,Relatively Low,,Not Applicable,68.97880539499036,Relatively Low,82.44274809160305,Relatively Low,65.87150127226464,Relatively Low,60.1145038167939,Very Low
29151,Missouri,MO,Osage,32.91984732824427,Very Low,14.05924071756362,Very Low,47.51908396946565,Relatively Low,,Not Applicable,79.15863840719332,Relatively Moderate,55.916030534351144,Very Low,76.08142493638677,Relatively Low,35.846055979643765,Very Low
29153,Missouri,MO,Ozark,35.718829516539444,Very Low,27.450980392156865,Very Low,42.04834605597965,Relatively Low,,Not Applicable,84.4572896596018,Relatively Moderate,64.66284987277355,Relatively Low,78.68956743002545,Relatively Low,60.75063613231551,Very Low
29155,Missouri,MO,Pemiscot,77.95801526717557,Relatively Low,46.30788485607009,Very Low,27.512722646310433,Very Low,,Not Applicable,84.77842003853564,Relatively Moderate,96.18320610687023,Relatively Moderate,26.74936386768448,Very Low,3.944020356234097,Very Low
29157,Missouri,MO,Perry,46.18320610687023,Relatively Low,35.9616186900292,Very Low,32.12468193384224,Very Low,,Not Applicable,72.89659601798331,Relatively Low,87.69083969465649,Relatively Low,63.51781170483461,Relatively Low,17.048346055979643,Very Low
29159,Missouri,MO,Pettis,61.959287531806616,Relatively Low,27.86816854401335,Very Low,60.30534351145038,Relatively Low,,Not Applicable,87.89338471419397,Relatively Moderate,69.27480916030534,Relatively Low,62.37277353689568,Relatively Low,51.74936386768449,Very Low
29161,Missouri,MO,Phelps,53.721374045801525,Relatively Low,26.282853566958696,Very Low,52.35368956743003,Relatively Low,,Not Applicable,89.85228002569043,Relatively Moderate,79.48473282442748,Relatively Low,69.37022900763358,Relatively Low,57.85623409669212,Very Low
29163,Missouri,MO,Pike,40.29898218829516,Very Low,22.152690863579476,Very Low,45.13358778625955,Relatively Low,,Not Applicable,88.69621066152858,Relatively Moderate,62.69083969465649,Relatively Low,84.0966921119593,Relatively Low,41.9529262086514,Very Low
29165,Missouri,MO,Platte,71.37404580152672,Relatively Low,0.0,No Rating,65.9033078880407,Relatively Low,,Not Applicable,90.23763648041104,Relatively Moderate,42.14376590330789,Very Low,82.98346055979644,Relatively Low,60.591603053435115,Very Low
29167,Missouri,MO,Polk,54.48473282442748,Relatively Low,24.071756362119316,Very Low,57.88804071246819,Relatively Low,,Not Applicable,81.75979447655747,Relatively Moderate,63.61323155216285,Relatively Low,30.407124681933844,Very Low,72.20101781170484,Relatively Low
29169,Missouri,MO,Pulaski,60.527989821882954,Relatively Low,20.94284522319566,Very Low,62.43638676844784,Relatively Low,,Not Applicable,89.82016698779705,Relatively Moderate,69.8473282442748,Relatively Low,78.27608142493638,Relatively Low,62.531806615776084,Very Low
29171,Missouri,MO,Putnam,8.237913486005088,Very Low,11.889862327909889,Very Low,10.146310432569974,Very Low,,Not Applicable,46.756583172768146,Relatively Low,19.21119592875318,Very Low,87.59541984732824,Relatively Moderate,40.108142493638674,Very Low
29173,Missouri,MO,Ralls,14.058524173027989,Very Low,10.84689194826867,Very Low,27.16284987277354,Very Low,,Not Applicable,74.72703917790624,Relatively Low,37.340966921119595,Very Low,73.60050890585241,Relatively Low,32.12468193384224,Very Low
29175,Missouri,MO,Randolph,35.846055979643765,Very Low,14.601585314977056,Very Low,37.404580152671755,Relatively Low,,Not Applicable,78.64482980089916,Relatively Low,60.30534351145038,Relatively Low,69.3384223918575,Relatively Low,38.3587786259542,Very Low
29177,Missouri,MO,Ray,44.37022900763359,Relatively Low,0.0,No Rating,48.791348600508904,Relatively Low,,Not Applicable,70.5844572896596,Relatively Low,35.30534351145038,Very Low,80.37531806615776,Relatively Low,55.025445292620866,Very Low
29179,Missouri,MO,Reynolds,63.8676844783715,Relatively Low,25.03128911138924,Very Low,54.103053435114504,Relatively Low,,Not Applicable,84.71419396274888,Relatively Moderate,72.55089058524173,Relatively Low,84.92366412213741,Relatively Low,48.50508905852418,Very Low
29181,Missouri,MO,Ripley,56.99745547073791,Relatively Low,40.21693783896537,Very Low,59.4147582697201,Relatively Low,,Not Applicable,77.07129094412332,Relatively Low,87.91348600508906,Relatively Low,62.34096692111959,Very Low,44.75190839694657,Very Low
29183,Missouri,MO,St. Charles,92.58905852417303,Relatively Moderate,22.778473091364205,Very Low,94.24300254452926,Relatively High,,Not Applicable,95.56840077071291,Relatively Moderate,94.62468193384224,Relatively Moderate,92.8117048346056,Relatively Moderate,58.81043256997456,Very Low
29185,Missouri,MO,St. Clair,25.636132315521625,Very Low,20.150187734668336,Very Low,35.846055979643765,Relatively Low,,Not Applicable,57.00064226075787,Relatively Low,41.69847328244275,Very Low,32.538167938931295,Very Low,53.14885496183206,Very Low
29186,Missouri,MO,Ste. Genevieve,54.61195928753181,Relatively Low,32.83270755110555,Very Low,52.608142493638674,Relatively Low,,Not Applicable,93.25626204238921,Relatively Moderate,81.64758269720102,Relatively Low,77.13104325699746,Relatively Low,36.22773536895674,Very Low
29187,Missouri,MO,St. Francois,78.53053435114504,Relatively Low,36.0450563204005,Very Low,70.35623409669212,Relatively Low,,Not Applicable,95.69685292228644,Relatively Moderate,91.47582697201018,Relatively Moderate,67.8117048346056,Relatively Low,57.25190839694656,Very Low
29189,Missouri,MO,St. Louis,99.33206106870229,Relatively High,45.09803921568628,Very Low,99.07760814249363,Relatively High,,Not Applicable,99.87154784842646,Very High,99.04580152671755,Relatively High,97.55089058524173,Relatively Moderate,61.704834605597966,Very Low
29195,Missouri,MO,Saline,51.62213740458015,Relatively Low,25.406758448060074,Very Low,58.492366412213734,Relatively Low,,Not Applicable,80.98908156711624,Relatively Moderate,60.14631043256997,Relatively Low,62.468193384223916,Relatively Low,30.15267175572519,Very Low
29197,Missouri,MO,Schuyler,3.625954198473282,Very Low,8.010012515644556,Very Low,6.138676844783715,Very Low,,Not Applicable,36.15928066795119,Very Low,21.087786259541986,Very Low,71.50127226463104,Relatively Low,41.157760814249365,Very Low
29199,Missouri,MO,Scotland,32.95165394402035,Very Low,19.899874843554443,Very Low,18.25699745547074,Very Low,,Not Applicable,93.57739242132305,Relatively Moderate,30.279898218829516,Very Low,69.72010178117048,Relatively Low,55.152671755725194,Very Low
29201,Missouri,MO,Scott,80.08905852417303,Relatively Low,40.091781393408425,Very Low,48.95038167938932,Relatively Low,,Not Applicable,85.48490687219011,Relatively Moderate,96.15139949109415,Relatively Moderate,55.69338422391857,Very Low,11.291348600508906,Very Low
29203,Missouri,MO,Shannon,57.538167938931295,Relatively Low,29.995828118481434,Very Low,45.960559796437664,Relatively Low,,Not Applicable,75.04816955684007,Relatively Low,76.62213740458014,Relatively Low,81.04325699745547,Relatively Low,60.81424936386769,Very Low
29205,Missouri,MO,Shelby,15.935114503816795,Very Low,14.100959532749268,Very Low,14.567430025445294,Very Low,,Not Applicable,79.80089916506101,Relatively Moderate,39.47201017811705,Very Low,37.086513994910945,Very Low,20.769720101781168,Very Low
29207,Missouri,MO,Stoddard,74.30025445292621,Relatively Low,49.0613266583229,Very Low,41.603053435114504,Relatively Low,,Not Applicable,85.16377649325626,Relatively Moderate,95.48346055979644,Relatively Moderate,65.48982188295165,Relatively Low,13.39058524173028,Very Low
29209,Missouri,MO,Stone,76.74936386768448,Relatively Low,39.340842720066746,Very Low,74.6501272264631,Relatively Moderate,,Not Applicable,81.37443802183687,Relatively Moderate,66.2531806615776,Relatively Low,89.69465648854961,Relatively Moderate,64.09033078880407,Relatively Low
29211,Missouri,MO,Sullivan,10.114503816793894,Very Low,16.812682519816438,Very Low,12.372773536895675,Very Low,,Not Applicable,47.30250481695568,Relatively Low,21.755725190839694,Very Low,81.26590330788804,Relatively Low,42.62086513994911,Very Low
29213,Missouri,MO,Taney,84.03307888040712,Relatively Moderate,38.33959115561118,Very Low,89.05852417302799,Relatively Moderate,,Not Applicable,88.6319845857418,Relatively Moderate,76.0178117048346,Relatively Low,92.52544529262087,Relatively Moderate,67.90712468193384,Relatively Low
29215,Missouri,MO,Texas,62.43638676844784,Relatively Low,37.21318314559866,Very Low,49.23664122137404,Relatively Low,,Not Applicable,87.66859344894027,Relatively Moderate,80.08905852417303,Relatively Low,65.01272264631042,Relatively Low,64.94910941475827,Relatively Low
29217,Missouri,MO,Vernon,45.960559796437664,Relatively Low,31.038798498122656,Very Low,49.840966921119595,Relatively Low,,Not Applicable,74.791265253693,Relatively Low,52.44910941475827,Very Low,45.00636132315521,Very Low,24.52290076335878,Very Low
29219,Missouri,MO,Warren,55.343511450381676,Relatively Low,9.51188986232791,Very Low,61.19592875318066,Relatively Low,,Not Applicable,92.6461143224149,Relatively Moderate,73.2824427480916,Relatively Low,74.36386768447836,Relatively Low,56.55216284987278,Very Low
29221,Missouri,MO,Washington,67.77989821882952,Relatively Low,30.20442219440968,Very Low,52.639949109414765,Relatively Low,,Not Applicable,96.0179833012203,Relatively Moderate,82.85623409669212,Relatively Low,79.80279898218829,Relatively Low,56.01145038167938,Very Low
29223,Missouri,MO,Wayne,67.01653944020356,Relatively Low,35.66958698372966,Very Low,68.57506361323156,Relatively Low,,Not Applicable,82.59473346178548,Relatively Moderate,85.52798982188295,Relatively Low,83.7468193384224,Relatively Low,47.16921119592875,Very Low
29225,Missouri,MO,Webster,44.592875318066156,Relatively Low,23.52941176470588,Very Low,43.38422391857507,Relatively Low,,Not Applicable,81.9203596660244,Relatively Moderate,70.32442748091603,Relatively Low,48.95038167938932,Very Low,69.14758269720102,Relatively Low
29227,Missouri,MO,Worth,8.206106870229007,Very Low,7.21735502711723,Very Low,4.611959287531807,Very Low,,Not Applicable,86.1592806679512,Relatively Moderate,5.566157760814249,Very Low,62.18193384223919,Very Low,34.096692111959285,Very Low
29229,Missouri,MO,Wright,57.410941475826974,Relatively Low,31.289111389236545,Very Low,62.34096692111959,Relatively Low,,Not Applicable,80.82851637764932,Relatively Moderate,76.11323155216286,Relatively Low,61.768447837150134,Very Low,64.59923664122137,Relatively Low
29510,Missouri,MO,St. Louis,98.69592875318067,Relatively High,32.08176887776387,Very Low,96.97837150127226,Relatively High,,Not Applicable,99.8073217726397,Very High,98.47328244274809,Relatively High,46.024173027989825,Very Low,2.989821882951654,Very Low
30001,Montana,MT,Beaverhead,42.87531806615776,Relatively Low,,Not Applicable,36.32315521628499,Relatively Low,,Not Applicable,5.009633911368015,Very Low,85.65521628498728,Relatively Low,92.74809160305344,Relatively Moderate,84.31933842239185,Relatively Low
30003,Montana,MT,Big Horn,57.220101781170484,Relatively Low,,Not Applicable,55.1208651399491,Relatively Low,,Not Applicable,34.938985228002565,Very Low,39.599236641221374,Very Low,73.82315521628499,Relatively Low,94.8473282442748,Relatively Moderate
30005,Montana,MT,Blaine,45.86513994910941,Relatively Low,,Not Applicable,46.533078880407125,Relatively Low,,Not Applicable,20.584457289659603,Very Low,13.358778625954198,Very Low,44.6882951653944,Very Low,69.8473282442748,Relatively Low
30007,Montana,MT,Broadwater,17.68447837150127,Very Low,,Not Applicable,19.083969465648856,Very Low,,Not Applicable,8.92742453436095,Very Low,74.87277353689568,Relatively Low,89.24936386768448,Relatively Moderate,72.90076335877863,Relatively Low
30009,Montana,MT,Carbon,59.796437659033074,Relatively Low,,Not Applicable,72.264631043257,Relatively Low,,Not Applicable,20.937700706486833,Very Low,53.594147582697204,Very Low,98.75954198473282,Relatively High,93.32061068702289,Relatively Moderate
30011,Montana,MT,Carter,1.749363867684478,Very Low,,Not Applicable,4.103053435114504,Very Low,,Not Applicable,7.803468208092486,Very Low,12.27735368956743,Very Low,27.989821882951656,Very Low,73.82315521628499,Relatively Low
30013,Montana,MT,Cascade,83.14249363867684,Relatively Moderate,,Not Applicable,83.3969465648855,Relatively Moderate,,Not Applicable,45.82530507385999,Relatively Low,71.7557251908397,Relatively Low,71.88295165394402,Relatively Low,84.16030534351145,Relatively Low
30015,Montana,MT,Chouteau,39.47201017811705,Very Low,,Not Applicable,50.38167938931297,Relatively Low,,Not Applicable,16.40976236351959,Very Low,27.067430025445294,Very Low,46.94656488549619,Very Low,72.58269720101781,Relatively Low
30017,Montana,MT,Custer,42.14376590330789,Very Low,,Not Applicable,38.295165394402034,Relatively Low,,Not Applicable,38.31085420680797,Very Low,31.393129770992367,Very Low,58.96946564885496,Very Low,85.36895674300254,Relatively Low
30019,Montana,MT,Daniels,1.812977099236641,Very Low,,Not Applicable,2.989821882951654,Very Low,,Not Applicable,8.092485549132949,Very Low,3.307888040712468,Very Low,7.983460559796438,Very Low,37.81806615776082,Very Low
30021,Montana,MT,Dawson,63.80407124681934,Relatively Low,,Not Applicable,28.148854961832058,Very Low,,Not Applicable,62.49197174052665,Relatively Low,15.012722646310433,Very Low,33.33333333333333,Very Low,59.573791348600516,Very Low
30023,Montana,MT,Deer Lodge,17.58905852417303,Very Low,,Not Applicable,10.527989821882953,Very Low,,Not Applicable,7.385998715478484,Very Low,49.968193384223916,Very Low,80.78880407124683,Relatively Low,73.60050890585241,Relatively Low
30025,Montana,MT,Fallon,5.407124681933842,Very Low,,Not Applicable,5.534351145038168,Very Low,,Not Applicable,13.19845857418112,Very Low,7.824427480916031,Very Low,14.694656488549619,Very Low,56.52035623409669,Very Low
30027,Montana,MT,Fergus,45.10178117048346,Relatively Low,,Not Applicable,36.48218829516539,Relatively Low,,Not Applicable,20.29543994861914,Very Low,25.890585241730278,Very Low,71.2150127226463,Relatively Low,80.40712468193384,Relatively Low
30029,Montana,MT,Flathead,86.45038167938931,Relatively Moderate,,Not Applicable,79.80279898218829,Relatively Moderate,,Not Applicable,57.16120745022479,Relatively Low,95.76972010178118,Relatively Moderate,97.264631043257,Relatively Moderate,95.45165394402035,Relatively Moderate
30031,Montana,MT,Gallatin,80.9796437659033,Relatively Moderate,,Not Applicable,64.24936386768448,Relatively Low,,Not Applicable,28.837508028259474,Very Low,94.14758269720102,Relatively Moderate,96.62849872773536,Relatively Moderate,91.38040712468194,Relatively Moderate
30033,Montana,MT,Garfield,2.480916030534351,Very Low,,Not Applicable,5.375318066157761,Very Low,,Not Applicable,10.597302504816955,Very Low,6.424936386768448,Very Low,38.74045801526718,Very Low,78.33969465648855,Relatively Low
30035,Montana,MT,Glacier,51.49491094147582,Relatively Low,,Not Applicable,45.48346055979644,Relatively Low,,Not Applicable,16.666666666666664,Very Low,60.75063613231551,Relatively Low,63.835877862595424,Relatively Low,85.2735368956743,Relatively Low
30037,Montana,MT,Golden Valley,0.986005089058524,Very Low,,Not Applicable,5.597964376590331,Very Low,,Not Applicable,4.495825305073859,Very Low,11.41857506361323,Very Low,16.698473282442748,Very Low,57.44274809160306,Very Low
30039,Montana,MT,Granite,9.382951653944021,Very Low,,Not Applicable,11.132315521628499,Very Low,,Not Applicable,4.174694926140013,Very Low,37.69083969465649,Very Low,91.92111959287533,Relatively Moderate,88.64503816793892,Relatively Low
30041,Montana,MT,Hill,50.445292620865146,Relatively Low,,Not Applicable,43.416030534351144,Relatively Low,,Not Applicable,24.727039177906228,Very Low,20.483460559796438,Very Low,38.67684478371501,Very Low,62.786259541984734,Very Low
30043,Montana,MT,Jefferson,21.564885496183205,Very Low,,Not Applicable,29.421119592875318,Very Low,,Not Applicable,10.083493898522802,Very Low,64.82188295165395,Relatively Low,95.8969465648855,Relatively Moderate,89.05852417302799,Relatively Moderate
30045,Montana,MT,Judith Basin,5.502544529262086,Very Low,,Not Applicable,12.627226463104327,Very Low,,Not Applicable,7.321772639691715,Very Low,18.765903307888042,Very Low,35.01908396946565,Very Low,63.67684478371501,Relatively Low
30047,Montana,MT,Lake,67.6526717557252,Relatively Low,,Not Applicable,57.156488549618324,Relatively Low,,Not Applicable,38.66409762363519,Very Low,92.30279898218829,Relatively Moderate,90.83969465648855,Relatively Moderate,92.6526717557252,Relatively Moderate
30049,Montana,MT,Lewis and Clark,71.2468193384224,Relatively Low,,Not Applicable,64.56743002544529,Relatively Low,,Not Applicable,35.38856775850995,Very Low,86.76844783715013,Relatively Low,95.16539440203562,Relatively Moderate,92.84351145038168,Relatively Moderate
30051,Montana,MT,Liberty,6.297709923664121,Very Low,,Not Applicable,11.863867684478372,Very Low,,Not Applicable,8.702633269107258,Very Low,15.394402035623408,Very Low,8.555979643765903,Very Low,17.080152671755723,Very Low
30053,Montana,MT,Lincoln,64.28117048346056,Relatively Low,,Not Applicable,65.48982188295165,Relatively Low,,Not Applicable,37.090558766859345,Very Low,63.54961832061069,Relatively Low,91.95292620865139,Relatively Moderate,96.5966921119593,Relatively Moderate
30055,Montana,MT,McCone,5.248091603053435,Very Low,,Not Applicable,5.629770992366412,Very Low,,Not Applicable,17.951188182402056,Very Low,9.987277353689567,Very Low,21.501272264631044,Very Low,48.56870229007634,Very Low
30057,Montana,MT,Madison,41.030534351145036,Very Low,,Not Applicable,29.834605597964376,Very Low,,Not Applicable,5.65189466923571,Very Low,79.89821882951654,Relatively Low,95.80152671755725,Relatively Moderate,87.34096692111959,Relatively Low
30059,Montana,MT,Meagher,2.798982188295165,Very Low,,Not Applicable,9.701017811704835,Very Low,,Not Applicable,3.853564547206165,Very Low,30.59796437659033,Very Low,91.4440203562341,Relatively Moderate,68.41603053435115,Relatively Low
30061,Montana,MT,Mineral,7.347328244274809,Very Low,,Not Applicable,15.998727735368956,Very Low,,Not Applicable,15.478484264611433,Very Low,29.134860050890588,Very Low,91.2531806615776,Relatively Moderate,85.55979643765903,Relatively Low
30063,Montana,MT,Missoula,77.03562340966921,Relatively Low,,Not Applicable,68.63867684478372,Relatively Low,,Not Applicable,53.500321130378936,Relatively Low,91.34860050890585,Relatively Moderate,95.13358778625954,Relatively Moderate,95.76972010178118,Relatively Moderate
30065,Montana,MT,Musselshell,17.048346055979643,Very Low,,Not Applicable,15.521628498727736,Very Low,,Not Applicable,17.597944765574823,Very Low,20.706106870229007,Very Low,63.67684478371501,Relatively Low,91.92111959287533,Relatively Moderate
30067,Montana,MT,Park,66.2849872773537,Relatively Low,,Not Applicable,55.62977099236641,Relatively Low,,Not Applicable,17.662170841361593,Very Low,76.39949109414759,Relatively Low,96.66030534351145,Relatively Moderate,93.51145038167938,Relatively Moderate
30069,Montana,MT,Petroleum,1.304071246819339,Very Low,,Not Applicable,1.972010178117048,Very Low,,Not Applicable,5.330764290301863,Very Low,1.653944020356234,Very Low,13.64503816793893,Very Low,66.47582697201018,Relatively Low
30071,Montana,MT,Phillips,34.51017811704835,Very Low,,Not Applicable,39.75826972010178,Relatively Low,,Not Applicable,20.64868336544637,Very Low,15.076335877862595,Very Low,43.670483460559794,Very Low,67.74809160305344,Relatively Low
30073,Montana,MT,Pondera,24.61832061068702,Very Low,,Not Applicable,29.325699745547073,Very Low,,Not Applicable,13.294797687861271,Very Low,51.30407124681934,Very Low,18.893129770992367,Very Low,70.29262086513995,Relatively Low
30075,Montana,MT,Powder River,4.007633587786259,Very Low,,Not Applicable,7.824427480916031,Very Low,,Not Applicable,9.730250481695569,Very Low,17.970737913486005,Very Low,44.37022900763359,Very Low,87.97709923664122,Relatively Low
30077,Montana,MT,Powell,9.955470737913485,Very Low,,Not Applicable,15.776081424936386,Very Low,,Not Applicable,5.908798972382788,Very Low,59.478371501272264,Very Low,91.66666666666666,Relatively Moderate,86.35496183206108,Relatively Low
30079,Montana,MT,Prairie,4.230279898218829,Very Low,,Not Applicable,5.788804071246819,Very Low,,Not Applicable,18.561335902376364,Very Low,5.343511450381679,Very Low,18.575063613231553,Very Low,60.973282442748086,Very Low
30081,Montana,MT,Ravalli,78.46692111959288,Relatively Low,,Not Applicable,51.972010178117046,Relatively Low,,Not Applicable,47.14193962748876,Relatively Low,69.3384223918575,Relatively Low,93.57506361323156,Relatively Moderate,98.88676844783714,Relatively High
30083,Montana,MT,Richland,52.703562340966926,Relatively Low,,Not Applicable,25.06361323155216,Very Low,,Not Applicable,46.11432241490045,Relatively Low,8.365139949109416,Very Low,22.709923664122137,Very Low,54.99363867684478,Very Low
30085,Montana,MT,Roosevelt,54.4529262086514,Relatively Low,,Not Applicable,26.622137404580155,Very Low,,Not Applicable,48.13744380218369,Relatively Low,15.776081424936386,Very Low,23.40966921119593,Very Low,72.83715012722645,Relatively Low
30087,Montana,MT,Rosebud,49.713740458015266,Relatively Low,,Not Applicable,56.52035623409669,Relatively Low,,Not Applicable,31.82402055234425,Very Low,29.67557251908397,Very Low,67.1119592875318,Relatively Low,95.00636132315522,Relatively Moderate
30089,Montana,MT,Sanders,47.36005089058524,Relatively Low,,Not Applicable,61.86386768447837,Relatively Low,,Not Applicable,31.085420680796403,Very Low,67.90712468193384,Relatively Low,96.7557251908397,Relatively Moderate,91.18956743002545,Relatively Moderate
30091,Montana,MT,Sheridan,15.076335877862595,Very Low,,Not Applicable,13.263358778625955,Very Low,,Not Applicable,16.859344894026975,Very Low,6.456743002544529,Very Low,17.4618320610687,Very Low,51.20865139949109,Very Low
30093,Montana,MT,Silver Bow,38.040712468193384,Very Low,,Not Applicable,21.692111959287534,Very Low,,Not Applicable,13.872832369942195,Very Low,87.40458015267176,Relatively Low,90.42620865139949,Relatively Moderate,80.72519083969466,Relatively Low
30095,Montana,MT,Stillwater,16.762086513994912,Very Low,,Not Applicable,36.22773536895674,Relatively Low,,Not Applicable,14.16184971098266,Very Low,33.651399491094146,Very Low,56.93384223918575,Very Low,87.05470737913485,Relatively Low
30097,Montana,MT,Sweet Grass,8.142493638676845,Very Low,,Not Applicable,19.6882951653944,Very Low,,Not Applicable,6.583172768143866,Very Low,34.86005089058524,Very Low,56.265903307888046,Very Low,88.10432569974554,Relatively Low
30099,Montana,MT,Teton,19.020356234096692,Very Low,,Not Applicable,32.1882951653944,Very Low,,Not Applicable,9.152215799614643,Very Low,53.68956743002544,Very Low,52.862595419847324,Very Low,73.50508905852418,Relatively Low
30101,Montana,MT,Toole,13.008905852417302,Very Low,,Not Applicable,17.779898218829516,Very Low,,Not Applicable,11.368015414258188,Very Low,29.866412213740457,Very Low,24.58651399491094,Very Low,47.900763358778626,Very Low
30103,Montana,MT,Treasure,0.508905852417303,Very Low,,Not Applicable,2.544529262086514,Very Low,,Not Applicable,6.101477199743096,Very Low,3.339694656488549,Very Low,15.553435114503817,Very Low,63.64503816793893,Relatively Low
30105,Montana,MT,Valley,35.94147582697201,Very Low,,Not Applicable,34.223918575063614,Very Low,,Not Applicable,25.272960822093772,Very Low,22.99618320610687,Very Low,42.04834605597965,Very Low,49.459287531806616,Very Low
30107,Montana,MT,Wheatland,3.498727735368957,Very Low,,Not Applicable,12.150127226463106,Very Low,,Not Applicable,6.936416184971097,Very Low,24.268447837150127,Very Low,21.119592875318066,Very Low,51.01781170483461,Very Low
30109,Montana,MT,Wibaux,11.068702290076336,Very Low,,Not Applicable,3.689567430025445,Very Low,,Not Applicable,11.657032755298651,Very Low,2.003816793893129,Very Low,8.142493638676845,Very Low,41.85750636132315,Very Low
30111,Montana,MT,Yellowstone,83.5559796437659,Relatively Moderate,,Not Applicable,84.54198473282443,Relatively Moderate,,Not Applicable,72.25433526011561,Relatively Low,74.6501272264631,Relatively Low,71.43765903307889,Relatively Low,93.44783715012723,Relatively Moderate
31001,Nebraska,NE,Adams,64.31297709923665,Relatively Low,,Not Applicable,32.76081424936387,Very Low,,Not Applicable,50.61014771997431,Relatively Low,24.650127226463102,Very Low,6.743002544529262,Very Low,42.716284987277355,Very Low
31003,Nebraska,NE,Antelope,19.46564885496183,Very Low,,Not Applicable,11.354961832061068,Very Low,,Not Applicable,21.836865767501607,Very Low,13.835877862595419,Very Low,8.619592875318066,Very Low,58.07888040712468,Very Low
31005,Nebraska,NE,Arthur,0.286259541984733,Very Low,,Not Applicable,0.508905852417303,Very Low,,Not Applicable,2.922286448298009,Very Low,1.272264631043257,Very Low,10.178117048346055,Very Low,57.91984732824428,Very Low
31007,Nebraska,NE,Banner,0.795165394402036,Very Low,,Not Applicable,0.89058524173028,Very Low,,Not Applicable,2.569043031470777,Very Low,3.11704834605598,Very Low,6.106870229007633,Very Low,42.14376590330789,Very Low
31009,Nebraska,NE,Blaine,0.44529262086514,Very Low,,Not Applicable,1.590330788804071,Very Low,,Not Applicable,4.816955684007707,Very Low,2.353689567430025,Very Low,9.223918575063614,Very Low,50.76335877862596,Very Low
31011,Nebraska,NE,Boone,43.35241730279898,Relatively Low,,Not Applicable,32.029262086513995,Very Low,,Not Applicable,21.19460500963391,Very Low,12.945292620865139,Very Low,16.603053435114504,Very Low,43.09796437659033,Very Low
31013,Nebraska,NE,Box Butte,20.960559796437657,Very Low,,Not Applicable,5.852417302798982,Very Low,,Not Applicable,9.955041746949261,Very Low,32.56997455470738,Very Low,4.961832061068702,Very Low,61.32315521628499,Very Low
31015,Nebraska,NE,Boyd,3.403307888040712,Very Low,,Not Applicable,6.043256997455471,Very Low,,Not Applicable,7.129094412331407,Very Low,3.403307888040712,Very Low,13.136132315521628,Very Low,52.35368956743003,Very Low
31017,Nebraska,NE,Brown,2.385496183206107,Very Low,,Not Applicable,2.290076335877862,Very Low,,Not Applicable,13.102119460500964,Very Low,10.90966921119593,Very Low,20.229007633587788,Very Low,58.492366412213734,Very Low
31019,Nebraska,NE,Buffalo,65.99872773536896,Relatively Low,,Not Applicable,50.82697201017812,Relatively Low,,Not Applicable,54.271034039820165,Relatively Low,24.80916030534351,Very Low,23.568702290076335,Very Low,74.33206106870229,Relatively Low
31021,Nebraska,NE,Burt,20.674300254452927,Very Low,,Not Applicable,18.797709923664122,Very Low,,Not Applicable,31.11753371868979,Very Low,7.792620865139948,Very Low,56.71119592875318,Very Low,78.4033078880407,Relatively Low
31023,Nebraska,NE,Butler,24.459287531806613,Very Low,0.0,No Rating,20.928753180661577,Very Low,,Not Applicable,22.414900449582532,Very Low,11.482188295165395,Very Low,41.85750636132315,Very Low,66.22137404580153,Relatively Low
31025,Nebraska,NE,Cass,31.043256997455472,Very Low,0.0,No Rating,36.959287531806616,Relatively Low,,Not Applicable,53.275529865125236,Relatively Low,11.673027989821882,Very Low,71.46946564885496,Relatively Low,74.14122137404581,Relatively Low
31027,Nebraska,NE,Cedar,21.692111959287534,Very Low,,Not Applicable,24.93638676844784,Very Low,,Not Applicable,32.59473346178549,Very Low,11.895674300254452,Very Low,57.538167938931295,Very Low,71.18320610687023,Relatively Low
31029,Nebraska,NE,Chase,6.679389312977099,Very Low,,Not Applicable,3.657760814249364,Very Low,,Not Applicable,12.010276172125883,Very Low,9.255725190839694,Very Low,5.120865139949109,Very Low,25.095419847328245,Very Low
31031,Nebraska,NE,Cherry,13.58142493638677,Very Low,,Not Applicable,14.980916030534353,Very Low,,Not Applicable,19.492614001284522,Very Low,22.041984732824428,Very Low,59.95547073791349,Very Low,88.35877862595419,Relatively Low
31033,Nebraska,NE,Cheyenne,27.798982188295163,Very Low,,Not Applicable,27.735368956743002,Very Low,,Not Applicable,5.523442517662171,Very Low,23.950381679389313,Very Low,9.478371501272264,Very Low,43.38422391857507,Very Low
31035,Nebraska,NE,Clay,56.04325699745547,Relatively Low,,Not Applicable,15.203562340966922,Very Low,,Not Applicable,12.170841361592807,Very Low,15.839694656488549,Very Low,5.025445292620865,Very Low,59.541984732824424,Very Low
31037,Nebraska,NE,Colfax,28.62595419847328,Very Low,,Not Applicable,31.774809160305345,Very Low,,Not Applicable,21.03403982016699,Very Low,11.863867684478372,Very Low,24.141221374045802,Very Low,57.06106870229007,Very Low
31039,Nebraska,NE,Cuming,57.283715012722645,Relatively Low,,Not Applicable,49.204834605597966,Relatively Low,,Not Applicable,44.57289659601798,Relatively Low,14.217557251908397,Very Low,49.713740458015266,Very Low,86.38676844783714,Relatively Low
31041,Nebraska,NE,Custer,27.989821882951656,Very Low,,Not Applicable,43.47964376590331,Relatively Low,,Not Applicable,28.227360308285164,Very Low,20.0381679389313,Very Low,45.76972010178117,Very Low,82.31552162849873,Relatively Low
31043,Nebraska,NE,Dakota,36.00508905852418,Very Low,,Not Applicable,33.81043256997455,Very Low,,Not Applicable,60.24405908798972,Relatively Low,14.567430025445294,Very Low,73.9821882951654,Relatively Low,78.05343511450383,Relatively Low
31045,Nebraska,NE,Dawes,5.566157760814249,Very Low,,Not Applicable,6.106870229007633,Very Low,,Not Applicable,9.441233140655106,Very Low,24.87277353689567,Very Low,31.583969465648853,Very Low,81.29770992366412,Relatively Low
31047,Nebraska,NE,Dawson,65.29898218829516,Relatively Low,,Not Applicable,43.60687022900763,Relatively Low,,Not Applicable,47.559409120102764,Relatively Low,29.421119592875318,Very Low,18.702290076335878,Very Low,65.71246819338423,Relatively Low
31049,Nebraska,NE,Deuel,4.039440203562341,Very Low,,Not Applicable,3.498727735368957,Very Low,,Not Applicable,4.303147077713552,Very Low,8.842239185750635,Very Low,2.608142493638677,Very Low,38.42239185750636,Very Low
31051,Nebraska,NE,Dixon,8.842239185750635,Very Low,,Not Applicable,12.46819338422392,Very Low,,Not Applicable,31.245985870263326,Very Low,3.721374045801527,Very Low,74.17302798982189,Relatively Low,67.6526717557252,Relatively Low
31053,Nebraska,NE,Dodge,67.39821882951654,Relatively Low,0.0,No Rating,67.33460559796438,Relatively Low,,Not Applicable,54.75272960822094,Relatively Low,24.30025445292621,Very Low,29.548346055979646,Very Low,70.32442748091603,Relatively Low
31055,Nebraska,NE,Douglas,95.86513994910942,Relatively High,0.0,No Rating,95.06997455470739,Relatively High,,Not Applicable,97.52729608220938,Relatively High,52.735368956743,Very Low,80.75699745547074,Relatively Low,88.80407124681933,Relatively Low
31057,Nebraska,NE,Dundy,2.2264631043257,Very Low,,Not Applicable,2.035623409669211,Very Low,,Not Applicable,4.014129736673089,Very Low,4.198473282442748,Very Low,8.810432569974555,Very Low,27.989821882951656,Very Low
31059,Nebraska,NE,Fillmore,20.13358778625954,Very Low,,Not Applicable,8.428753180661577,Very Low,,Not Applicable,11.23956326268465,Very Low,9.732824427480915,Very Low,2.2264631043257,Very Low,30.248091603053435,Very Low
31061,Nebraska,NE,Franklin,32.220101781170484,Very Low,,Not Applicable,9.478371501272264,Very Low,,Not Applicable,19.13937058445729,Very Low,5.407124681933842,Very Low,11.259541984732824,Very Low,40.61704834605598,Very Low
31063,Nebraska,NE,Frontier,13.676844783715012,Very Low,,Not Applicable,7.442748091603053,Very Low,,Not Applicable,17.308927424534364,Very Low,10.114503816793894,Very Low,33.87404580152672,Very Low,41.76208651399491,Very Low
31065,Nebraska,NE,Furnas,51.87659033078881,Relatively Low,,Not Applicable,18.829516539440203,Very Low,,Not Applicable,23.08927424534361,Very Low,11.227735368956743,Very Low,14.567430025445294,Very Low,19.87913486005089,Very Low
31067,Nebraska,NE,Gage,40.55343511450381,Very Low,0.0,No Rating,32.44274809160305,Very Low,,Not Applicable,48.554913294797686,Relatively Low,19.115776081424936,Very Low,33.651399491094146,Very Low,78.9440203562341,Relatively Low
31069,Nebraska,NE,Garden,2.830788804071247,Very Low,,Not Applicable,2.767175572519084,Very Low,,Not Applicable,3.596660244059088,Very Low,8.524173027989821,Very Low,10.082697201017812,Very Low,62.43638676844784,Very Low
31071,Nebraska,NE,Garfield,1.272264631043257,Very Low,,Not Applicable,4.198473282442748,Very Low,,Not Applicable,6.904303147077713,Very Low,4.993638676844784,Very Low,14.185750636132315,Very Low,50.031806615776084,Very Low
31073,Nebraska,NE,Gosper,9.82824427480916,Very Low,,Not Applicable,2.067430025445293,Very Low,,Not Applicable,10.244059087989724,Very Low,3.085241730279898,Very Low,10.368956743002544,Very Low,22.010178117048344,Very Low
31075,Nebraska,NE,Grant,0.190839694656489,Very Low,,Not Applicable,0.636132315521628,Very Low,,Not Applicable,2.825947334617855,Very Low,2.44910941475827,Very Low,22.99618320610687,Very Low,61.959287531806616,Very Low
31077,Nebraska,NE,Greeley,12.69083969465649,Very Low,,Not Applicable,5.756997455470738,Very Low,,Not Applicable,7.289659601798331,Very Low,3.944020356234097,Very Low,18.606870229007633,Very Low,47.773536895674305,Very Low
31079,Nebraska,NE,Hall,74.23664122137404,Relatively Low,,Not Applicable,70.10178117048346,Relatively Low,,Not Applicable,17.116249197174053,Very Low,30.916030534351147,Very Low,6.424936386768448,Very Low,50.63613231552163,Very Low
31081,Nebraska,NE,Hamilton,42.62086513994911,Very Low,,Not Applicable,16.889312977099237,Very Low,,Not Applicable,22.318561335902377,Very Low,11.545801526717558,Very Low,4.611959287531807,Very Low,28.403307888040715,Very Low
31083,Nebraska,NE,Harlan,32.029262086513995,Very Low,,Not Applicable,9.255725190839694,Very Low,,Not Applicable,17.4373795761079,Very Low,6.933842239185751,Very Low,13.040712468193385,Very Low,35.01908396946565,Very Low
31085,Nebraska,NE,Hayes,1.240458015267176,Very Low,,Not Applicable,1.431297709923664,Very Low,,Not Applicable,6.551059730250482,Very Low,1.431297709923664,Very Low,6.075063613231553,Very Low,26.431297709923662,Very Low
31087,Nebraska,NE,Hitchcock,6.838422391857506,Very Low,,Not Applicable,5.693384223918575,Very Low,,Not Applicable,11.78548490687219,Very Low,4.580152671755725,Very Low,12.118320610687022,Very Low,31.361323155216287,Very Low
31089,Nebraska,NE,Holt,17.20737913486005,Very Low,,Not Applicable,10.814249363867685,Very Low,,Not Applicable,21.547848426461144,Very Low,21.596692111959285,Very Low,10.750636132315522,Very Low,70.45165394402035,Relatively Low
31091,Nebraska,NE,Hooker,0.349872773536896,Very Low,,Not Applicable,1.176844783715013,Very Low,,Not Applicable,3.88567758509955,Very Low,4.866412213740458,Very Low,27.067430025445294,Very Low,40.48982188295165,Very Low
31093,Nebraska,NE,Howard,24.204834605597963,Very Low,,Not Applicable,14.726463104325699,Very Low,,Not Applicable,7.257546563904945,Very Low,8.142493638676845,Very Low,10.973282442748092,Very Low,52.767175572519086,Very Low
31095,Nebraska,NE,Jefferson,24.109414758269722,Very Low,0.0,No Rating,25.0,Very Low,,Not Applicable,32.01669877970456,Very Low,11.100508905852417,Very Low,8.71501272264631,Very Low,72.96437659033079,Relatively Low
31097,Nebraska,NE,Johnson,4.580152671755725,Very Low,0.0,No Rating,9.033078880407125,Very Low,,Not Applicable,29.543994861913937,Very Low,3.848600508905852,Very Low,29.293893129770993,Very Low,77.54452926208651,Relatively Low
31099,Nebraska,NE,Kearney,30.947837150127228,Very Low,,Not Applicable,10.305343511450381,Very Low,,Not Applicable,21.644187540141296,Very Low,11.164122137404581,Very Low,2.512722646310432,Very Low,21.723918575063614,Very Low
31101,Nebraska,NE,Keith,13.772264631043257,Very Low,,Not Applicable,15.267175572519085,Very Low,,Not Applicable,16.088631984585742,Very Low,16.793893129770993,Very Low,20.260814249363868,Very Low,66.76208651399492,Relatively Low
31103,Nebraska,NE,Keya Paha,1.463104325699746,Very Low,,Not Applicable,2.2264631043257,Very Low,,Not Applicable,8.959537572254336,Very Low,3.466921119592875,Very Low,12.404580152671755,Very Low,62.69083969465649,Very Low
31105,Nebraska,NE,Kimball,7.569974554707379,Very Low,,Not Applicable,7.315521628498728,Very Low,,Not Applicable,3.821451509312781,Very Low,26.049618320610683,Very Low,5.407124681933842,Very Low,55.216284987277355,Very Low
31107,Nebraska,NE,Knox,29.70737913486005,Very Low,,Not Applicable,31.329516539440206,Very Low,,Not Applicable,28.709055876685934,Very Low,14.53562340966921,Very Low,42.652671755725194,Very Low,81.39312977099237,Relatively Low
31109,Nebraska,NE,Lancaster,90.7442748091603,Relatively Moderate,0.0,No Rating,85.46437659033079,Relatively Moderate,,Not Applicable,76.42903018625562,Relatively Low,40.80788804071247,Very Low,59.03307888040712,Very Low,93.70229007633588,Relatively Moderate
31111,Nebraska,NE,Lincoln,48.56870229007634,Relatively Low,,Not Applicable,48.473282442748086,Relatively Low,,Not Applicable,51.027617212588304,Relatively Low,31.806615776081426,Very Low,40.0763358778626,Very Low,74.61832061068702,Relatively Low
31113,Nebraska,NE,Logan,0.22264631043257,Very Low,,Not Applicable,0.477099236641221,Very Low,,Not Applicable,4.849068721901092,Very Low,3.371501272264631,Very Low,6.583969465648855,Very Low,49.26844783715013,Very Low
31115,Nebraska,NE,Loup,0.254452926208651,Very Low,,Not Applicable,0.66793893129771,Very Low,,Not Applicable,4.913294797687861,Very Low,1.11323155216285,Very Low,11.005089058524172,Very Low,30.08905852417303,Very Low
31117,Nebraska,NE,McPherson,0.127226463104326,Very Low,,Not Applicable,0.318066157760814,Very Low,,Not Applicable,3.147077713551702,Very Low,0.699745547073791,Very Low,6.615776081424936,Very Low,38.45419847328244,Very Low
31119,Nebraska,NE,Madison,60.87786259541985,Relatively Low,,Not Applicable,62.75445292620865,Relatively Low,,Not Applicable,33.397559409120106,Very Low,26.272264631043257,Very Low,9.573791348600508,Very Low,79.73918575063614,Relatively Low
31121,Nebraska,NE,Merrick,42.93893129770993,Relatively Low,,Not Applicable,37.24554707379134,Relatively Low,,Not Applicable,12.87732819524727,Very Low,15.330788804071247,Very Low,1.812977099236641,Very Low,50.09541984732825,Very Low
31123,Nebraska,NE,Morrill,27.83078880407125,Very Low,,Not Applicable,16.348600508905854,Very Low,,Not Applicable,4.945407835581246,Very Low,20.99236641221374,Very Low,12.563613231552162,Very Low,63.93129770992366,Relatively Low
31125,Nebraska,NE,Nance,21.660305343511453,Very Low,,Not Applicable,14.09033078880407,Very Low,,Not Applicable,12.235067437379577,Very Low,4.484732824427481,Very Low,10.527989821882953,Very Low,42.843511450381676,Very Low
31127,Nebraska,NE,Nemaha,13.39058524173028,Very Low,0.0,No Rating,15.744274809160306,Very Low,,Not Applicable,52.601156069364166,Relatively Low,12.53180661577608,Very Low,71.37404580152672,Relatively Low,66.79389312977099,Relatively Low
31129,Nebraska,NE,Nuckolls,22.455470737913487,Very Low,,Not Applicable,10.623409669211197,Very Low,,Not Applicable,22.768143866409762,Very Low,7.220101781170484,Very Low,9.064885496183205,Very Low,42.08015267175573,Very Low
31131,Nebraska,NE,Otoe,18.00254452926209,Very Low,0.0,No Rating,21.119592875318066,Very Low,,Not Applicable,51.541425818882466,Relatively Low,11.291348600508906,Very Low,48.536895674300254,Very Low,67.49363867684478,Relatively Low
31133,Nebraska,NE,Pawnee,3.848600508905852,Very Low,0.0,No Rating,7.633587786259542,Very Low,,Not Applicable,27.231856133590238,Very Low,5.788804071246819,Very Low,37.37277353689568,Very Low,78.91221374045801,Relatively Low
31135,Nebraska,NE,Perkins,4.357506361323155,Very Low,,Not Applicable,2.258269720101781,Very Low,,Not Applicable,8.50995504174695,Very Low,8.68320610687023,Very Low,1.017811704834606,Very Low,17.20737913486005,Very Low
31137,Nebraska,NE,Phelps,39.153944020356235,Very Low,,Not Applicable,17.016539440203562,Very Low,,Not Applicable,23.57096981374438,Very Low,13.61323155216285,Very Low,2.353689567430025,Very Low,7.856234096692112,Very Low
31139,Nebraska,NE,Pierce,14.185750636132315,Very Low,,Not Applicable,20.451653944020357,Very Low,,Not Applicable,15.895953757225435,Very Low,8.333333333333332,Very Low,21.151399491094146,Very Low,67.14376590330788,Relatively Low
31141,Nebraska,NE,Platte,70.57888040712467,Relatively Low,,Not Applicable,60.718829516539444,Relatively Low,,Not Applicable,35.83815028901734,Very Low,25.986005089058523,Very Low,6.202290076335878,Very Low,61.92748091603053,Very Low
31143,Nebraska,NE,Polk,25.699745547073793,Very Low,,Not Applicable,16.444020356234095,Very Low,,Not Applicable,23.02504816955684,Very Low,8.206106870229007,Very Low,3.625954198473282,Very Low,38.39058524173028,Very Low
31145,Nebraska,NE,Red Willow,20.29262086513995,Very Low,,Not Applicable,10.90966921119593,Very Low,,Not Applicable,26.172125883108542,Very Low,12.786259541984732,Very Low,14.917302798982188,Very Low,23.950381679389313,Very Low
31147,Nebraska,NE,Richardson,13.835877862595419,Very Low,0.0,No Rating,16.666666666666664,Very Low,,Not Applicable,53.307642903018625,Relatively Low,13.16793893129771,Very Low,51.74936386768449,Very Low,66.88931297709924,Relatively Low
31149,Nebraska,NE,Rock,0.699745547073791,Very Low,,Not Applicable,1.081424936386768,Very Low,,Not Applicable,8.060372511239564,Very Low,5.693384223918575,Very Low,4.516539440203562,Very Low,62.37277353689568,Very Low
31151,Nebraska,NE,Saline,42.39821882951654,Very Low,0.0,No Rating,38.61323155216285,Relatively Low,,Not Applicable,17.983301220295438,Very Low,18.00254452926209,Very Low,10.687022900763358,Very Low,68.86132315521628,Relatively Low
31153,Nebraska,NE,Sarpy,83.58778625954199,Relatively Moderate,0.0,No Rating,73.56870229007633,Relatively Moderate,,Not Applicable,89.72382787411689,Relatively Moderate,28.944020356234095,Very Low,69.11577608142494,Relatively Low,81.45674300254453,Relatively Low
31155,Nebraska,NE,Saunders,29.103053435114507,Very Low,0.0,No Rating,32.474554707379134,Very Low,,Not Applicable,20.456005138086063,Very Low,12.245547073791348,Very Low,54.26208651399491,Very Low,72.2328244274809,Relatively Low
31157,Nebraska,NE,Scotts Bluff,63.835877862595424,Relatively Low,,Not Applicable,48.02798982188295,Relatively Low,,Not Applicable,20.35966602440591,Very Low,50.604325699745544,Very Low,14.662849872773537,Very Low,64.18575063613231,Relatively Low
31159,Nebraska,NE,Seward,24.87277353689567,Very Low,0.0,No Rating,22.96437659033079,Very Low,,Not Applicable,18.047527296082208,Very Low,14.440203562340967,Very Low,10.846055979643767,Very Low,72.07379134860051,Relatively Low
31161,Nebraska,NE,Sheridan,13.358778625954198,Very Low,,Not Applicable,9.860050890585242,Very Low,,Not Applicable,7.675016056518946,Very Low,26.176844783715016,Very Low,34.764631043257,Very Low,89.63104325699746,Relatively Moderate
31163,Nebraska,NE,Sherman,22.391857506361323,Very Low,,Not Applicable,9.414758269720101,Very Low,,Not Applicable,15.542710340398202,Very Low,6.488549618320611,Very Low,21.055979643765905,Very Low,67.4618320610687,Relatively Low
31165,Nebraska,NE,Sioux,1.367684478371501,Very Low,,Not Applicable,1.749363867684478,Very Low,,Not Applicable,3.243416827231856,Very Low,9.446564885496183,Very Low,21.596692111959285,Very Low,69.78371501272265,Relatively Low
31167,Nebraska,NE,Stanton,16.221374045801525,Very Low,,Not Applicable,25.222646310432573,Very Low,,Not Applicable,15.79961464354528,Very Low,4.770992366412214,Very Low,37.69083969465649,Very Low,68.92493638676844,Relatively Low
31169,Nebraska,NE,Thayer,38.39058524173028,Very Low,,Not Applicable,22.201017811704833,Very Low,,Not Applicable,24.405908798972384,Very Low,10.655216284987278,Very Low,6.393129770992366,Very Low,44.720101781170484,Very Low
31171,Nebraska,NE,Thomas,0.159033078880407,Very Low,,Not Applicable,0.954198473282443,Very Low,,Not Applicable,3.982016698779704,Very Low,2.894402035623409,Very Low,17.493638676844782,Very Low,42.20737913486005,Very Low
31173,Nebraska,NE,Thurston,26.39949109414758,Very Low,,Not Applicable,18.956743002544528,Very Low,,Not Applicable,67.2447013487476,Relatively Low,6.743002544529262,Very Low,75.15903307888041,Relatively Low,85.97328244274809,Relatively Low
31175,Nebraska,NE,Valley,26.017811704834603,Very Low,,Not Applicable,12.054707379134861,Very Low,,Not Applicable,8.895311496467565,Very Low,7.951653944020356,Very Low,19.720101781170484,Very Low,66.34860050890585,Relatively Low
31177,Nebraska,NE,Washington,25.508905852417303,Very Low,0.0,No Rating,27.067430025445294,Very Low,,Not Applicable,18.336544637122675,Very Low,9.414758269720101,Very Low,74.96819338422391,Relatively Low,82.09287531806616,Relatively Low
31179,Nebraska,NE,Wayne,13.963104325699746,Very Low,,Not Applicable,16.539440203562343,Very Low,,Not Applicable,59.987154784842645,Relatively Low,7.442748091603053,Very Low,37.404580152671755,Very Low,58.206106870229014,Very Low
31181,Nebraska,NE,Webster,55.470737913486005,Relatively Low,,Not Applicable,18.638676844783713,Very Low,,Not Applicable,23.121387283236995,Very Low,10.337150127226463,Very Low,10.2735368956743,Very Low,42.68447837150127,Very Low
31183,Nebraska,NE,Wheeler,5.470737913486006,Very Low,,Not Applicable,2.417302798982188,Very Low,,Not Applicable,6.13359023763648,Very Low,2.099236641221374,Very Low,4.866412213740458,Very Low,45.92875318066158,Very Low
31185,Nebraska,NE,York,52.25826972010178,Relatively Low,,Not Applicable,24.96819338422392,Very Low,,Not Applicable,26.42903018625562,Very Low,16.348600508905854,Very Low,6.011450381679389,Very Low,37.37277353689568,Very Low
32001,Nevada,NV,Churchill,47.264631043257,Relatively Low,,Not Applicable,53.21246819338422,Relatively Low,,Not Applicable,24.951830443159924,Very Low,91.31679389312977,Relatively Moderate,39.31297709923664,Very Low,64.47201017811705,Relatively Low
32003,Nevada,NV,Clark,99.55470737913485,Very High,0.0,No Rating,99.61832061068702,Very High,,Not Applicable,99.90366088631984,Very High,99.10941475826972,Relatively High,92.08015267175573,Relatively Moderate,99.14122137404581,Relatively High
32005,Nevada,NV,Douglas,84.38295165394402,Relatively Moderate,,Not Applicable,73.75954198473282,Relatively Moderate,,Not Applicable,62.29929351316634,Relatively Low,96.31043256997455,Relatively Moderate,68.41603053435115,Relatively Low,97.93256997455471,Relatively High
32007,Nevada,NV,Elko,87.91348600508906,Relatively Moderate,,Not Applicable,54.54834605597965,Relatively Low,,Not Applicable,55.90879897238279,Relatively Low,84.16030534351145,Relatively Low,56.55216284987278,Very Low,99.87277353689568,Relatively High
32009,Nevada,NV,Esmeralda,2.131043256997455,Very Low,,Not Applicable,4.675572519083969,Very Low,,Not Applicable,40.976236351958896,Relatively Low,68.70229007633588,Relatively Low,43.57506361323155,Very Low,34.73282442748092,Very Low
32011,Nevada,NV,Eureka,5.184478371501272,Very Low,,Not Applicable,7.729007633587787,Very Low,,Not Applicable,9.633911368015415,Very Low,41.73027989821883,Very Low,34.28753180661578,Very Low,90.93511450381679,Relatively Moderate
32013,Nevada,NV,Humboldt,40.839694656488554,Very Low,,Not Applicable,16.984732824427482,Very Low,,Not Applicable,38.824662813102115,Relatively Low,78.56234096692111,Relatively Low,36.9910941475827,Very Low,97.13740458015268,Relatively Moderate
32015,Nevada,NV,Lander,16.984732824427482,Very Low,,Not Applicable,15.712468193384224,Very Low,,Not Applicable,29.062299293513167,Very Low,69.17938931297711,Relatively Low,52.13104325699746,Very Low,94.0203562340967,Relatively Moderate
32017,Nevada,NV,Lincoln,25.922391857506362,Very Low,,Not Applicable,38.963104325699746,Relatively Low,,Not Applicable,25.14450867052023,Very Low,80.24809160305344,Relatively Low,73.6323155216285,Relatively Low,91.6030534351145,Relatively Moderate
32019,Nevada,NV,Lyon,71.4058524173028,Relatively Low,,Not Applicable,63.45419847328244,Relatively Low,,Not Applicable,67.56583172768144,Relatively Low,93.76590330788804,Relatively Moderate,34.44656488549619,Very Low,96.78753180661577,Relatively Moderate
32021,Nevada,NV,Mineral,9.79643765903308,Very Low,,Not Applicable,12.913486005089059,Very Low,,Not Applicable,38.985228002569045,Relatively Low,84.31933842239185,Relatively Low,50.15903307888041,Very Low,49.33206106870229,Very Low
32023,Nevada,NV,Nye,78.33969465648855,Relatively Low,,Not Applicable,81.87022900763358,Relatively Moderate,,Not Applicable,97.10982658959537,Relatively High,90.96692111959288,Relatively Moderate,59.891857506361326,Very Low,80.91603053435115,Relatively Low
32027,Nevada,NV,Pershing,6.011450381679389,Very Low,,Not Applicable,7.506361323155216,Very Low,,Not Applicable,32.30571612074502,Very Low,55.18447837150128,Very Low,53.9440203562341,Very Low,87.30916030534351,Relatively Low
32029,Nevada,NV,Storey,25.159033078880405,Very Low,,Not Applicable,9.82824427480916,Very Low,,Not Applicable,6.390494540783558,Very Low,80.82061068702289,Relatively Low,60.2735368956743,Very Low,96.31043256997455,Relatively Moderate
32031,Nevada,NV,Washoe,96.69211195928753,Relatively High,,Not Applicable,94.529262086514,Relatively High,,Not Applicable,58.4136159280668,Relatively Low,99.17302798982189,Relatively High,90.07633587786259,Relatively Moderate,98.95038167938931,Relatively High
32033,Nevada,NV,White Pine,12.5,Very Low,,Not Applicable,24.141221374045802,Very Low,,Not Applicable,20.03853564547206,Very Low,65.17175572519083,Relatively Low,66.18956743002545,Relatively Low,84.19211195928753,Relatively Low
32510,Nevada,NV,Carson City,76.14503816793892,Relatively Low,,Not Applicable,46.0559796437659,Relatively Low,,Not Applicable,54.17469492614001,Relatively Low,96.62849872773536,Relatively Moderate,45.578880407124686,Very Low,93.54325699745547,Relatively Moderate
33001,New Hampshire,NH,Belknap,57.3791348600509,Relatively Low,78.38965373383397,Relatively Low,70.32442748091603,Relatively Low,,Not Applicable,42.45343609505459,Relatively Low,59.796437659033074,Relatively Low,71.56488549618321,Relatively Low,25.349872773536898,Very Low
33003,New Hampshire,NH,Carroll,70.96055979643766,Relatively Low,86.39966624947851,Relatively Moderate,81.99745547073792,Relatively Moderate,,Not Applicable,34.168272318561336,Very Low,62.75445292620865,Relatively Low,80.18447837150127,Relatively Low,33.5559796437659,Very Low
33005,New Hampshire,NH,Cheshire,60.49618320610687,Relatively Low,76.05340008343762,Relatively Low,74.84096692111959,Relatively Moderate,,Not Applicable,51.57353885677585,Relatively Low,58.0470737913486,Very Low,79.58015267175573,Relatively Low,24.491094147582697,Very Low
33007,New Hampshire,NH,Coos,72.7735368956743,Relatively Low,77.0546516478932,Relatively Low,77.63994910941476,Relatively Moderate,,Not Applicable,12.748876043673732,Very Low,48.95038167938932,Very Low,81.48854961832062,Relatively Low,16.412213740458014,Very Low
33009,New Hampshire,NH,Grafton,81.77480916030534,Relatively Moderate,78.47309136420526,Relatively Low,90.07633587786259,Relatively Moderate,,Not Applicable,44.3159922928709,Relatively Low,69.62468193384224,Relatively Low,97.80534351145039,Relatively Moderate,30.884223918575067,Very Low
33011,New Hampshire,NH,Hillsborough,89.75826972010178,Relatively Moderate,92.57405089695453,Relatively Moderate,92.6208651399491,Relatively Moderate,,Not Applicable,75.43352601156069,Relatively Low,88.16793893129771,Relatively Low,84.19211195928753,Relatively Low,67.04834605597965,Relatively Low
33013,New Hampshire,NH,Merrimack,78.21246819338423,Relatively Low,84.81435127242386,Relatively Moderate,85.81424936386769,Relatively Moderate,,Not Applicable,70.64868336544637,Relatively Low,76.14503816793892,Relatively Low,81.10687022900763,Relatively Low,35.17811704834606,Very Low
33015,New Hampshire,NH,Rockingham,85.84605597964376,Relatively Moderate,83.77138089278264,Relatively Moderate,89.09033078880407,Relatively Moderate,92.80000000000001,Relatively High,64.96467565831728,Relatively Low,87.53180661577609,Relatively Low,71.97837150127226,Relatively Low,47.80534351145038,Very Low
33017,New Hampshire,NH,Strafford,64.09033078880407,Relatively Low,76.55402586566542,Relatively Low,75.95419847328245,Relatively Moderate,44.6,Relatively Low,49.357739242132304,Relatively Low,77.3854961832061,Relatively Low,61.67302798982188,Very Low,34.51017811704835,Very Low
33019,New Hampshire,NH,Sullivan,37.56361323155216,Very Low,67.0421360033375,Relatively Low,60.62340966921119,Relatively Low,,Not Applicable,44.540783558124595,Relatively Low,43.06615776081425,Very Low,77.03562340966921,Relatively Low,13.740458015267176,Very Low
34001,New Jersey,NJ,Atlantic,92.970737913486,Relatively Moderate,95.78639966624948,Relatively High,92.6526717557252,Relatively Moderate,96.2,Very High,89.08156711624919,Relatively Moderate,88.04071246819338,Relatively Low,37.81806615776082,Very Low,94.30661577608143,Relatively Moderate
34003,New Jersey,NJ,Bergen,97.83715012722645,Relatively High,92.78264497288276,Relatively Moderate,98.75954198473282,Relatively High,100.0,Very High,96.78869621066153,Relatively High,96.02417302798982,Relatively Moderate,58.87404580152672,Very Low,21.660305343511453,Very Low
34005,New Jersey,NJ,Burlington,93.60687022900763,Relatively Moderate,88.81935753024615,Relatively Moderate,96.4058524173028,Relatively High,79.0,Relatively Moderate,93.80218368657674,Relatively Moderate,92.01653944020356,Relatively Moderate,61.1323155216285,Very Low,92.20737913486005,Relatively Moderate
34007,New Jersey,NJ,Camden,93.22519083969466,Relatively Moderate,88.5273258239466,Relatively Moderate,95.61068702290076,Relatively High,76.0,Relatively Moderate,97.04560051380861,Relatively High,93.8295165394402,Relatively Moderate,55.24809160305344,Very Low,86.25954198473282,Relatively Low
34009,New Jersey,NJ,Cape May,91.03053435114504,Relatively Moderate,93.11639549436796,Relatively Moderate,89.66284987277355,Relatively Moderate,99.4,Very High,92.4213230571612,Relatively Moderate,73.88676844783714,Relatively Low,15.585241730279897,Very Low,86.41857506361323,Relatively Low
34011,New Jersey,NJ,Cumberland,82.56997455470739,Relatively Moderate,91.94826866916979,Relatively Moderate,72.2328244274809,Relatively Low,88.4,Relatively High,88.15028901734104,Relatively Moderate,87.21374045801527,Relatively Low,28.24427480916031,Very Low,85.7824427480916,Relatively Low
34013,New Jersey,NJ,Essex,97.70992366412213,Relatively High,91.82311222361285,Relatively Moderate,98.82315521628499,Relatively High,65.4,Relatively Moderate,98.97238278741169,Relatively High,95.64249363867684,Relatively Moderate,50.47709923664122,Very Low,10.591603053435113,Very Low
34015,New Jersey,NJ,Gloucester,86.64122137404581,Relatively Moderate,83.729662077597,Relatively Moderate,87.91348600508906,Relatively Moderate,84.2,Relatively High,93.64161849710982,Relatively Moderate,89.31297709923665,Relatively Low,46.81933842239186,Very Low,79.67557251908397,Relatively Low
34017,New Jersey,NJ,Hudson,97.2328244274809,Relatively High,91.73967459324155,Relatively Moderate,98.56870229007633,Relatively High,95.0,Very High,98.81181759794477,Relatively High,95.29262086513995,Relatively Moderate,25.286259541984734,Very Low,4.548346055979644,Very Low
34019,New Jersey,NJ,Hunterdon,78.68956743002545,Relatively Low,74.67667918231122,Relatively Low,86.76844783715013,Relatively Moderate,,Not Applicable,72.12588310854207,Relatively Low,75.50890585241731,Relatively Low,49.36386768447837,Very Low,26.33587786259542,Very Low
34021,New Jersey,NJ,Mercer,95.35623409669212,Relatively High,94.61827284105131,Relatively High,97.16921119592875,Relatively High,56.8,Relatively Low,95.7931920359666,Relatively Moderate,94.0203562340967,Relatively Moderate,53.46692111959288,Very Low,73.44147582697201,Relatively Low
34023,New Jersey,NJ,Middlesex,97.7735368956743,Relatively High,92.61576971214018,Relatively Moderate,98.85496183206108,Relatively High,83.6,Relatively High,96.46756583172768,Relatively Moderate,96.2468193384224,Relatively Moderate,73.2824427480916,Relatively Low,79.70737913486005,Relatively Low
34025,New Jersey,NJ,Monmouth,96.31043256997455,Relatively High,93.07467667918232,Relatively Moderate,95.80152671755725,Relatively High,90.2,Relatively High,98.61913937058445,Relatively High,93.95674300254453,Relatively Moderate,34.38295165394402,Very Low,88.77226463104326,Relatively Low
34027,New Jersey,NJ,Morris,92.87531806615776,Relatively Moderate,85.1898206090947,Relatively Moderate,96.31043256997455,Relatively High,,Not Applicable,89.17790622992935,Relatively Moderate,88.83587786259542,Relatively Low,73.95038167938931,Relatively Low,29.993638676844785,Very Low
34029,New Jersey,NJ,Ocean,96.15139949109415,Relatively High,93.2415519399249,Relatively High,96.72391857506362,Relatively High,98.2,Very High,95.72896596017983,Relatively Moderate,92.23918575063614,Relatively Moderate,56.45674300254453,Very Low,95.22900763358778,Relatively Moderate
34031,New Jersey,NJ,Passaic,95.83333333333334,Relatively High,87.90154359616187,Relatively Moderate,97.83715012722645,Relatively High,25.4,Very Low,96.14643545279384,Relatively Moderate,93.63867684478372,Relatively Moderate,68.92493638676844,Relatively Low,16.06234096692112,Very Low
34033,New Jersey,NJ,Salem,76.52671755725191,Relatively Low,76.80433875677932,Relatively Low,69.78371501272265,Relatively Low,95.8,Very High,76.49325626204238,Relatively Low,79.6119592875318,Relatively Low,20.483460559796438,Very Low,68.06615776081425,Relatively Low
34035,New Jersey,NJ,Somerset,90.93511450381679,Relatively Moderate,83.4793491864831,Relatively Moderate,95.0381679389313,Relatively High,29.4,Very Low,88.0218368657675,Relatively Moderate,88.5178117048346,Relatively Low,23.123409669211195,Very Low,35.400763358778626,Very Low
34037,New Jersey,NJ,Sussex,77.44910941475827,Relatively Low,71.46433041301627,Relatively Low,77.32188295165395,Relatively Moderate,,Not Applicable,59.794476557482334,Relatively Low,71.08778625954199,Relatively Low,86.4821882951654,Relatively Low,36.704834605597966,Very Low
34039,New Jersey,NJ,Union,95.48346055979644,Relatively High,88.98623279098874,Relatively Moderate,97.51908396946564,Relatively High,72.39999999999999,Relatively Moderate,96.24277456647398,Relatively Moderate,95.06997455470739,Relatively Moderate,27.544529262086513,Very Low,16.348600508905854,Very Low
34041,New Jersey,NJ,Warren,80.75699745547074,Relatively Low,79.93324989570296,Relatively Low,86.54580152671755,Relatively Moderate,,Not Applicable,72.22222222222221,Relatively Low,70.80152671755725,Relatively Low,77.44910941475827,Relatively Low,23.44147582697201,Very Low
35001,New Mexico,NM,Bernalillo,94.40203562340967,Relatively High,,Not Applicable,96.27862595419847,Relatively High,,Not Applicable,95.40783558124598,Relatively Moderate,97.70992366412213,Relatively Moderate,43.00254452926209,Very Low,94.97455470737913,Relatively Moderate
35003,New Mexico,NM,Catron,36.6412213740458,Very Low,0.0,No Rating,41.12595419847328,Relatively Low,,Not Applicable,8.317276814386641,Very Low,22.900763358778626,Very Low,93.76590330788804,Relatively Moderate,96.34223918575063,Relatively Moderate
35005,New Mexico,NM,Chaves,87.62722646310432,Relatively Moderate,39.00709219858156,Very Low,92.33460559796438,Relatively Moderate,,Not Applicable,89.98073217726397,Relatively Moderate,31.043256997455472,Very Low,26.81297709923664,Very Low,92.4618320610687,Relatively Moderate
35006,New Mexico,NM,Cibola,58.36513994910941,Relatively Low,0.0,No Rating,73.44147582697201,Relatively Moderate,,Not Applicable,22.800256904303147,Very Low,70.73791348600508,Relatively Low,84.16030534351145,Relatively Low,83.11068702290076,Relatively Low
35007,New Mexico,NM,Colfax,58.492366412213734,Relatively Low,,Not Applicable,58.5559796437659,Relatively Low,,Not Applicable,18.946692357096982,Very Low,35.55979643765903,Very Low,75.25445292620864,Relatively Low,97.51908396946564,Relatively Moderate
35009,New Mexico,NM,Curry,61.832061068702295,Relatively Low,0.0,No Rating,52.48091603053435,Relatively Low,,Not Applicable,63.13423249839435,Relatively Low,32.410941475826974,Very Low,3.975826972010178,Very Low,95.70610687022901,Relatively Moderate
35011,New Mexico,NM,De Baca,4.071246819338422,Very Low,,Not Applicable,11.482188295165395,Very Low,,Not Applicable,13.840719332048812,Very Low,3.975826972010178,Very Low,9.033078880407125,Very Low,77.44910941475827,Relatively Low
35013,New Mexico,NM,Doña Ana,96.08778625954199,Relatively High,36.545682102628284,Very Low,98.37786259541986,Relatively High,,Not Applicable,94.60500963391137,Relatively Moderate,91.22137404580153,Relatively Moderate,40.839694656488554,Very Low,86.57760814249363,Relatively Low
35015,New Mexico,NM,Eddy,83.65139949109415,Relatively Moderate,24.739257405089695,Very Low,90.68066157760815,Relatively Moderate,,Not Applicable,78.80539499036608,Relatively Low,26.017811704834603,Very Low,18.00254452926209,Very Low,88.5178117048346,Relatively Low
35017,New Mexico,NM,Grant,74.14122137404581,Relatively Low,7.926574885273258,Very Low,83.68320610687023,Relatively Moderate,,Not Applicable,58.285163776493256,Relatively Low,50.445292620865146,Very Low,70.92875318066157,Relatively Low,96.94656488549617,Relatively Moderate
35019,New Mexico,NM,Guadalupe,8.810432569974555,Very Low,,Not Applicable,29.866412213740457,Very Low,,Not Applicable,13.519588953114964,Very Low,16.634860050890584,Very Low,28.56234096692112,Very Low,81.48854961832062,Relatively Low
35021,New Mexico,NM,Harding,0.381679389312977,Very Low,,Not Applicable,2.798982188295165,Very Low,,Not Applicable,5.138086062941554,Very Low,5.057251908396947,Very Low,20.737913486005088,Very Low,67.87531806615776,Relatively Low
35023,New Mexico,NM,Hidalgo,8.93765903307888,Very Low,7.133917396745932,Very Low,14.917302798982188,Very Low,,Not Applicable,56.29415542710341,Relatively Low,33.11068702290076,Very Low,10.877862595419847,Very Low,83.01526717557252,Relatively Low
35025,New Mexico,NM,Lea,86.00508905852418,Relatively Moderate,39.75803087192324,Very Low,88.32697201017811,Relatively Moderate,,Not Applicable,77.45664739884393,Relatively Low,29.262086513994912,Very Low,1.145038167938931,Very Low,98.02798982188295,Relatively High
35027,New Mexico,NM,Lincoln,79.48473282442748,Relatively Low,14.977054651647892,Very Low,77.60814249363868,Relatively Moderate,,Not Applicable,7.707129094412331,Very Low,25.540712468193384,Very Low,76.27226463104326,Relatively Low,98.75954198473282,Relatively High
35028,New Mexico,NM,Los Alamos,3.594147582697201,Very Low,,Not Applicable,11.100508905852417,Very Low,,Not Applicable,6.326268464996788,Very Low,50.25445292620865,Very Low,66.03053435114504,Relatively Low,83.3969465648855,Relatively Low
35029,New Mexico,NM,Luna,51.590330788804074,Relatively Low,9.595327492699207,Very Low,57.538167938931295,Relatively Low,,Not Applicable,81.34232498394348,Relatively Moderate,54.039440203562336,Very Low,3.816793893129771,Very Low,82.12468193384224,Relatively Low
35031,New Mexico,NM,McKinley,78.2442748091603,Relatively Low,0.0,No Rating,86.80025445292621,Relatively Moderate,,Not Applicable,39.4990366088632,Relatively Low,77.57633587786259,Relatively Low,87.34096692111959,Relatively Moderate,78.68956743002545,Relatively Low
35033,New Mexico,NM,Mora,38.77226463104326,Very Low,,Not Applicable,50.731552162849866,Relatively Low,,Not Applicable,2.536929993577393,Very Low,26.14503816793893,Very Low,75.92239185750637,Relatively Low,95.8969465648855,Relatively Moderate
35035,New Mexico,NM,Otero,84.70101781170484,Relatively Moderate,23.61284939507718,Very Low,88.61323155216286,Relatively Moderate,,Not Applicable,68.72190109184328,Relatively Low,55.72519083969466,Very Low,68.79770992366412,Relatively Low,98.15521628498728,Relatively High
35037,New Mexico,NM,Quay,25.954198473282442,Very Low,,Not Applicable,38.45419847328244,Relatively Low,,Not Applicable,30.31470777135517,Very Low,17.90712468193384,Very Low,13.867684478371501,Very Low,85.71882951653944,Relatively Low
35039,New Mexico,NM,Rio Arriba,80.50254452926208,Relatively Low,,Not Applicable,88.39058524173028,Relatively Moderate,,Not Applicable,30.218368657675015,Very Low,79.42111959287533,Relatively Low,94.97455470737913,Relatively Moderate,96.2150127226463,Relatively Moderate
35041,New Mexico,NM,Roosevelt,84.06488549618321,Relatively Moderate,32.20692532332082,Very Low,83.7150127226463,Relatively Moderate,,Not Applicable,65.5427103403982,Relatively Low,24.96819338422392,Very Low,7.474554707379134,Very Low,98.56870229007633,Relatively High
35043,New Mexico,NM,Sandoval,76.97201017811705,Relatively Low,,Not Applicable,84.28753180661577,Relatively Moderate,,Not Applicable,79.89723827874117,Relatively Moderate,88.67684478371501,Relatively Low,94.14758269720102,Relatively Moderate,93.63867684478372,Relatively Moderate
35045,New Mexico,NM,San Juan,88.29516539440203,Relatively Moderate,,Not Applicable,92.39821882951654,Relatively Moderate,,Not Applicable,79.86512524084779,Relatively Moderate,83.93765903307889,Relatively Low,93.03435114503816,Relatively Moderate,81.55216284987277,Relatively Low
35047,New Mexico,NM,San Miguel,74.58651399491094,Relatively Low,,Not Applicable,83.36513994910942,Relatively Moderate,,Not Applicable,8.831085420680797,Very Low,48.473282442748086,Very Low,75.09541984732824,Relatively Low,97.29643765903307,Relatively Moderate
35049,New Mexico,NM,Santa Fe,85.97328244274809,Relatively Moderate,,Not Applicable,88.35877862595419,Relatively Moderate,,Not Applicable,52.98651252408478,Relatively Low,89.50381679389314,Relatively Low,66.41221374045801,Relatively Low,98.18702290076335,Relatively High
35051,New Mexico,NM,Sierra,55.8206106870229,Relatively Low,12.432206925323321,Very Low,74.30025445292621,Relatively Moderate,,Not Applicable,36.962106615285805,Very Low,44.62468193384224,Very Low,50.92239185750637,Very Low,83.14249363867684,Relatively Low
35053,New Mexico,NM,Socorro,61.48218829516539,Relatively Low,0.0,No Rating,76.24045801526718,Relatively Moderate,,Not Applicable,27.64932562620424,Very Low,75.95419847328245,Relatively Low,38.48600508905852,Very Low,86.99109414758269,Relatively Low
35055,New Mexico,NM,Taos,74.26844783715013,Relatively Low,,Not Applicable,81.67938931297711,Relatively Moderate,,Not Applicable,8.542068079640334,Very Low,61.99109414758269,Relatively Low,92.6208651399491,Relatively Moderate,96.18320610687023,Relatively Moderate
35057,New Mexico,NM,Torrance,46.151399491094146,Relatively Low,,Not Applicable,62.849872773536894,Relatively Low,,Not Applicable,13.134232498394349,Very Low,63.51781170483461,Relatively Low,23.059796437659035,Very Low,91.41221374045801,Relatively Moderate
35059,New Mexico,NM,Union,12.086513994910941,Very Low,,Not Applicable,7.092875318066158,Very Low,,Not Applicable,10.918432883750803,Very Low,17.525445292620866,Very Low,19.91094147582697,Very Low,88.83587786259542,Relatively Low
35061,New Mexico,NM,Valencia,82.25190839694656,Relatively Moderate,,Not Applicable,89.63104325699746,Relatively Moderate,,Not Applicable,70.16698779704559,Relatively Low,90.42620865139949,Relatively Moderate,9.414758269720101,Very Low,87.40458015267176,Relatively Low
36001,New York,NY,Albany,85.87786259541986,Relatively Moderate,84.43888193575303,Relatively Moderate,90.2671755725191,Relatively Moderate,0.0,No Rating,73.18561335902376,Relatively Low,83.65139949109415,Relatively Low,90.80788804071247,Relatively Moderate,36.19592875318066,Very Low
36003,New York,NY,Allegany,69.75190839694656,Relatively Low,64.08010012515645,Relatively Low,84.57379134860051,Relatively Moderate,,Not Applicable,14.515093127809891,Very Low,26.97201017811705,Very Low,73.40966921119593,Relatively Low,19.720101781170484,Very Low
36005,New York,NY,Bronx,98.34605597964376,Relatively High,95.2857738840217,Relatively High,98.53689567430025,Relatively High,85.6,Relatively High,99.61464354527938,Relatively High,96.69211195928753,Relatively Moderate,44.40203562340967,Very Low,2.385496183206107,Very Low
36007,New York,NY,Broome,87.46819338422391,Relatively Moderate,77.84730913642053,Relatively Low,93.19338422391857,Relatively Moderate,,Not Applicable,70.48811817597945,Relatively Low,68.6704834605598,Relatively Low,75.57251908396947,Relatively Low,36.25954198473282,Very Low
36009,New York,NY,Cattaraugus,81.58396946564885,Relatively Moderate,68.12682519816437,Relatively Low,89.91730279898219,Relatively Moderate,,Not Applicable,21.09826589595376,Very Low,35.49618320610687,Very Low,80.24809160305344,Relatively Low,35.05089058524173,Very Low
36011,New York,NY,Cayuga,61.51399491094147,Relatively Low,64.74760116812682,Relatively Low,78.0852417302799,Relatively Moderate,21.4,Very Low,42.42132305716121,Relatively Low,47.74173027989822,Very Low,45.92875318066158,Very Low,32.44274809160305,Very Low
36013,New York,NY,Chautauqua,84.63740458015268,Relatively Moderate,68.79432624113475,Relatively Low,91.2849872773537,Relatively Moderate,23.599999999999998,Very Low,29.929351316634556,Very Low,43.25699745547074,Very Low,57.474554707379134,Very Low,43.12977099236641,Very Low
36015,New York,NY,Chemung,54.770992366412216,Relatively Low,66.33291614518147,Relatively Low,72.16921119592875,Relatively Low,,Not Applicable,55.394990366088635,Relatively Low,42.589058524173026,Very Low,65.71246819338423,Relatively Low,22.646310432569976,Very Low
36017,New York,NY,Chenango,72.32824427480917,Relatively Low,66.41635377555278,Relatively Low,85.6234096692112,Relatively Moderate,,Not Applicable,26.107899807321772,Very Low,39.31297709923664,Very Low,69.6882951653944,Relatively Low,26.494910941475823,Very Low
36019,New York,NY,Clinton,68.79770992366412,Relatively Low,61.15978306216103,Relatively Low,82.3791348600509,Relatively Moderate,,Not Applicable,47.23827874116891,Relatively Low,83.52417302798982,Relatively Low,64.91730279898219,Relatively Low,24.204834605597963,Very Low
36021,New York,NY,Columbia,68.6704834605598,Relatively Low,81.30997079682936,Relatively Low,79.89821882951654,Relatively Moderate,0.0,No Rating,44.18754014129737,Relatively Low,66.50763358778626,Relatively Low,83.30152671755725,Relatively Low,38.67684478371501,Very Low
36023,New York,NY,Cortland,51.24045801526718,Relatively Low,59.24071756362119,Relatively Low,71.85114503816794,Relatively Low,,Not Applicable,23.15350032113038,Very Low,39.090330788804074,Very Low,65.7442748091603,Relatively Low,9.891857506361323,Very Low
36025,New York,NY,Delaware,83.33333333333334,Relatively Moderate,76.84605757196495,Relatively Low,91.18956743002545,Relatively Moderate,,Not Applicable,21.13037893384714,Very Low,50.413486005089055,Very Low,89.98091603053436,Relatively Moderate,18.734096692111958,Very Low
36027,New York,NY,Dutchess,88.26335877862596,Relatively Moderate,90.78014184397163,Relatively Moderate,92.36641221374046,Relatively Moderate,46.800000000000004,Relatively Low,77.5208734746307,Relatively Low,84.19211195928753,Relatively Low,91.82569974554707,Relatively Moderate,57.283715012722645,Very Low
36029,New York,NY,Erie,97.67811704834605,Relatively High,71.29745515227367,Relatively Low,99.01399491094148,Relatively High,44.4,Relatively Low,95.37572254335261,Relatively Moderate,85.84605597964376,Relatively Low,52.035623409669206,Very Low,62.62722646310432,Very Low
36031,New York,NY,Essex,62.65903307888041,Relatively Low,65.70713391739675,Relatively Low,76.94020356234097,Relatively Moderate,,Not Applicable,30.98908156711625,Very Low,72.83715012722645,Relatively Low,97.96437659033079,Relatively High,24.80916030534351,Very Low
36033,New York,NY,Franklin,48.854961832061065,Relatively Low,57.73884021693784,Very Low,67.14376590330788,Relatively Low,,Not Applicable,26.91072575465639,Very Low,79.19847328244275,Relatively Low,75.69974554707379,Relatively Low,17.493638676844782,Very Low
36035,New York,NY,Fulton,48.6323155216285,Relatively Low,64.49728827701293,Relatively Low,66.38040712468194,Relatively Low,,Not Applicable,27.520873474630704,Very Low,58.14249363867684,Very Low,45.45165394402035,Very Low,27.417302798982192,Very Low
36037,New York,NY,Genesee,56.10687022900763,Relatively Low,62.03587818105966,Relatively Low,71.11959287531806,Relatively Low,,Not Applicable,34.26461143224149,Very Low,47.391857506361326,Very Low,22.519083969465647,Very Low,18.416030534351144,Very Low
36039,New York,NY,Greene,68.28880407124683,Relatively Low,81.43512724238632,Relatively Low,81.77480916030534,Relatively Moderate,19.0,Very Low,34.58574181117534,Very Low,54.58015267175572,Very Low,71.94656488549617,Relatively Low,18.861323155216287,Very Low
36041,New York,NY,Hamilton,15.108142493638677,Very Low,46.89194826866917,Very Low,41.82569974554708,Relatively Low,,Not Applicable,3.500321130378934,Very Low,47.67811704834606,Very Low,75.66793893129771,Relatively Low,3.11704834605598,Very Low
36043,New York,NY,Herkimer,60.01908396946565,Relatively Low,62.45306633291614,Relatively Low,78.53053435114504,Relatively Moderate,,Not Applicable,33.076429030186254,Very Low,51.43129770992366,Very Low,77.57633587786259,Relatively Low,25.731552162849873,Very Low
36045,New York,NY,Jefferson,63.963104325699746,Relatively Low,53.191489361702125,Very Low,77.95801526717557,Relatively Moderate,16.2,Very Low,33.6223506743738,Very Low,71.46946564885496,Relatively Low,47.51908396946565,Very Low,27.958015267175572,Very Low
36047,New York,NY,Kings,99.26844783715013,Relatively High,97.41343345848978,Relatively High,99.36386768447836,Very High,87.2,Relatively High,99.74309569685292,Very High,98.6323155216285,Relatively High,43.09796437659033,Very Low,38.54961832061068,Very Low
36049,New York,NY,Lewis,24.71374045801527,Very Low,47.392574050896954,Very Low,49.93638676844784,Relatively Low,,Not Applicable,15.414258188824661,Very Low,46.88295165394402,Very Low,53.43511450381679,Very Low,13.454198473282442,Very Low
36051,New York,NY,Livingston,56.36132315521628,Relatively Low,57.32165206508135,Very Low,73.34605597964376,Relatively Moderate,,Not Applicable,38.086062941554275,Very Low,41.31679389312977,Very Low,50.19083969465649,Very Low,17.65267175572519,Very Low
36053,New York,NY,Madison,59.38295165394402,Relatively Low,59.57446808510638,Relatively Low,77.06743002544529,Relatively Moderate,,Not Applicable,35.77392421323057,Very Low,47.36005089058524,Very Low,63.040712468193384,Relatively Low,20.06997455470738,Very Low
36055,New York,NY,Monroe,93.76590330788804,Relatively Moderate,68.75260742594911,Relatively Low,96.69211195928753,Relatively High,39.0,Very Low,94.7655748233783,Relatively Moderate,84.0966921119593,Relatively Low,35.6234096692112,Very Low,47.105597964376585,Very Low
36057,New York,NY,Montgomery,65.17175572519083,Relatively Low,67.95994993742178,Relatively Low,80.470737913486,Relatively Moderate,,Not Applicable,36.38407193320488,Very Low,51.844783715012724,Very Low,92.4618320610687,Relatively Moderate,27.735368956743002,Very Low
36059,New York,NY,Nassau,97.13740458015268,Relatively High,95.41093032957863,Relatively High,98.21882951653944,Relatively High,98.4,Very High,95.98587026332692,Relatively Moderate,96.46946564885496,Relatively Moderate,75.89058524173028,Relatively Low,43.60687022900763,Very Low
36061,New York,NY,New York,98.79134860050891,Relatively High,96.78765123070505,Relatively High,99.23664122137404,Very High,77.8,Relatively Moderate,99.582530507386,Relatively High,96.94656488549617,Relatively Moderate,26.908396946564885,Very Low,9.923664122137405,Very Low
36063,New York,NY,Niagara,83.36513994910942,Relatively Moderate,57.1964956195244,Very Low,90.99872773536896,Relatively Moderate,31.2,Very Low,58.57418111753372,Relatively Low,65.93511450381679,Relatively Low,11.482188295165395,Very Low,33.81043256997455,Very Low
36065,New York,NY,Oneida,86.32315521628499,Relatively Moderate,70.08760951188987,Relatively Low,91.0941475826972,Relatively Moderate,,Not Applicable,64.25818882466281,Relatively Low,80.05725190839695,Relatively Low,59.28753180661578,Very Low,38.48600508905852,Very Low
36067,New York,NY,Onondaga,91.2531806615776,Relatively Moderate,77.17980809345015,Relatively Low,95.16539440203562,Relatively High,,Not Applicable,82.43416827231856,Relatively Moderate,81.39312977099237,Relatively Low,62.43638676844784,Relatively Low,46.278625954198475,Very Low
36069,New York,NY,Ontario,63.54961832061069,Relatively Low,58.906967042136,Relatively Low,78.84860050890585,Relatively Moderate,,Not Applicable,47.01348747591522,Relatively Low,53.0852417302799,Very Low,54.898218829516544,Very Low,38.295165394402034,Very Low
36071,New York,NY,Orange,90.5852417302799,Relatively Moderate,90.82186065915728,Relatively Moderate,93.41603053435115,Relatively High,47.599999999999994,Relatively Low,87.34746307000643,Relatively Moderate,87.34096692111959,Relatively Low,92.49363867684478,Relatively Moderate,51.17684478371501,Very Low
36073,New York,NY,Orleans,17.87531806615776,Very Low,51.85648727576137,Very Low,39.853689567430024,Relatively Low,13.8,Very Low,28.29158638407193,Very Low,36.704834605597966,Very Low,10.209923664122138,Very Low,12.46819338422392,Very Low
36075,New York,NY,Oswego,67.55725190839695,Relatively Low,60.659157279933254,Relatively Low,82.12468193384224,Relatively Moderate,33.6,Very Low,47.687861271676304,Relatively Low,65.29898218829516,Relatively Low,43.25699745547074,Very Low,35.68702290076336,Very Low
36077,New York,NY,Otsego,75.82697201017811,Relatively Low,64.62244472256988,Relatively Low,85.84605597964376,Relatively Moderate,,Not Applicable,19.01091843288375,Very Low,47.29643765903308,Very Low,77.63994910941476,Relatively Low,25.699745547073793,Very Low
36079,New York,NY,Putnam,39.82188295165394,Very Low,73.21652065081352,Relatively Low,57.44274809160306,Relatively Low,40.6,Very Low,47.591522157996145,Relatively Low,65.13994910941476,Relatively Low,77.35368956743002,Relatively Low,19.65648854961832,Very Low
36081,New York,NY,Queens,99.17302798982189,Relatively High,97.07968293700459,Relatively High,99.33206106870229,Very High,96.6,Very High,99.67886962106616,Very High,98.09160305343512,Relatively High,51.463104325699746,Very Low,15.521628498727736,Very Low
36083,New York,NY,Rensselaer,82.15648854961832,Relatively Moderate,79.39090529828952,Relatively Low,88.96310432569975,Relatively Moderate,0.0,No Rating,57.64290301862556,Relatively Low,63.295165394402034,Relatively Low,72.70992366412213,Relatively Low,29.293893129770993,Very Low
36085,New York,NY,Richmond,90.99872773536896,Relatively Moderate,90.23779724655819,Relatively Moderate,91.95292620865139,Relatively Moderate,81.39999999999999,Relatively Moderate,98.2980089916506,Relatively High,91.82569974554707,Relatively Moderate,50.82697201017812,Very Low,31.456743002544528,Very Low
36087,New York,NY,Rockland,88.42239185750637,Relatively Moderate,85.60700876095119,Relatively Moderate,91.79389312977099,Relatively Moderate,64.60000000000001,Relatively Moderate,90.36608863198458,Relatively Moderate,88.70865139949109,Relatively Low,61.48218829516539,Very Low,14.631043256997456,Very Low
36089,New York,NY,St. Lawrence,77.89440203562341,Relatively Low,59.157279933249896,Relatively Low,84.95547073791349,Relatively Moderate,,Not Applicable,37.41168914579319,Very Low,86.51399491094148,Relatively Low,77.09923664122137,Relatively Low,33.11068702290076,Very Low
36091,New York,NY,Saratoga,73.02798982188295,Relatively Low,77.72215269086358,Relatively Low,83.30152671755725,Relatively Moderate,,Not Applicable,59.47334617854849,Relatively Low,73.34605597964376,Relatively Low,59.637404580152676,Very Low,37.404580152671755,Very Low
36093,New York,NY,Schenectady,71.27862595419847,Relatively Low,75.71964956195244,Relatively Low,82.91984732824427,Relatively Moderate,,Not Applicable,57.09698137443803,Relatively Low,66.85750636132316,Relatively Low,33.969465648854964,Very Low,21.533078880407125,Very Low
36095,New York,NY,Schoharie,41.348600508905854,Very Low,64.83103879849811,Relatively Low,65.5852417302799,Relatively Low,,Not Applicable,14.258188824662813,Very Low,37.75445292620866,Very Low,73.02798982188295,Relatively Low,11.227735368956743,Very Low
36097,New York,NY,Schuyler,16.253180661577606,Very Low,57.82227784730913,Very Low,39.090330788804074,Relatively Low,,Not Applicable,20.327552986512522,Very Low,19.65648854961832,Very Low,53.53053435114504,Very Low,6.933842239185751,Very Low
36099,New York,NY,Seneca,41.82569974554708,Very Low,59.40759282436379,Relatively Low,63.64503816793893,Relatively Low,,Not Applicable,33.52601156069364,Very Low,47.01017811704835,Very Low,23.886768447837152,Very Low,25.826972010178118,Very Low
36101,New York,NY,Steuben,76.8765903307888,Relatively Low,70.12932832707551,Relatively Low,87.53180661577609,Relatively Moderate,,Not Applicable,44.44444444444444,Relatively Low,38.581424936386775,Very Low,80.470737913486,Relatively Low,30.725190839694655,Very Low
36103,New York,NY,Suffolk,97.32824427480917,Relatively High,96.8293700458907,Relatively High,98.31424936386769,Relatively High,98.6,Very High,94.66923570969814,Relatively Moderate,95.8969465648855,Relatively Moderate,84.57379134860051,Relatively Low,73.37786259541986,Relatively Low
36105,New York,NY,Sullivan,78.27608142493638,Relatively Low,79.18231122236129,Relatively Low,86.60941475826972,Relatively Moderate,,Not Applicable,40.7514450867052,Relatively Low,68.32061068702289,Relatively Low,77.00381679389314,Relatively Low,29.548346055979646,Very Low
36107,New York,NY,Tioga,59.860050890585235,Relatively Low,62.703379224030044,Relatively Low,78.88040712468194,Relatively Moderate,,Not Applicable,40.30186255619782,Relatively Low,32.60178117048346,Very Low,69.65648854961832,Relatively Low,23.886768447837152,Very Low
36109,New York,NY,Tompkins,73.85496183206108,Relatively Low,64.53900709219859,Relatively Low,86.19592875318067,Relatively Moderate,,Not Applicable,47.91265253693,Relatively Low,42.68447837150127,Very Low,58.30152671755725,Very Low,22.232824427480917,Very Low
36111,New York,NY,Ulster,87.69083969465649,Relatively Moderate,86.85857321652065,Relatively Moderate,91.88931297709924,Relatively Moderate,53.6,Relatively Low,66.31342324983943,Relatively Low,80.56615776081425,Relatively Low,94.08396946564885,Relatively Moderate,52.862595419847324,Very Low
36113,New York,NY,Warren,62.30916030534351,Relatively Low,67.2090112640801,Relatively Low,71.53307888040712,Relatively Low,,Not Applicable,35.54913294797688,Very Low,65.20356234096693,Relatively Low,77.92620865139949,Relatively Low,24.87277353689567,Very Low
36115,New York,NY,Washington,56.61577608142494,Relatively Low,72.71589486858574,Relatively Low,70.73791348600508,Relatively Low,,Not Applicable,41.42581888246628,Relatively Low,59.223918575063614,Very Low,83.42875318066157,Relatively Low,20.451653944020357,Very Low
36117,New York,NY,Wayne,56.265903307888046,Relatively Low,57.40508969545265,Very Low,72.32824427480917,Relatively Low,16.400000000000002,Very Low,46.563904945407835,Relatively Low,54.961832061068705,Very Low,45.35623409669211,Very Low,40.33078880407125,Very Low
36119,New York,NY,Westchester,96.18320610687023,Relatively High,93.61702127659575,Relatively High,97.96437659033079,Relatively High,80.80000000000001,Relatively Moderate,96.17854849068722,Relatively Moderate,94.78371501272265,Relatively Moderate,93.22519083969466,Relatively Moderate,56.64758269720102,Very Low
36121,New York,NY,Wyoming,41.25318066157761,Very Low,62.4947851481018,Relatively Low,63.74045801526718,Relatively Low,,Not Applicable,15.767501605651896,Very Low,25.922391857506362,Very Low,41.76208651399491,Very Low,13.104325699745548,Very Low
36123,New York,NY,Yates,46.62849872773537,Relatively Low,63.62119315811431,Relatively Low,67.49363867684478,Relatively Low,,Not Applicable,28.80539499036609,Very Low,27.385496183206108,Very Low,49.586513994910945,Very Low,12.72264631043257,Very Low
37001,North Carolina,NC,Alamance,77.06743002544529,Relatively Low,81.85231539424281,Relatively Moderate,83.9058524173028,Relatively Moderate,,Not Applicable,73.79576107899807,Relatively Low,72.93256997455471,Relatively Low,29.67557251908397,Very Low,30.947837150127228,Very Low
37003,North Carolina,NC,Alexander,45.80152671755725,Relatively Low,67.83479349186483,Relatively Low,60.33715012722646,Relatively Low,,Not Applicable,28.066795118818238,Very Low,59.06488549618321,Very Low,56.77480916030534,Very Low,28.148854961832058,Very Low
37005,North Carolina,NC,Alleghany,34.66921119592875,Very Low,59.073842302878596,Relatively Low,41.06234096692112,Relatively Low,,Not Applicable,0.0,No Rating,43.765903307888046,Very Low,90.235368956743,Relatively Moderate,45.76972010178117,Very Low
37007,North Carolina,NC,Anson,50.0,Relatively Low,82.85356695869838,Relatively Moderate,51.27226463104325,Relatively Low,,Not Applicable,48.07321772639692,Relatively Low,64.79007633587787,Relatively Low,34.19211195928753,Very Low,58.460559796437664,Very Low
37009,North Carolina,NC,Ashe,66.76208651399492,Relatively Low,63.49603671255737,Relatively Low,76.78117048346056,Relatively Moderate,,Not Applicable,0.0,No Rating,52.83078880407125,Very Low,93.4796437659033,Relatively Moderate,47.86895674300254,Very Low
37011,North Carolina,NC,Avery,47.487277353689564,Relatively Low,61.49353358364622,Relatively Low,64.44020356234097,Relatively Low,,Not Applicable,0.0,No Rating,51.49491094147582,Very Low,96.94656488549617,Relatively Moderate,34.31933842239186,Very Low
37013,North Carolina,NC,Beaufort,88.16793893129771,Relatively Moderate,97.45515227367542,Relatively High,58.30152671755725,Relatively Low,82.19999999999999,Relatively Moderate,70.84136159280668,Relatively Low,48.1234096692112,Very Low,29.03944020356234,Very Low,66.31679389312977,Relatively Low
37015,North Carolina,NC,Bertie,66.38040712468194,Relatively Low,93.3249895702962,Relatively High,46.37404580152672,Relatively Low,43.8,Relatively Low,60.27617212588311,Relatively Low,46.278625954198475,Very Low,18.98854961832061,Very Low,36.1323155216285,Very Low
37017,North Carolina,NC,Bladen,84.57379134860051,Relatively Moderate,96.4121818940342,Relatively High,65.7442748091603,Relatively Low,18.6,Very Low,65.60693641618496,Relatively Low,70.06997455470739,Relatively Low,28.530534351145036,Very Low,84.63740458015268,Relatively Low
37019,North Carolina,NC,Brunswick,95.76972010178118,Relatively High,99.08218606591572,Very High,87.62722646310432,Relatively Moderate,89.4,Relatively High,84.93898522800258,Relatively Moderate,82.69720101781171,Relatively Low,30.947837150127228,Very Low,93.35241730279898,Relatively Moderate
37021,North Carolina,NC,Buncombe,89.34478371501272,Relatively Moderate,68.62745098039215,Relatively Low,91.73027989821882,Relatively Moderate,,Not Applicable,2.18368657675016,Very Low,85.40076335877863,Relatively Low,98.91857506361323,Relatively High,80.62977099236642,Relatively Low
37023,North Carolina,NC,Burke,70.16539440203562,Relatively Low,67.41760534000835,Relatively Low,79.32569974554707,Relatively Moderate,,Not Applicable,65.25369299935774,Relatively Low,72.29643765903307,Relatively Low,79.73918575063614,Relatively Low,46.978371501272264,Very Low
37025,North Carolina,NC,Cabarrus,87.05470737913485,Relatively Moderate,73.92574050896955,Relatively Low,92.17557251908397,Relatively Moderate,,Not Applicable,68.24020552344253,Relatively Low,77.60814249363868,Relatively Low,52.32188295165394,Very Low,50.604325699745544,Very Low
37027,North Carolina,NC,Caldwell,67.43002544529261,Relatively Low,66.04088443888193,Relatively Low,79.00763358778626,Relatively Moderate,,Not Applicable,39.33847141939628,Relatively Low,77.63994910941476,Relatively Low,90.48982188295165,Relatively Moderate,51.972010178117046,Very Low
37029,North Carolina,NC,Camden,2.544529262086514,Very Low,72.4238631622862,Relatively Low,6.297709923664121,Very Low,50.2,Relatively Low,24.020552344251765,Very Low,12.372773536895675,Very Low,2.099236641221374,Very Low,24.013994910941474,Very Low
37031,North Carolina,NC,Carteret,93.4796437659033,Relatively Moderate,98.74843554443054,Very High,64.15394402035624,Relatively Low,88.2,Relatively High,71.0019267822736,Relatively Low,42.36641221374045,Very Low,28.72137404580153,Very Low,88.58142493638677,Relatively Low
37033,North Carolina,NC,Caswell,22.360050890585242,Very Low,73.63370880267,Relatively Low,37.72264631043257,Relatively Low,,Not Applicable,36.897880539499035,Very Low,38.83587786259542,Very Low,47.70992366412214,Very Low,24.109414758269722,Very Low
37035,North Carolina,NC,Catawba,80.56615776081425,Relatively Low,76.88777638715061,Relatively Low,85.08269720101781,Relatively Moderate,,Not Applicable,57.28965960179833,Relatively Low,85.87786259541986,Relatively Low,62.5,Relatively Low,36.60941475826972,Very Low
37037,North Carolina,NC,Chatham,67.17557251908397,Relatively Low,83.35419274092615,Relatively Moderate,74.39567430025446,Relatively Moderate,,Not Applicable,72.44701348747591,Relatively Low,61.32315521628499,Relatively Low,48.155216284987276,Very Low,32.98346055979644,Very Low
37039,North Carolina,NC,Cherokee,56.71119592875318,Relatively Low,58.44806007509386,Very Low,67.87531806615776,Relatively Low,,Not Applicable,6.518946692357098,Very Low,73.72773536895674,Relatively Low,97.10559796437659,Relatively Moderate,81.07506361323156,Relatively Low
37041,North Carolina,NC,Chowan,34.28753180661578,Very Low,89.52857738840217,Relatively Moderate,13.899491094147582,Very Low,52.0,Relatively Low,63.969171483622354,Relatively Low,31.96564885496183,Very Low,6.933842239185751,Very Low,26.049618320610683,Very Low
37043,North Carolina,NC,Clay,26.8765903307888,Very Low,47.85148101793909,Very Low,43.829516539440206,Relatively Low,,Not Applicable,4.624277456647398,Very Low,47.900763358778626,Very Low,91.76208651399492,Relatively Moderate,64.31297709923665,Relatively Low
37045,North Carolina,NC,Cleveland,70.00636132315522,Relatively Low,73.67542761785565,Relatively Low,75.15903307888041,Relatively Moderate,,Not Applicable,54.6242774566474,Relatively Low,81.77480916030534,Relatively Low,53.657760814249365,Very Low,40.74427480916031,Very Low
37047,North Carolina,NC,Columbus,86.86386768447836,Relatively Moderate,96.74593241551939,Relatively High,64.59923664122137,Relatively Low,19.400000000000002,Very Low,86.22350674373796,Relatively Moderate,82.3791348600509,Relatively Low,14.53562340966921,Very Low,77.70356234096693,Relatively Low
37049,North Carolina,NC,Craven,93.57506361323156,Relatively Moderate,98.6232790988736,Very High,76.04961832061069,Relatively Moderate,54.2,Relatively Low,84.20038535645472,Relatively Moderate,58.07888040712468,Very Low,32.76081424936387,Very Low,83.30152671755725,Relatively Low
37051,North Carolina,NC,Cumberland,89.47201017811705,Relatively Moderate,93.99249061326658,Relatively High,89.24936386768448,Relatively Moderate,0.0,No Rating,94.15542710340398,Relatively Moderate,87.5,Relatively Low,56.424936386768444,Very Low,84.22391857506362,Relatively Low
37053,North Carolina,NC,Currituck,18.06615776081425,Very Low,80.72590738423028,Relatively Low,24.459287531806613,Very Low,57.599999999999994,Relatively Low,38.76043673731535,Very Low,22.010178117048344,Very Low,10.01908396946565,Very Low,57.156488549618324,Very Low
37055,North Carolina,NC,Dare,89.59923664122137,Relatively Moderate,97.70546516478932,Relatively High,50.286259541984734,Relatively Low,86.8,Relatively High,51.220295439948615,Relatively Low,24.77735368956743,Very Low,20.706106870229007,Very Low,82.66539440203562,Relatively Low
37057,North Carolina,NC,Davidson,87.21374045801527,Relatively Moderate,84.23028785982478,Relatively Moderate,91.53944020356234,Relatively Moderate,,Not Applicable,64.45086705202311,Relatively Low,76.68575063613231,Relatively Low,63.61323155216285,Relatively Low,49.61832061068702,Very Low
37059,North Carolina,NC,Davie,41.66666666666667,Very Low,69.96245306633291,Relatively Low,58.587786259541986,Relatively Low,,Not Applicable,31.470777135517018,Very Low,55.216284987277355,Very Low,30.438931297709924,Very Low,23.123409669211195,Very Low
37061,North Carolina,NC,Duplin,89.40839694656488,Relatively Moderate,97.53858990404673,Relatively High,66.41221374045801,Relatively Low,0.0,No Rating,75.33718689788054,Relatively Low,68.57506361323156,Relatively Low,20.35623409669211,Very Low,65.9033078880407,Relatively Low
37063,North Carolina,NC,Durham,89.63104325699746,Relatively Moderate,89.40342094284523,Relatively Moderate,92.43002544529261,Relatively Moderate,,Not Applicable,93.99486191393706,Relatively Moderate,81.87022900763358,Relatively Low,45.64249363867685,Very Low,34.478371501272264,Very Low
37065,North Carolina,NC,Edgecombe,76.3676844783715,Relatively Low,88.56904463913224,Relatively Moderate,76.11323155216286,Relatively Moderate,0.0,No Rating,74.43802183686576,Relatively Low,57.25190839694656,Very Low,19.27480916030534,Very Low,39.69465648854962,Very Low
37067,North Carolina,NC,Forsyth,91.53944020356234,Relatively Moderate,86.4831038798498,Relatively Moderate,94.65648854961832,Relatively High,,Not Applicable,80.2504816955684,Relatively Moderate,88.07251908396947,Relatively Low,71.34223918575063,Relatively Low,35.782442748091604,Very Low
37069,North Carolina,NC,Franklin,51.717557251908396,Relatively Low,74.63496036712557,Relatively Low,56.01145038167938,Relatively Low,,Not Applicable,67.72639691714836,Relatively Low,54.230279898218825,Very Low,19.62468193384224,Very Low,27.035623409669213,Very Low
37071,North Carolina,NC,Gaston,84.86005089058524,Relatively Moderate,70.2127659574468,Relatively Low,88.54961832061069,Relatively Moderate,,Not Applicable,68.33654463712267,Relatively Low,85.81424936386769,Relatively Low,57.12468193384224,Very Low,48.218829516539444,Very Low
37073,North Carolina,NC,Gates,10.464376590330788,Very Low,77.88902795160617,Relatively Low,13.772264631043257,Very Low,40.8,Very Low,30.378933847141944,Very Low,28.148854961832058,Very Low,5.152671755725191,Very Low,12.977099236641221,Very Low
37075,North Carolina,NC,Graham,20.06997455470738,Very Low,42.636629119733,Very Low,38.0089058524173,Relatively Low,,Not Applicable,0.0,No Rating,51.24045801526718,Very Low,93.98854961832062,Relatively Moderate,49.586513994910945,Very Low
37077,North Carolina,NC,Granville,59.35114503816794,Relatively Low,85.44013350020859,Relatively Moderate,65.235368956743,Relatively Low,,Not Applicable,70.52023121387283,Relatively Low,62.11832061068703,Relatively Low,25.0,Very Low,35.30534351145038,Very Low
37079,North Carolina,NC,Greene,62.62722646310432,Relatively Low,92.90780141843972,Relatively Moderate,39.50381679389313,Relatively Low,23.200000000000003,Very Low,56.67951188182402,Relatively Low,47.20101781170484,Very Low,10.146310432569974,Very Low,29.421119592875318,Very Low
37081,North Carolina,NC,Guilford,93.44783715012723,Relatively Moderate,90.3212348769295,Relatively Moderate,96.62849872773536,Relatively High,,Not Applicable,86.9942196531792,Relatively Moderate,87.75445292620864,Relatively Low,62.913486005089055,Relatively Low,43.765903307888046,Very Low
37083,North Carolina,NC,Halifax,72.90076335877863,Relatively Low,88.48560700876095,Relatively Moderate,73.37786259541986,Relatively Moderate,0.0,No Rating,74.9839434810533,Relatively Low,69.78371501272265,Relatively Low,39.91730279898219,Very Low,43.98854961832061,Very Low
37085,North Carolina,NC,Harnett,75.28625954198473,Relatively Low,88.86107634543178,Relatively Moderate,73.91857506361323,Relatively Moderate,,Not Applicable,83.52601156069365,Relatively Moderate,65.5852417302799,Relatively Low,45.26081424936387,Very Low,69.05216284987277,Relatively Low
37087,North Carolina,NC,Haywood,77.19465648854961,Relatively Low,57.947434292866085,Very Low,83.5559796437659,Relatively Moderate,,Not Applicable,0.0,No Rating,71.81933842239185,Relatively Low,98.1234096692112,Relatively High,58.7468193384224,Very Low
37089,North Carolina,NC,Henderson,83.77862595419847,Relatively Moderate,70.42136003337505,Relatively Low,84.00127226463104,Relatively Moderate,,Not Applicable,2.504816955684007,Very Low,84.60559796437659,Relatively Low,95.32442748091603,Relatively Moderate,45.32442748091603,Very Low
37091,North Carolina,NC,Hertford,68.1615776081425,Relatively Low,93.57530246141009,Relatively High,50.858778625954194,Relatively Low,39.6,Very Low,62.36351958895312,Relatively Low,53.88040712468194,Very Low,21.946564885496183,Very Low,31.393129770992367,Very Low
37093,North Carolina,NC,Hoke,50.12722646310432,Relatively Low,83.97997496871089,Relatively Moderate,43.25699745547074,Relatively Low,,Not Applicable,73.05716120745022,Relatively Low,64.85368956743002,Relatively Low,19.37022900763359,Very Low,80.18447837150127,Relatively Low
37095,North Carolina,NC,Hyde,66.4440203562341,Relatively Low,94.57655402586566,Relatively High,12.69083969465649,Very Low,84.39999999999999,Relatively High,30.154142581888248,Very Low,19.020356234096692,Very Low,1.876590330788804,Very Low,74.71374045801527,Relatively Low
37097,North Carolina,NC,Iredell,80.78880407124683,Relatively Low,70.33792240300374,Relatively Low,86.64122137404581,Relatively Moderate,,Not Applicable,46.40333975594091,Relatively Low,79.77099236641222,Relatively Low,62.97709923664122,Relatively Low,43.25699745547074,Very Low
37099,North Carolina,NC,Jackson,80.470737913486,Relatively Low,66.58322903629536,Relatively Low,83.20610687022901,Relatively Moderate,,Not Applicable,1.862556197816313,Very Low,74.36386768447836,Relatively Low,96.69211195928753,Relatively Moderate,46.342239185750635,Very Low
37101,North Carolina,NC,Johnston,85.55979643765903,Relatively Moderate,86.31622861910722,Relatively Moderate,87.08651399491094,Relatively Moderate,,Not Applicable,89.9165061014772,Relatively Moderate,69.43384223918575,Relatively Low,60.08269720101781,Very Low,52.67175572519084,Very Low
37103,North Carolina,NC,Jones,64.50381679389314,Relatively Low,94.49311639549437,Relatively High,28.466921119592875,Very Low,33.2,Very Low,41.26525369299936,Relatively Low,32.029262086513995,Very Low,9.79643765903308,Very Low,48.409669211195926,Very Low
37105,North Carolina,NC,Lee,67.49363867684478,Relatively Low,84.77263245723822,Relatively Moderate,71.69211195928753,Relatively Low,,Not Applicable,72.19010918432883,Relatively Low,70.19720101781171,Relatively Low,26.622137404580155,Very Low,54.32569974554708,Very Low
37107,North Carolina,NC,Lenoir,84.60559796437659,Relatively Moderate,94.91030454735085,Relatively High,79.13486005089058,Relatively Moderate,28.4,Very Low,76.07578676942839,Relatively Low,73.50508905852418,Relatively Low,18.28880407124682,Very Low,33.68320610687023,Very Low
37109,North Carolina,NC,Lincoln,73.75954198473282,Relatively Low,65.54025865665415,Relatively Low,83.23791348600508,Relatively Moderate,,Not Applicable,39.627488760436734,Relatively Low,77.48091603053436,Relatively Low,47.837150127226465,Very Low,37.849872773536894,Very Low
37111,North Carolina,NC,McDowell,59.223918575063614,Relatively Low,60.90947017104714,Relatively Low,72.48727735368958,Relatively Low,,Not Applicable,21.772639691714836,Very Low,61.832061068702295,Relatively Low,96.08778625954199,Relatively Moderate,59.35114503816794,Very Low
37113,North Carolina,NC,Macon,73.79134860050891,Relatively Low,66.29119732999584,Relatively Low,70.80152671755725,Relatively Low,,Not Applicable,0.0,No Rating,69.59287531806616,Relatively Low,99.77735368956743,Relatively High,58.524173027989825,Very Low
37115,North Carolina,NC,Madison,27.353689567430024,Very Low,41.55193992490614,Very Low,46.75572519083969,Relatively Low,,Not Applicable,0.0,No Rating,47.646310432569976,Very Low,95.57888040712467,Relatively Moderate,62.56361323155216,Very Low
37117,North Carolina,NC,Martin,65.45801526717557,Relatively Low,92.40717563621193,Relatively Moderate,55.025445292620866,Relatively Low,31.6,Very Low,56.74373795761078,Relatively Low,40.20356234096692,Very Low,19.40203562340967,Very Low,35.36895674300254,Very Low
37119,North Carolina,NC,Mecklenburg,97.07379134860051,Relatively High,84.18856904463912,Relatively Moderate,98.95038167938931,Relatively High,,Not Applicable,94.34810533076428,Relatively Moderate,93.19338422391857,Relatively Moderate,71.72391857506362,Relatively Low,62.24554707379135,Very Low
37121,North Carolina,NC,Mitchell,23.950381679389313,Very Low,52.56570713391739,Very Low,39.79007633587786,Relatively Low,,Not Applicable,0.0,No Rating,42.20737913486005,Very Low,94.529262086514,Relatively Moderate,33.396946564885496,Very Low
37123,North Carolina,NC,Montgomery,48.95038167938932,Relatively Low,83.6462244472257,Relatively Moderate,55.597964376590326,Relatively Low,,Not Applicable,46.53179190751445,Relatively Low,54.64376590330788,Very Low,51.3676844783715,Very Low,45.06997455470738,Very Low
37125,North Carolina,NC,Moore,75.63613231552164,Relatively Low,88.2770129328327,Relatively Moderate,76.43129770992367,Relatively Moderate,,Not Applicable,76.75016056518946,Relatively Low,75.73155216284987,Relatively Low,37.213740458015266,Very Low,81.80661577608143,Relatively Low
37127,North Carolina,NC,Nash,80.59796437659033,Relatively Low,89.73717146433042,Relatively Moderate,82.5381679389313,Relatively Moderate,,Not Applicable,83.91136801541425,Relatively Moderate,72.42366412213741,Relatively Low,32.092875318066156,Very Low,40.80788804071247,Very Low
37129,North Carolina,NC,New Hanover,96.11959287531806,Relatively High,99.12390488110138,Very High,89.8854961832061,Relatively Moderate,89.2,Relatively High,85.58124598587025,Relatively Moderate,81.01145038167938,Relatively Low,18.956743002544528,Very Low,82.95165394402035,Relatively Low
37131,North Carolina,NC,Northampton,44.211195928753185,Relatively Low,84.60575719649562,Relatively Moderate,44.720101781170484,Relatively Low,17.8,Very Low,48.87604367373154,Relatively Low,49.300254452926204,Very Low,23.982188295165393,Very Low,24.904580152671755,Very Low
37133,North Carolina,NC,Onslow,94.97455470737913,Relatively High,98.95702962035878,Very High,78.56234096692111,Relatively Moderate,81.0,Relatively Moderate,87.54014129736673,Relatively Moderate,66.73027989821882,Relatively Low,38.61323155216285,Very Low,85.90966921119593,Relatively Low
37135,North Carolina,NC,Orange,79.07124681933843,Relatively Low,81.89403420942845,Relatively Moderate,85.52798982188295,Relatively Moderate,,Not Applicable,84.07193320488118,Relatively Moderate,64.94910941475827,Relatively Low,41.69847328244275,Very Low,28.435114503816795,Very Low
37137,North Carolina,NC,Pamlico,72.36005089058524,Relatively Low,95.66124322069254,Relatively High,17.748091603053435,Very Low,58.199999999999996,Relatively Low,43.15992292870906,Relatively Low,32.31552162849873,Very Low,15.108142493638677,Very Low,77.95801526717557,Relatively Low
37139,North Carolina,NC,Pasquotank,58.68320610687023,Relatively Low,91.32248644138507,Relatively Moderate,47.55089058524173,Relatively Low,63.4,Relatively Moderate,60.82209377007065,Relatively Low,41.539440203562336,Very Low,5.279898218829516,Very Low,44.49745547073791,Very Low
37141,North Carolina,NC,Pender,86.92748091603053,Relatively Moderate,97.16312056737588,Relatively High,69.72010178117048,Relatively Low,81.6,Relatively Moderate,62.87732819524727,Relatively Low,55.62977099236641,Very Low,27.131043256997454,Very Low,86.92748091603053,Relatively Low
37143,North Carolina,NC,Perquimans,37.659033078880405,Very Low,89.65373383395911,Relatively Moderate,15.903307888040713,Very Low,52.2,Relatively Low,53.21130378933847,Relatively Low,22.455470737913487,Very Low,7.951653944020356,Very Low,29.134860050890588,Very Low
37145,North Carolina,NC,Person,41.539440203562336,Very Low,72.46558197747184,Relatively Low,54.51653944020356,Relatively Low,,Not Applicable,66.44187540141297,Relatively Low,58.81043256997456,Very Low,33.68320610687023,Very Low,20.865139949109416,Very Low
37147,North Carolina,NC,Pitt,89.82188295165395,Relatively Moderate,96.28702544847727,Relatively High,87.72264631043257,Relatively Moderate,48.0,Relatively Low,88.11817597944766,Relatively Moderate,71.62849872773536,Relatively Low,36.00508905852418,Very Low,41.79389312977099,Very Low
37149,North Carolina,NC,Polk,36.92748091603054,Very Low,60.867751355861486,Relatively Low,46.660305343511446,Relatively Low,,Not Applicable,16.506101477199746,Very Low,51.74936386768449,Very Low,98.31424936386769,Relatively High,43.47964376590331,Very Low
37151,North Carolina,NC,Randolph,80.62977099236642,Relatively Low,84.31372549019608,Relatively Moderate,84.82824427480917,Relatively Moderate,,Not Applicable,65.22157996146436,Relatively Low,77.95801526717557,Relatively Low,65.93511450381679,Relatively Low,40.29898218829516,Very Low
37153,North Carolina,NC,Richmond,60.75063613231551,Relatively Low,85.98247809762202,Relatively Moderate,57.56997455470738,Relatively Low,,Not Applicable,64.86833654463712,Relatively Low,72.2328244274809,Relatively Low,25.922391857506362,Very Low,79.89821882951654,Relatively Low
37155,North Carolina,NC,Robeson,91.0941475826972,Relatively Moderate,96.45390070921985,Relatively High,86.38676844783714,Relatively Moderate,,Not Applicable,89.01734104046243,Relatively Moderate,90.80788804071247,Relatively Moderate,22.96437659033079,Very Low,87.78625954198473,Relatively Low
37157,North Carolina,NC,Rockingham,71.88295165394402,Relatively Low,78.68168544013349,Relatively Low,82.95165394402035,Relatively Moderate,,Not Applicable,55.170199100834935,Relatively Low,67.87531806615776,Relatively Low,63.8676844783715,Relatively Low,23.759541984732824,Very Low
37159,North Carolina,NC,Rowan,82.91984732824427,Relatively Moderate,72.38214434710054,Relatively Low,84.764631043257,Relatively Moderate,,Not Applicable,50.93127809890816,Relatively Low,82.95165394402035,Relatively Low,35.909669211195926,Very Low,47.74173027989822,Very Low
37161,North Carolina,NC,Rutherford,72.67811704834605,Relatively Low,66.70838548185232,Relatively Low,79.16666666666666,Relatively Moderate,,Not Applicable,38.15028901734104,Very Low,78.5941475826972,Relatively Low,86.03689567430025,Relatively Low,63.231552162849866,Very Low
37163,North Carolina,NC,Sampson,90.20356234096693,Relatively Moderate,97.49687108886108,Relatively High,69.62468193384224,Relatively Low,0.0,No Rating,79.06229929351318,Relatively Moderate,73.37786259541986,Relatively Low,29.898218829516537,Very Low,69.49745547073792,Relatively Low
37165,North Carolina,NC,Scotland,63.64503816793893,Relatively Low,86.98372966207761,Relatively Moderate,56.39312977099237,Relatively Low,,Not Applicable,71.6120745022479,Relatively Low,81.45674300254453,Relatively Low,11.863867684478372,Very Low,82.029262086514,Relatively Low
37167,North Carolina,NC,Stanly,58.842239185750635,Relatively Low,77.59699624530664,Relatively Low,69.91094147582697,Relatively Low,,Not Applicable,58.092485549132945,Relatively Low,63.74045801526718,Relatively Low,38.581424936386775,Very Low,24.650127226463102,Very Low
37169,North Carolina,NC,Stokes,39.726463104325695,Very Low,68.71088861076345,Relatively Low,57.98346055979644,Relatively Low,,Not Applicable,25.305073859987154,Very Low,53.18066157760815,Very Low,67.74809160305344,Relatively Low,16.0941475826972,Very Low
37171,North Carolina,NC,Surry,73.56870229007633,Relatively Low,71.50604922820192,Relatively Low,77.25826972010178,Relatively Moderate,,Not Applicable,22.447013487475914,Very Low,69.6882951653944,Relatively Low,75.22264631043257,Relatively Low,28.053435114503817,Very Low
37173,North Carolina,NC,Swain,49.10941475826972,Relatively Low,54.15102211097205,Very Low,62.5,Relatively Low,,Not Applicable,0.0,No Rating,63.39058524173028,Relatively Low,97.7735368956743,Relatively Moderate,60.30534351145038,Very Low
37175,North Carolina,NC,Transylvania,64.24936386768448,Relatively Low,59.94993742177722,Relatively Low,67.1119592875318,Relatively Low,,Not Applicable,2.472703917790623,Very Low,61.641221374045806,Relatively Low,93.09796437659033,Relatively Moderate,43.95674300254453,Very Low
37177,North Carolina,NC,Tyrrell,46.024173027989825,Relatively Low,92.11514392991239,Relatively Moderate,8.460559796437659,Very Low,68.8,Relatively Moderate,27.9383429672447,Very Low,18.956743002544528,Very Low,3.244274809160305,Very Low,57.1882951653944,Very Low
37179,North Carolina,NC,Union,89.05852417302799,Relatively Moderate,81.39340842720067,Relatively Low,92.49363867684478,Relatively Moderate,,Not Applicable,72.15799614643545,Relatively Low,84.98727735368958,Relatively Low,38.80407124681934,Very Low,41.603053435114504,Very Low
37181,North Carolina,NC,Vance,48.37786259541985,Relatively Low,79.05715477680434,Relatively Low,55.216284987277355,Relatively Low,,Not Applicable,65.86384071933205,Relatively Low,56.93384223918575,Very Low,24.61832061068702,Very Low,17.39821882951654,Very Low
37183,North Carolina,NC,Wake,95.54707379134861,Relatively High,89.904046725073,Relatively Moderate,97.70992366412213,Relatively High,,Not Applicable,96.85292228644829,Relatively High,87.8498727735369,Relatively Low,71.0559796437659,Relatively Low,57.3791348600509,Very Low
37185,North Carolina,NC,Warren,50.76335877862596,Relatively Low,84.85607008760951,Relatively Moderate,55.916030534351144,Relatively Low,,Not Applicable,51.445086705202314,Relatively Low,55.43893129770993,Very Low,22.58269720101781,Very Low,26.55852417302799,Very Low
37187,North Carolina,NC,Washington,59.637404580152676,Relatively Low,93.78389653733834,Relatively High,20.769720101781168,Very Low,47.199999999999996,Relatively Low,53.85356454720617,Relatively Low,36.73664122137404,Very Low,6.997455470737914,Very Low,47.23282442748092,Very Low
37189,North Carolina,NC,Watauga,71.85114503816794,Relatively Low,61.869002920317065,Relatively Low,80.34351145038168,Relatively Moderate,,Not Applicable,0.0,No Rating,68.92493638676844,Relatively Low,98.82315521628499,Relatively High,40.93511450381679,Very Low
37191,North Carolina,NC,Wayne,90.39440203562341,Relatively Moderate,96.53733833959116,Relatively High,89.28117048346056,Relatively Moderate,,Not Applicable,87.8291586384072,Relatively Moderate,73.79134860050891,Relatively Low,31.48854961832061,Very Low,55.37531806615776,Very Low
37193,North Carolina,NC,Wilkes,82.63358778625954,Relatively Moderate,75.4276178556529,Relatively Low,89.69465648854961,Relatively Moderate,,Not Applicable,28.00256904303147,Very Low,73.91857506361323,Relatively Low,75.82697201017811,Relatively Low,52.735368956743,Very Low
37195,North Carolina,NC,Wilson,76.27226463104326,Relatively Low,90.36295369211514,Relatively Moderate,77.16284987277355,Relatively Moderate,,Not Applicable,80.05780346820809,Relatively Moderate,67.74809160305344,Relatively Low,17.90712468193384,Very Low,40.394402035623415,Very Low
37197,North Carolina,NC,Yadkin,38.3587786259542,Very Low,68.21026282853568,Relatively Low,53.18066157760815,Relatively Low,,Not Applicable,19.68529222864483,Very Low,54.770992366412216,Very Low,46.278625954198475,Very Low,17.525445292620866,Very Low
37199,North Carolina,NC,Yancey,42.23918575063613,Very Low,54.943679599499376,Very Low,55.37531806615776,Relatively Low,,Not Applicable,0.0,No Rating,51.972010178117046,Very Low,96.72391857506362,Relatively Moderate,51.781170483460556,Very Low
38001,North Dakota,ND,Adams,4.516539440203562,Very Low,,Not Applicable,2.480916030534351,Very Low,,Not Applicable,8.38150289017341,Very Low,4.739185750636132,Very Low,7.856234096692112,Very Low,48.02798982188295,Very Low
38003,North Dakota,ND,Barnes,45.896946564885496,Relatively Low,,Not Applicable,41.28498727735369,Relatively Low,,Not Applicable,19.07514450867052,Very Low,5.152671755725191,Very Low,52.79898218829516,Very Low,65.42620865139949,Relatively Low
38005,North Dakota,ND,Benson,24.268447837150127,Very Low,,Not Applicable,6.71119592875318,Very Low,,Not Applicable,11.721258831085422,Very Low,2.321882951653944,Very Low,47.45547073791349,Very Low,80.08905852417303,Relatively Low
38007,North Dakota,ND,Billings,0.858778625954199,Very Low,,Not Applicable,2.958015267175572,Very Low,,Not Applicable,3.179190751445086,Very Low,1.812977099236641,Very Low,22.423664122137403,Very Low,65.33078880407125,Relatively Low
38009,North Dakota,ND,Bottineau,18.670483460559797,Very Low,,Not Applicable,11.641221374045802,Very Low,,Not Applicable,7.096981374438021,Very Low,12.436386768447836,Very Low,55.025445292620866,Very Low,84.98727735368958,Relatively Low
38011,North Dakota,ND,Bowman,2.099236641221374,Very Low,,Not Applicable,2.44910941475827,Very Low,,Not Applicable,6.80796403339756,Very Low,7.729007633587787,Very Low,7.442748091603053,Very Low,56.71119592875318,Very Low
38013,North Dakota,ND,Burke,1.049618320610687,Very Low,,Not Applicable,1.685750636132316,Very Low,,Not Applicable,3.532434168272319,Very Low,0.89058524173028,Very Low,25.47709923664122,Very Low,46.85114503816794,Very Low
38015,North Dakota,ND,Burleigh,85.1145038167939,Relatively Moderate,,Not Applicable,77.35368956743002,Relatively Moderate,,Not Applicable,52.95439948619139,Relatively Low,20.13358778625954,Very Low,31.075063613231553,Very Low,84.12849872773536,Relatively Low
38017,North Dakota,ND,Cass,82.3791348600509,Relatively Moderate,,Not Applicable,80.62977099236642,Relatively Moderate,,Not Applicable,57.129094412331405,Relatively Low,24.109414758269722,Very Low,33.81043256997455,Very Low,50.540712468193384,Very Low
38019,North Dakota,ND,Cavalier,11.83206106870229,Very Low,,Not Applicable,6.774809160305344,Very Low,,Not Applicable,5.844572896596018,Very Low,1.940203562340967,Very Low,40.68066157760814,Very Low,52.79898218829516,Very Low
38021,North Dakota,ND,Dickey,15.839694656488549,Very Low,,Not Applicable,6.456743002544529,Very Low,,Not Applicable,14.097623635195887,Very Low,7.283715012722647,Very Low,18.734096692111958,Very Low,55.97964376590331,Very Low
38023,North Dakota,ND,Divide,5.788804071246819,Very Low,,Not Applicable,6.075063613231553,Very Low,,Not Applicable,6.037251123956326,Very Low,12.881679389312978,Very Low,9.955470737913485,Very Low,59.09669211195929,Very Low
38025,North Dakota,ND,Dunn,10.782442748091603,Very Low,,Not Applicable,10.114503816793894,Very Low,,Not Applicable,8.670520231213873,Very Low,3.435114503816794,Very Low,47.29643765903308,Very Low,83.87404580152672,Relatively Low
38027,North Dakota,ND,Eddy,1.844783715012722,Very Low,,Not Applicable,1.399491094147583,Very Low,,Not Applicable,4.271034039820167,Very Low,1.240458015267176,Very Low,17.302798982188293,Very Low,63.00890585241731,Very Low
38029,North Dakota,ND,Emmons,44.274809160305345,Relatively Low,,Not Applicable,30.947837150127228,Very Low,,Not Applicable,12.106615285806036,Very Low,17.334605597964376,Very Low,29.166666666666668,Very Low,93.1615776081425,Relatively Moderate
38031,North Dakota,ND,Foster,7.410941475826973,Very Low,,Not Applicable,3.180661577608142,Very Low,,Not Applicable,8.413615928066795,Very Low,1.399491094147583,Very Low,11.80025445292621,Very Low,48.37786259541985,Very Low
38033,North Dakota,ND,Golden Valley,13.072519083969466,Very Low,,Not Applicable,3.148854961832061,Very Low,,Not Applicable,9.826589595375722,Very Low,4.166666666666666,Very Low,11.38676844783715,Very Low,49.204834605597966,Very Low
38035,North Dakota,ND,Grand Forks,57.665394402035616,Relatively Low,,Not Applicable,61.704834605597966,Relatively Low,,Not Applicable,37.283236994219656,Very Low,12.977099236641221,Very Low,34.223918575063614,Very Low,55.3117048346056,Very Low
38037,North Dakota,ND,Grant,14.790076335877863,Very Low,,Not Applicable,6.679389312977099,Very Low,,Not Applicable,10.276172125883107,Very Low,3.784987277353689,Very Low,14.249363867684478,Very Low,65.36259541984732,Relatively Low
38039,North Dakota,ND,Griggs,5.120865139949109,Very Low,,Not Applicable,1.653944020356234,Very Low,,Not Applicable,6.19781631342325,Very Low,0.636132315521628,Very Low,26.84478371501272,Very Low,49.10941475826972,Very Low
38041,North Dakota,ND,Hettinger,9.192111959287532,Very Low,,Not Applicable,9.669211195928753,Very Low,,Not Applicable,8.285163776493256,Very Low,22.391857506361323,Very Low,11.450381679389313,Very Low,55.40712468193384,Very Low
38043,North Dakota,ND,Kidder,3.148854961832061,Very Low,,Not Applicable,3.053435114503817,Very Low,,Not Applicable,6.358381502890173,Very Low,0.826972010178117,Very Low,5.597964376590331,Very Low,45.83333333333333,Very Low
38045,North Dakota,ND,LaMoure,10.941475826972011,Very Low,,Not Applicable,5.502544529262086,Very Low,,Not Applicable,11.271676300578035,Very Low,2.926208651399491,Very Low,22.83715012722646,Very Low,38.07251908396946,Very Low
38047,North Dakota,ND,Logan,9.891857506361323,Very Low,,Not Applicable,5.884223918575064,Very Low,,Not Applicable,8.028259473346179,Very Low,2.035623409669211,Very Low,4.071246819338422,Very Low,55.279898218829516,Very Low
38049,North Dakota,ND,McHenry,11.736641221374047,Very Low,,Not Applicable,8.142493638676845,Very Low,,Not Applicable,7.225433526011561,Very Low,11.036895674300254,Very Low,47.01017811704835,Very Low,87.43638676844783,Relatively Low
38051,North Dakota,ND,McIntosh,35.20992366412214,Very Low,,Not Applicable,10.750636132315522,Very Low,,Not Applicable,10.404624277456648,Very Low,6.170483460559796,Very Low,3.403307888040712,Very Low,70.76972010178118,Relatively Low
38053,North Dakota,ND,McKenzie,25.03180661577608,Very Low,,Not Applicable,15.298982188295165,Very Low,,Not Applicable,19.26782273603083,Very Low,7.760814249363868,Very Low,49.10941475826972,Very Low,77.35368956743002,Relatively Low
38055,North Dakota,ND,McLean,43.09796437659033,Relatively Low,,Not Applicable,33.11068702290076,Very Low,,Not Applicable,15.735388567758509,Very Low,14.980916030534353,Very Low,30.08905852417303,Very Low,76.97201017811705,Relatively Low
38057,North Dakota,ND,Mercer,13.867684478371501,Very Low,,Not Applicable,16.412213740458014,Very Low,,Not Applicable,14.065510597302506,Very Low,4.325699745547073,Very Low,19.974554707379134,Very Low,61.57760814249363,Very Low
38059,North Dakota,ND,Morton,49.586513994910945,Relatively Low,,Not Applicable,40.42620865139949,Relatively Low,,Not Applicable,28.034682080924856,Very Low,6.902035623409669,Very Low,38.3587786259542,Very Low,73.91857506361323,Relatively Low
38061,North Dakota,ND,Mountrail,21.374045801526716,Very Low,,Not Applicable,11.927480916030534,Very Low,,Not Applicable,13.583815028901732,Very Low,5.884223918575064,Very Low,22.328244274809162,Very Low,78.7531806615776,Relatively Low
38063,North Dakota,ND,Nelson,7.919847328244274,Very Low,,Not Applicable,4.262086513994911,Very Low,,Not Applicable,7.964033397559408,Very Low,1.590330788804071,Very Low,31.743002544529265,Very Low,67.8117048346056,Relatively Low
38065,North Dakota,ND,Oliver,1.717557251908397,Very Low,,Not Applicable,6.520356234096693,Very Low,,Not Applicable,5.298651252408478,Very Low,0.413486005089058,Very Low,6.552162849872774,Very Low,44.465648854961835,Very Low
38067,North Dakota,ND,Pembina,20.928753180661577,Very Low,,Not Applicable,28.68956743002545,Very Low,,Not Applicable,11.946050096339114,Very Low,2.258269720101781,Very Low,34.605597964376585,Very Low,63.8676844783715,Relatively Low
38069,North Dakota,ND,Pierce,3.244274809160305,Very Low,,Not Applicable,2.512722646310432,Very Low,,Not Applicable,5.876685934489402,Very Low,1.463104325699746,Very Low,21.024173027989825,Very Low,56.48854961832062,Very Low
38071,North Dakota,ND,Ramsey,18.3206106870229,Very Low,,Not Applicable,10.01908396946565,Very Low,,Not Applicable,11.078998073217726,Very Low,5.916030534351145,Very Low,30.916030534351147,Very Low,79.86641221374046,Relatively Low
38073,North Dakota,ND,Ransom,13.19974554707379,Very Low,,Not Applicable,14.344783715012724,Very Low,,Not Applicable,13.166345536287732,Very Low,2.576335877862595,Very Low,47.86895674300254,Very Low,59.764631043257,Very Low
38075,North Dakota,ND,Renville,1.526717557251908,Very Low,,Not Applicable,1.717557251908397,Very Low,,Not Applicable,3.564547206165703,Very Low,1.367684478371501,Very Low,13.58142493638677,Very Low,37.27735368956743,Very Low
38077,North Dakota,ND,Richland,35.30534351145038,Very Low,,Not Applicable,29.48473282442748,Very Low,,Not Applicable,23.63519588953115,Very Low,14.726463104325699,Very Low,30.56615776081425,Very Low,53.975826972010175,Very Low
38079,North Dakota,ND,Rolette,52.862595419847324,Relatively Low,,Not Applicable,21.564885496183205,Very Low,,Not Applicable,12.652536929993577,Very Low,15.171755725190838,Very Low,63.199745547073796,Relatively Low,96.37404580152672,Relatively Moderate
38081,North Dakota,ND,Sargent,7.442748091603053,Very Low,,Not Applicable,2.735368956743003,Very Low,,Not Applicable,10.179833012202955,Very Low,2.194656488549618,Very Low,15.171755725190838,Very Low,41.28498727735369,Very Low
38083,North Dakota,ND,Sheridan,5.025445292620865,Very Low,,Not Applicable,4.134860050890586,Very Low,,Not Applicable,4.656390494540783,Very Low,5.629770992366412,Very Low,10.464376590330788,Very Low,63.295165394402034,Very Low
38085,North Dakota,ND,Sioux,62.086513994910945,Relatively Low,,Not Applicable,9.987277353689567,Very Low,,Not Applicable,16.34553628773282,Very Low,5.375318066157761,Very Low,17.20737913486005,Very Low,80.53435114503816,Relatively Low
38087,North Dakota,ND,Slope,0.636132315521628,Very Low,,Not Applicable,0.572519083969466,Very Low,,Not Applicable,14.193962748876043,Very Low,0.604325699745547,Very Low,8.0470737913486,Very Low,38.040712468193384,Very Low
38089,North Dakota,ND,Stark,37.340966921119595,Very Low,,Not Applicable,22.328244274809162,Very Low,,Not Applicable,23.314065510597302,Very Low,16.825699745547073,Very Low,17.334605597964376,Very Low,54.80279898218829,Very Low
38091,North Dakota,ND,Steele,6.647582697201019,Very Low,,Not Applicable,2.321882951653944,Very Low,,Not Applicable,5.041746949261401,Very Low,0.763358778625954,Very Low,22.455470737913487,Very Low,17.016539440203562,Very Low
38093,North Dakota,ND,Stutsman,46.37404580152672,Relatively Low,,Not Applicable,26.908396946564885,Very Low,,Not Applicable,23.892100192678228,Very Low,12.30916030534351,Very Low,64.02671755725191,Relatively Low,66.85750636132316,Relatively Low
38095,North Dakota,ND,Towner,2.003816793893129,Very Low,,Not Applicable,1.11323155216285,Very Low,,Not Applicable,3.725112395632626,Very Low,0.44529262086514,Very Low,13.804071246819339,Very Low,56.77480916030534,Very Low
38097,North Dakota,ND,Traill,11.005089058524172,Very Low,,Not Applicable,12.659033078880407,Very Low,,Not Applicable,10.372511239563263,Very Low,3.880407124681934,Very Low,21.374045801526716,Very Low,23.314249363867685,Very Low
38099,North Dakota,ND,Walsh,29.00763358778626,Very Low,,Not Applicable,35.400763358778626,Relatively Low,,Not Applicable,12.716763005780345,Very Low,6.552162849872774,Very Low,28.37150127226463,Very Low,79.16666666666666,Relatively Low
38101,North Dakota,ND,Ward,64.75826972010178,Relatively Low,,Not Applicable,41.88931297709924,Relatively Low,,Not Applicable,29.736673089274245,Very Low,12.404580152671755,Very Low,77.29007633587787,Relatively Low,79.42111959287533,Relatively Low
38103,North Dakota,ND,Wells,8.587786259541986,Very Low,,Not Applicable,4.930025445292621,Very Low,,Not Applicable,9.216441875401413,Very Low,2.067430025445293,Very Low,24.650127226463102,Very Low,51.43129770992366,Very Low
38105,North Dakota,ND,Williams,53.657760814249365,Relatively Low,,Not Applicable,42.907124681933844,Relatively Low,,Not Applicable,20.77713551701991,Very Low,18.193384223918574,Very Low,36.6412213740458,Very Low,77.41730279898219,Relatively Low
39001,Ohio,OH,Adams,43.829516539440206,Relatively Low,41.760534000834376,Very Low,64.28117048346056,Relatively Low,,Not Applicable,64.16184971098265,Relatively Low,49.42748091603054,Very Low,51.04961832061069,Very Low,63.040712468193384,Very Low
39003,Ohio,OH,Allen,73.34605597964376,Relatively Low,46.808510638297875,Very Low,83.04707379134861,Relatively Moderate,,Not Applicable,51.92678227360308,Relatively Low,83.17430025445293,Relatively Low,29.580152671755727,Very Low,9.351145038167939,Very Low
39005,Ohio,OH,Ashland,46.342239185750635,Relatively Low,43.76303712974551,Very Low,60.20992366412214,Relatively Low,,Not Applicable,49.38985228002569,Relatively Low,43.86132315521628,Very Low,50.031806615776084,Very Low,30.025445292620866,Very Low
39007,Ohio,OH,Ashtabula,62.59541984732825,Relatively Low,52.31539424280351,Very Low,72.58269720101781,Relatively Low,28.799999999999997,Very Low,50.96339113680154,Relatively Low,54.73918575063613,Very Low,22.041984732824428,Very Low,36.10050890585242,Very Low
39009,Ohio,OH,Athens,68.73409669211196,Relatively Low,53.23320817688778,Very Low,83.65139949109415,Relatively Moderate,,Not Applicable,73.76364804110469,Relatively Low,48.82315521628499,Very Low,86.22773536895674,Relatively Low,13.358778625954198,Very Low
39011,Ohio,OH,Auglaize,41.76208651399491,Very Low,39.883187317480186,Very Low,55.534351145038165,Relatively Low,,Not Applicable,30.764290301862555,Very Low,77.16284987277355,Relatively Low,31.615776081424933,Very Low,5.248091603053435,Very Low
39013,Ohio,OH,Belmont,75.19083969465649,Relatively Low,55.319148936170215,Very Low,86.99109414758269,Relatively Moderate,,Not Applicable,57.93192035966602,Relatively Low,41.25318066157761,Very Low,89.02671755725191,Relatively Moderate,40.68066157760814,Very Low
39015,Ohio,OH,Brown,62.56361323155216,Relatively Low,26.783479349186486,Very Low,75.03180661577609,Relatively Moderate,,Not Applicable,64.9325626204239,Relatively Low,65.83969465648855,Relatively Low,85.75063613231552,Relatively Low,60.655216284987276,Very Low
39017,Ohio,OH,Butler,91.47582697201018,Relatively Moderate,27.743012098456404,Very Low,93.00254452926208,Relatively Moderate,,Not Applicable,81.66345536287733,Relatively Moderate,85.33715012722645,Relatively Low,76.17684478371501,Relatively Low,41.18956743002545,Very Low
39019,Ohio,OH,Carroll,19.942748091603054,Very Low,36.17021276595745,Very Low,42.843511450381676,Relatively Low,,Not Applicable,34.232498394348106,Very Low,27.035623409669213,Very Low,80.27989821882952,Relatively Low,24.74554707379135,Very Low
39021,Ohio,OH,Champaign,26.74936386768448,Very Low,27.617855652899458,Very Low,43.79770992366412,Relatively Low,,Not Applicable,26.36480411046885,Very Low,56.234096692111954,Very Low,50.98600508905853,Very Low,3.371501272264631,Very Low
39023,Ohio,OH,Clark,77.09923664122137,Relatively Low,40.00834376303713,Very Low,84.16030534351145,Relatively Moderate,,Not Applicable,63.166345536287736,Relatively Low,78.7849872773537,Relatively Low,50.06361323155216,Very Low,25.03180661577608,Very Low
39025,Ohio,OH,Clermont,77.86259541984732,Relatively Low,20.859407592824365,Very Low,81.29770992366412,Relatively Moderate,,Not Applicable,86.67308927424534,Relatively Moderate,78.4033078880407,Relatively Low,82.76081424936386,Relatively Low,41.38040712468193,Very Low
39027,Ohio,OH,Clinton,34.00127226463104,Very Low,35.33583646224447,Very Low,44.656488549618324,Relatively Low,,Not Applicable,59.76236351958896,Relatively Low,65.42620865139949,Relatively Low,50.540712468193384,Very Low,8.93765903307888,Very Low
39029,Ohio,OH,Columbiana,69.05216284987277,Relatively Low,59.532749269920735,Relatively Low,82.15648854961832,Relatively Moderate,,Not Applicable,60.46885035324342,Relatively Low,42.49363867684479,Very Low,75.47709923664122,Relatively Low,46.75572519083969,Very Low
39031,Ohio,OH,Coshocton,49.07760814249364,Relatively Low,40.383813099707965,Very Low,66.76208651399492,Relatively Low,,Not Applicable,50.35324341682723,Relatively Low,32.092875318066156,Very Low,87.5,Relatively Moderate,29.898218829516537,Very Low
39033,Ohio,OH,Crawford,35.24173027989822,Very Low,36.086775135586144,Very Low,51.908396946564885,Relatively Low,,Not Applicable,26.204238921001927,Very Low,52.00381679389313,Very Low,29.48473282442748,Very Low,3.053435114503817,Very Low
39035,Ohio,OH,Cuyahoga,97.99618320610686,Relatively High,62.369628702544844,Relatively Low,98.72773536895674,Relatively High,33.0,Very Low,97.6878612716763,Relatively High,89.59923664122137,Relatively Low,34.66921119592875,Very Low,56.87022900763359,Very Low
39037,Ohio,OH,Darke,52.67175572519084,Relatively Low,37.755527743012095,Very Low,60.1145038167939,Relatively Low,,Not Applicable,29.28709055876686,Very Low,80.1208651399491,Relatively Low,35.52798982188295,Very Low,12.30916030534351,Very Low
39039,Ohio,OH,Defiance,41.88931297709924,Very Low,27.033792240300375,Very Low,59.35114503816794,Relatively Low,,Not Applicable,27.42453436095055,Very Low,52.639949109414765,Very Low,40.93511450381679,Very Low,6.902035623409669,Very Low
39041,Ohio,OH,Delaware,78.7531806615776,Relatively Low,27.284105131414265,Very Low,86.35496183206108,Relatively Moderate,,Not Applicable,76.62170841361593,Relatively Low,66.18956743002545,Relatively Low,47.23282442748092,Very Low,26.74936386768448,Very Low
39043,Ohio,OH,Erie,61.35496183206107,Relatively Low,49.89570296203588,Very Low,71.78753180661577,Relatively Low,47.0,Relatively Low,39.24213230571612,Relatively Low,62.086513994910945,Relatively Low,39.599236641221374,Very Low,23.02798982188295,Very Low
39045,Ohio,OH,Fairfield,72.6145038167939,Relatively Low,29.453483521068,Very Low,81.80661577608143,Relatively Moderate,,Not Applicable,79.25497752087347,Relatively Moderate,57.156488549618324,Very Low,86.99109414758269,Relatively Low,26.304071246819337,Very Low
39047,Ohio,OH,Fayette,25.890585241730278,Very Low,33.08302044221944,Very Low,42.461832061068705,Relatively Low,,Not Applicable,46.27488760436737,Relatively Low,57.729007633587784,Very Low,35.36895674300254,Very Low,5.089058524173027,Very Low
39049,Ohio,OH,Franklin,98.05979643765903,Relatively High,49.68710888610764,Very Low,98.79134860050891,Relatively High,,Not Applicable,98.90815671162491,Relatively High,93.32061068702289,Relatively Moderate,64.24936386768448,Relatively Low,29.07124681933842,Very Low
39051,Ohio,OH,Fulton,33.5559796437659,Very Low,28.702544847726326,Very Low,41.73027989821883,Relatively Low,,Not Applicable,35.00321130378934,Very Low,58.68320610687023,Very Low,25.667938931297712,Very Low,8.142493638676845,Very Low
39053,Ohio,OH,Gallia,48.31424936386768,Relatively Low,47.89319983312474,Very Low,67.58905852417303,Relatively Low,,Not Applicable,84.36095054592164,Relatively Moderate,43.320610687022906,Very Low,87.46819338422391,Relatively Moderate,34.82824427480916,Very Low
39055,Ohio,OH,Geauga,60.2735368956743,Relatively Low,44.43053817271589,Very Low,73.2824427480916,Relatively Moderate,0.0,No Rating,55.00963391136801,Relatively Low,46.151399491094146,Very Low,34.51017811704835,Very Low,42.270992366412216,Very Low
39057,Ohio,OH,Greene,75.66793893129771,Relatively Low,37.63037129745515,Very Low,75.41348600508906,Relatively Moderate,,Not Applicable,65.3500321130379,Relatively Low,80.3117048346056,Relatively Low,58.36513994910941,Very Low,30.820610687022903,Very Low
39059,Ohio,OH,Guernsey,37.5,Very Low,40.71756362119316,Very Low,58.905852417302796,Relatively Low,,Not Applicable,47.719974309569686,Relatively Low,38.48600508905852,Very Low,86.64122137404581,Relatively Low,31.106870229007633,Very Low
39061,Ohio,OH,Hamilton,96.34223918575063,Relatively High,38.17271589486859,Very Low,96.9147582697201,Relatively High,,Not Applicable,98.94026974951831,Relatively High,92.68447837150127,Relatively Moderate,95.41984732824427,Relatively Moderate,47.29643765903308,Very Low
39063,Ohio,OH,Hancock,54.07124681933843,Relatively Low,39.591155611180646,Very Low,65.39440203562341,Relatively Low,,Not Applicable,29.608220937700708,Very Low,60.591603053435115,Relatively Low,24.395674300254452,Very Low,1.876590330788804,Very Low
39065,Ohio,OH,Hardin,24.427480916030532,Very Low,43.59616186900292,Very Low,40.20356234096692,Relatively Low,,Not Applicable,23.474630700064225,Very Low,48.854961832061065,Very Low,26.39949109414758,Very Low,1.272264631043257,Very Low
39067,Ohio,OH,Harrison,11.41857506361323,Very Low,34.751773049645394,Very Low,27.32188295165394,Very Low,,Not Applicable,26.78227360308285,Very Low,23.791348600508904,Very Low,83.17430025445293,Relatively Low,16.9529262086514,Very Low
39069,Ohio,OH,Henry,33.81043256997455,Very Low,36.79599499374218,Very Low,55.089058524173026,Relatively Low,,Not Applicable,23.859987154784843,Very Low,52.958015267175576,Very Low,31.393129770992367,Very Low,3.466921119592875,Very Low
39071,Ohio,OH,Highland,43.19338422391857,Relatively Low,45.8906967042136,Very Low,56.64758269720102,Relatively Low,,Not Applicable,64.19396274887605,Relatively Low,61.959287531806616,Relatively Low,76.3676844783715,Relatively Low,60.33715012722646,Very Low
39073,Ohio,OH,Hocking,47.29643765903308,Relatively Low,15.43596161869003,Very Low,68.8295165394402,Relatively Low,,Not Applicable,48.29800899165061,Relatively Low,34.63740458015267,Very Low,86.45038167938931,Relatively Low,12.69083969465649,Very Low
39075,Ohio,OH,Holmes,60.40076335877863,Relatively Low,52.02336253650396,Very Low,71.18320610687023,Relatively Low,,Not Applicable,58.60629415542711,Relatively Low,41.85750636132315,Very Low,82.85623409669212,Relatively Low,46.88295165394402,Very Low
39077,Ohio,OH,Huron,50.286259541984734,Relatively Low,45.39007092198582,Very Low,60.527989821882954,Relatively Low,,Not Applicable,33.59023763648041,Very Low,52.57633587786259,Very Low,49.52290076335878,Very Low,15.744274809160306,Very Low
39079,Ohio,OH,Jackson,35.75063613231552,Very Low,49.3950771798081,Very Low,57.1882951653944,Relatively Low,,Not Applicable,72.83236994219652,Relatively Low,45.5470737913486,Very Low,85.87786259541986,Relatively Low,20.35623409669211,Very Low
39081,Ohio,OH,Jefferson,66.73027989821882,Relatively Low,59.82478097622027,Relatively Low,81.64758269720102,Relatively Moderate,,Not Applicable,51.412973667308925,Relatively Low,46.342239185750635,Very Low,82.1882951653944,Relatively Low,40.521628498727736,Very Low
39083,Ohio,OH,Knox,61.036895674300254,Relatively Low,40.926157697121404,Very Low,71.97837150127226,Relatively Low,,Not Applicable,58.509955041746956,Relatively Low,48.536895674300254,Very Low,65.04452926208651,Relatively Low,36.16412213740458,Very Low
39085,Ohio,OH,Lake,77.35368956743002,Relatively Low,49.47851481017939,Very Low,86.10050890585241,Relatively Moderate,38.6,Very Low,67.14836223506744,Relatively Low,60.909669211195926,Relatively Low,19.81552162849873,Very Low,28.880407124681934,Very Low
39087,Ohio,OH,Lawrence,70.99236641221374,Relatively Low,48.393825615352526,Very Low,83.7468193384224,Relatively Moderate,,Not Applicable,90.04495825305074,Relatively Moderate,48.69592875318066,Very Low,87.40458015267176,Relatively Moderate,53.24427480916031,Very Low
39089,Ohio,OH,Licking,78.91221374045801,Relatively Low,35.16896120150187,Very Low,85.97328244274809,Relatively Moderate,,Not Applicable,79.38342967244701,Relatively Moderate,65.87150127226464,Relatively Low,91.47582697201018,Relatively Moderate,42.461832061068705,Very Low
39091,Ohio,OH,Logan,53.21246819338422,Relatively Low,36.58740091781393,Very Low,67.68447837150127,Relatively Low,,Not Applicable,27.906229929351316,Very Low,69.21119592875317,Relatively Low,65.64885496183206,Relatively Low,6.679389312977099,Very Low
39093,Ohio,OH,Lorain,86.25954198473282,Relatively Moderate,50.60492282019191,Very Low,90.235368956743,Relatively Moderate,31.8,Very Low,64.09762363519589,Relatively Low,74.61832061068702,Relatively Low,41.603053435114504,Very Low,45.86513994910941,Very Low
39095,Ohio,OH,Lucas,92.39821882951654,Relatively Moderate,56.86274509803921,Very Low,95.41984732824427,Relatively High,42.8,Very Low,85.2922286448298,Relatively Moderate,88.13613231552164,Relatively Low,37.150127226463106,Very Low,36.45038167938932,Very Low
39097,Ohio,OH,Madison,24.904580152671755,Very Low,21.65206508135169,Very Low,41.475826972010175,Relatively Low,,Not Applicable,31.984585741811177,Very Low,55.56615776081425,Very Low,30.12086513994911,Very Low,2.862595419847328,Very Low
39099,Ohio,OH,Mahoning,83.61959287531806,Relatively Moderate,68.54401335002086,Relatively Low,88.10432569974554,Relatively Moderate,,Not Applicable,78.3879254977521,Relatively Low,73.25063613231552,Relatively Low,28.021628498727736,Very Low,48.6323155216285,Very Low
39101,Ohio,OH,Marion,61.100508905852415,Relatively Low,44.80600750938674,Very Low,64.8854961832061,Relatively Low,,Not Applicable,40.20552344251766,Relatively Low,69.14758269720102,Relatively Low,31.234096692111958,Very Low,3.689567430025445,Very Low
39103,Ohio,OH,Medina,68.95674300254453,Relatively Low,39.2991239048811,Very Low,75.50890585241731,Relatively Moderate,,Not Applicable,69.07514450867052,Relatively Low,47.61450381679389,Very Low,30.025445292620866,Very Low,46.56488549618321,Very Low
39105,Ohio,OH,Meigs,52.958015267175576,Relatively Low,55.6528994576554,Very Low,72.74173027989822,Relatively Low,,Not Applicable,66.02440590879898,Relatively Low,40.235368956743,Very Low,88.93129770992367,Relatively Moderate,8.365139949109416,Very Low
39107,Ohio,OH,Mercer,31.647582697201017,Very Low,38.92365456821027,Very Low,42.08015267175573,Relatively Low,,Not Applicable,17.37315350032113,Very Low,73.82315521628499,Relatively Low,20.928753180661577,Very Low,6.456743002544529,Very Low
39109,Ohio,OH,Miami,61.38676844783715,Relatively Low,33.54192740926158,Very Low,70.13358778625954,Relatively Low,,Not Applicable,41.65061014771997,Relatively Low,80.40712468193384,Relatively Low,42.589058524173026,Very Low,21.024173027989825,Very Low
39111,Ohio,OH,Monroe,27.25826972010178,Very Low,54.81852315394244,Very Low,50.92239185750637,Relatively Low,,Not Applicable,29.672447013487474,Very Low,33.0470737913486,Very Low,90.61704834605598,Relatively Moderate,18.25699745547074,Very Low
39113,Ohio,OH,Montgomery,92.6526717557252,Relatively Moderate,49.18648310387985,Very Low,95.51526717557252,Relatively High,,Not Applicable,88.6640976236352,Relatively Moderate,91.12595419847328,Relatively Moderate,66.15776081424937,Relatively Low,44.083969465648856,Very Low
39115,Ohio,OH,Morgan,18.22519083969466,Very Low,36.42052565707134,Very Low,45.32442748091603,Relatively Low,,Not Applicable,32.49839434810533,Very Low,24.74554707379135,Very Low,83.7150127226463,Relatively Low,11.195928753180661,Very Low
39117,Ohio,OH,Morrow,24.395674300254452,Very Low,19.816437213183146,Very Low,44.974554707379134,Relatively Low,,Not Applicable,27.199743095696853,Very Low,39.91730279898219,Very Low,47.80534351145038,Very Low,16.380407124681934,Very Low
39119,Ohio,OH,Muskingum,70.92875318066157,Relatively Low,43.09553608677514,Very Low,83.81043256997455,Relatively Moderate,,Not Applicable,62.813102119460495,Relatively Low,51.81297709923665,Very Low,84.70101781170484,Relatively Low,33.587786259541986,Very Low
39121,Ohio,OH,Noble,13.454198473282442,Very Low,48.977889027951605,Very Low,35.782442748091604,Relatively Low,,Not Applicable,28.74116891457932,Very Low,28.65776081424936,Very Low,86.10050890585241,Relatively Low,22.58269720101781,Very Low
39123,Ohio,OH,Ottawa,59.16030534351145,Relatively Low,43.97163120567376,Very Low,72.6145038167939,Relatively Low,49.0,Relatively Low,33.23699421965318,Very Low,52.926208651399484,Very Low,21.469465648854964,Very Low,14.026717557251908,Very Low
39125,Ohio,OH,Paulding,21.151399491094146,Very Low,32.29036295369212,Very Low,39.153944020356235,Relatively Low,,Not Applicable,17.148362235067438,Very Low,50.349872773536894,Very Low,35.55979643765903,Very Low,4.421119592875318,Very Low
39127,Ohio,OH,Perry,25.986005089058523,Very Low,19.107217355027117,Very Low,47.041984732824424,Relatively Low,,Not Applicable,47.398843930635834,Relatively Low,36.16412213740458,Very Low,79.6119592875318,Relatively Low,18.447837150127228,Very Low
39129,Ohio,OH,Pickaway,50.92239185750637,Relatively Low,26.65832290362954,Very Low,65.96692111959288,Relatively Low,,Not Applicable,58.47784200385357,Relatively Low,54.007633587786266,Very Low,48.6323155216285,Very Low,18.575063613231553,Very Low
39131,Ohio,OH,Pike,43.12977099236641,Relatively Low,42.428035043804755,Very Low,63.8676844783715,Relatively Low,,Not Applicable,68.20809248554913,Relatively Low,43.288804071246815,Very Low,78.91221374045801,Relatively Low,24.173027989821882,Very Low
39133,Ohio,OH,Portage,65.07633587786259,Relatively Low,55.48602419691281,Very Low,75.25445292620864,Relatively Moderate,,Not Applicable,65.18946692357098,Relatively Low,53.33969465648855,Very Low,30.788804071246815,Very Low,39.18575063613232,Very Low
39135,Ohio,OH,Preble,43.288804071246815,Relatively Low,28.28535669586984,Very Low,51.399491094147585,Relatively Low,,Not Applicable,33.81502890173411,Very Low,63.167938931297705,Relatively Low,52.67175572519084,Very Low,13.58142493638677,Very Low
39137,Ohio,OH,Putnam,32.85623409669211,Very Low,40.175219023779725,Very Low,52.767175572519086,Relatively Low,,Not Applicable,25.94733461785485,Very Low,53.56234096692112,Very Low,27.512722646310433,Very Low,2.258269720101781,Very Low
39139,Ohio,OH,Richland,61.32315521628499,Relatively Low,44.680851063829785,Very Low,71.56488549618321,Relatively Low,,Not Applicable,68.46499678869621,Relatively Low,56.202290076335885,Very Low,56.6793893129771,Very Low,35.591603053435115,Very Low
39141,Ohio,OH,Ross,62.88167938931297,Relatively Low,35.54443053817272,Very Low,74.45928753180662,Relatively Moderate,,Not Applicable,77.97045600513809,Relatively Low,53.848600508905854,Very Low,93.38422391857506,Relatively Moderate,48.536895674300254,Very Low
39143,Ohio,OH,Sandusky,56.74300254452926,Relatively Low,44.88944513975803,Very Low,67.6526717557252,Relatively Low,32.0,Very Low,37.82915863840719,Very Low,62.18193384223919,Relatively Low,32.79262086513995,Very Low,6.393129770992366,Very Low
39145,Ohio,OH,Scioto,70.22900763358778,Relatively Low,43.22069253233208,Very Low,81.96564885496184,Relatively Moderate,,Not Applicable,90.87989723827874,Relatively Moderate,62.56361323155216,Relatively Low,85.81424936386769,Relatively Low,34.19211195928753,Very Low
39147,Ohio,OH,Seneca,46.85114503816794,Relatively Low,44.05506883604506,Very Low,61.164122137404576,Relatively Low,,Not Applicable,34.39306358381503,Very Low,57.09287531806616,Very Low,37.786259541984734,Very Low,2.830788804071247,Very Low
39149,Ohio,OH,Shelby,56.202290076335885,Relatively Low,40.634125990821865,Very Low,63.32697201017812,Relatively Low,,Not Applicable,30.571612074502248,Very Low,86.54580152671755,Relatively Low,54.13486005089059,Very Low,10.337150127226463,Very Low
39151,Ohio,OH,Stark,87.94529262086515,Relatively Moderate,58.19774718397998,Very Low,91.66666666666666,Relatively Moderate,,Not Applicable,84.74630700064226,Relatively Moderate,78.7531806615776,Relatively Low,59.860050890585235,Very Low,48.95038167938932,Very Low
39153,Ohio,OH,Summit,91.15776081424937,Relatively Moderate,61.24322069253233,Relatively Low,94.0203562340967,Relatively High,,Not Applicable,90.30186255619782,Relatively Moderate,78.27608142493638,Relatively Low,51.68575063613231,Very Low,53.18066157760815,Very Low
39155,Ohio,OH,Trumbull,84.47837150127226,Relatively Moderate,69.37838965373383,Relatively Low,88.77226463104326,Relatively Moderate,,Not Applicable,75.56197816313424,Relatively Low,69.24300254452926,Relatively Low,24.52290076335878,Very Low,43.70229007633588,Very Low
39157,Ohio,OH,Tuscarawas,69.0203562340967,Relatively Low,47.934918648310386,Very Low,82.25190839694656,Relatively Moderate,,Not Applicable,65.5748233782916,Relatively Low,54.86641221374045,Very Low,83.33333333333334,Relatively Low,38.26335877862596,Very Low
39159,Ohio,OH,Union,32.729007633587784,Very Low,23.028785982478098,Very Low,52.67175572519084,Relatively Low,,Not Applicable,49.165061014772,Relatively Low,48.6323155216285,Very Low,25.540712468193384,Very Low,4.103053435114504,Very Low
39161,Ohio,OH,Van Wert,20.10178117048346,Very Low,29.828952857738837,Very Low,33.68320610687023,Very Low,,Not Applicable,20.552344251766215,Very Low,56.99745547073791,Very Low,15.426208651399492,Very Low,3.435114503816794,Very Low
39163,Ohio,OH,Vinton,11.80025445292621,Very Low,33.41677096370463,Very Low,34.605597964376585,Very Low,,Not Applicable,41.939627488760436,Relatively Low,28.117048346055977,Very Low,87.08651399491094,Relatively Low,4.039440203562341,Very Low
39165,Ohio,OH,Warren,77.79898218829516,Relatively Low,21.27659574468085,Very Low,83.87404580152672,Relatively Moderate,,Not Applicable,65.83172768143866,Relatively Low,75.47709923664122,Relatively Low,67.33460559796438,Relatively Low,37.659033078880405,Very Low
39167,Ohio,OH,Washington,64.40839694656488,Relatively Low,57.363370880267,Very Low,80.53435114503816,Relatively Moderate,,Not Applicable,64.48298008991651,Relatively Low,47.105597964376585,Very Low,88.29516539440203,Relatively Moderate,22.614503816793892,Very Low
39169,Ohio,OH,Wayne,64.85368956743002,Relatively Low,52.14851898206091,Very Low,71.9147582697201,Relatively Low,,Not Applicable,68.14386640976237,Relatively Low,56.45674300254453,Very Low,40.42620865139949,Very Low,38.77226463104326,Very Low
39171,Ohio,OH,Williams,44.40203562340967,Relatively Low,31.914893617021278,Very Low,51.844783715012724,Relatively Low,,Not Applicable,33.78291586384072,Very Low,63.040712468193384,Relatively Low,41.66666666666667,Very Low,12.086513994910941,Very Low
39173,Ohio,OH,Wood,65.68066157760815,Relatively Low,43.88819357530246,Very Low,75.69974554707379,Relatively Moderate,13.0,Very Low,47.43095696852922,Relatively Low,69.75190839694656,Relatively Low,30.15267175572519,Very Low,13.549618320610687,Very Low
39175,Ohio,OH,Wyandot,17.39821882951654,Very Low,41.71881518564873,Very Low,30.53435114503817,Very Low,,Not Applicable,17.405266538214516,Very Low,45.51526717557252,Very Low,38.77226463104326,Very Low,0.986005089058524,Very Low
40001,Oklahoma,OK,Adair,53.81679389312977,Relatively Low,42.26115978306216,Very Low,59.541984732824424,Relatively Low,,Not Applicable,85.42068079640333,Relatively Moderate,44.083969465648856,Very Low,56.10687022900763,Very Low,90.61704834605598,Relatively Moderate
40003,Oklahoma,OK,Alfalfa,40.64885496183206,Very Low,22.361284939507716,Very Low,22.423664122137403,Very Low,,Not Applicable,47.75208734746307,Relatively Low,25.349872773536898,Very Low,22.360050890585242,Very Low,60.94147582697202,Very Low
40005,Oklahoma,OK,Atoka,30.407124681933844,Very Low,35.75302461410096,Very Low,20.5470737913486,Very Low,,Not Applicable,64.90044958253051,Relatively Low,35.68702290076336,Very Low,41.57124681933842,Very Low,84.4147582697201,Relatively Low
40007,Oklahoma,OK,Beaver,37.81806615776082,Very Low,20.35878181059658,Very Low,5.343511450381679,Very Low,,Not Applicable,10.533076429030185,Very Low,18.797709923664122,Very Low,4.930025445292621,Very Low,85.68702290076335,Relatively Low
40009,Oklahoma,OK,Beckham,57.82442748091603,Relatively Low,20.275344180225282,Very Low,31.806615776081426,Very Low,,Not Applicable,59.56968529222865,Relatively Low,42.01653944020356,Very Low,44.720101781170484,Very Low,90.71246819338423,Relatively Moderate
40011,Oklahoma,OK,Blaine,32.347328244274806,Very Low,21.90237797246558,Very Low,17.43002544529262,Very Low,,Not Applicable,41.07257546563905,Relatively Low,37.913486005089055,Very Low,42.36641221374045,Very Low,63.13613231552163,Very Low
40013,Oklahoma,OK,Bryan,74.55470737913485,Relatively Low,46.266166040884436,Very Low,54.13486005089059,Relatively Low,,Not Applicable,92.26075786769428,Relatively Moderate,63.8676844783715,Relatively Low,38.26335877862596,Very Low,87.53180661577609,Relatively Low
40015,Oklahoma,OK,Caddo,63.39058524173028,Relatively Low,39.21568627450981,Very Low,54.4529262086514,Relatively Low,,Not Applicable,73.66730892742453,Relatively Low,58.842239185750635,Very Low,70.32442748091603,Relatively Low,85.59160305343512,Relatively Low
40017,Oklahoma,OK,Canadian,83.49236641221374,Relatively Moderate,30.16270337922403,Very Low,75.73155216284987,Relatively Moderate,,Not Applicable,93.03147077713551,Relatively Moderate,61.73664122137404,Relatively Low,60.68702290076335,Very Low,83.9058524173028,Relatively Low
40019,Oklahoma,OK,Carter,74.87277353689568,Relatively Low,42.76178556528995,Very Low,63.39058524173028,Relatively Low,,Not Applicable,91.90751445086705,Relatively Moderate,64.98091603053436,Relatively Low,58.7468193384224,Very Low,88.42239185750637,Relatively Low
40021,Oklahoma,OK,Cherokee,76.90839694656488,Relatively Low,32.16520650813517,Very Low,77.48091603053436,Relatively Moderate,,Not Applicable,92.96724470134875,Relatively Moderate,60.33715012722646,Relatively Low,65.33078880407125,Relatively Low,94.59287531806616,Relatively Moderate
40023,Oklahoma,OK,Choctaw,49.904580152671755,Relatively Low,43.721318314559866,Very Low,26.81297709923664,Very Low,,Not Applicable,85.19588953114965,Relatively Moderate,45.80152671755725,Very Low,21.914758269720103,Very Low,65.13994910941476,Relatively Low
40025,Oklahoma,OK,Cimarron,47.32824427480916,Relatively Low,,Not Applicable,2.926208651399491,Very Low,,Not Applicable,3.339755940912011,Very Low,19.91094147582697,Very Low,9.923664122137405,Very Low,72.45547073791349,Relatively Low
40027,Oklahoma,OK,Cleveland,91.2849872773537,Relatively Moderate,36.67083854818523,Very Low,88.16793893129771,Relatively Moderate,,Not Applicable,97.30250481695568,Relatively High,86.25954198473282,Relatively Low,57.95165394402035,Very Low,84.95547073791349,Relatively Low
40029,Oklahoma,OK,Coal,32.410941475826974,Very Low,26.700041718815186,Very Low,12.118320610687022,Very Low,,Not Applicable,49.00449582530507,Relatively Low,31.615776081424933,Very Low,55.97964376590331,Very Low,86.83206106870229,Relatively Low
40031,Oklahoma,OK,Comanche,86.22773536895674,Relatively Moderate,45.139758030871924,Very Low,83.61959287531806,Relatively Moderate,,Not Applicable,77.48876043673731,Relatively Low,83.7150127226463,Relatively Low,71.9147582697201,Relatively Low,92.87531806615776,Relatively Moderate
40033,Oklahoma,OK,Cotton,4.89821882951654,Very Low,21.860659157279933,Very Low,6.488549618320611,Very Low,,Not Applicable,33.55812459858703,Very Low,29.770992366412212,Very Low,20.674300254452927,Very Low,67.01653944020356,Relatively Low
40035,Oklahoma,OK,Craig,55.50254452926209,Relatively Low,32.332081768877764,Very Low,55.05725190839694,Relatively Low,,Not Applicable,72.96082209377008,Relatively Low,50.47709923664122,Very Low,50.63613231552163,Very Low,60.43256997455471,Very Low
40037,Oklahoma,OK,Creek,83.23791348600508,Relatively Moderate,15.72799332498957,Very Low,72.20101781170484,Relatively Low,,Not Applicable,94.63712267180475,Relatively Moderate,56.297709923664115,Very Low,77.19465648854961,Relatively Low,93.79770992366412,Relatively Moderate
40039,Oklahoma,OK,Custer,62.02290076335878,Relatively Low,23.863162286191073,Very Low,38.708651399491096,Relatively Low,,Not Applicable,61.657032755298644,Relatively Low,53.24427480916031,Very Low,58.23791348600509,Very Low,76.81297709923665,Relatively Low
40041,Oklahoma,OK,Delaware,82.66539440203562,Relatively Moderate,44.63913224864414,Very Low,86.45038167938931,Relatively Moderate,,Not Applicable,91.97174052665382,Relatively Moderate,60.464376590330794,Relatively Low,75.19083969465649,Relatively Low,90.80788804071247,Relatively Moderate
40043,Oklahoma,OK,Dewey,15.648854961832063,Very Low,11.931581143095537,Very Low,5.661577608142494,Very Low,,Not Applicable,26.653821451509312,Very Low,23.282442748091604,Very Low,54.54834605597965,Very Low,73.56870229007633,Relatively Low
40045,Oklahoma,OK,Ellis,24.77735368956743,Very Low,24.989570296203585,Very Low,6.997455470737914,Very Low,,Not Applicable,28.869621066152856,Very Low,22.614503816793892,Very Low,37.30916030534351,Very Low,85.17811704834605,Relatively Low
40047,Oklahoma,OK,Garfield,82.09287531806616,Relatively Moderate,28.911138923654566,Very Low,66.98473282442748,Relatively Low,,Not Applicable,86.3519588953115,Relatively Moderate,57.98346055979644,Very Low,41.50763358778626,Very Low,53.62595419847328,Very Low
40049,Oklahoma,OK,Garvin,61.704834605597966,Relatively Low,41.093032957864,Very Low,54.898218829516544,Relatively Low,,Not Applicable,77.36030828516378,Relatively Low,57.56997455470738,Very Low,52.51272264631043,Very Low,87.21374045801527,Relatively Low
40051,Oklahoma,OK,Grady,75.73155216284987,Relatively Low,31.998331247392574,Very Low,62.69083969465649,Relatively Low,,Not Applicable,85.32434168272319,Relatively Moderate,66.41221374045801,Relatively Low,59.16030534351145,Very Low,91.53944020356234,Relatively Moderate
40053,Oklahoma,OK,Grant,27.767175572519083,Very Low,16.06174384647476,Very Low,13.804071246819339,Very Low,,Not Applicable,64.80411046885035,Relatively Low,23.473282442748094,Very Low,28.30788804071247,Very Low,44.338422391857506,Very Low
40055,Oklahoma,OK,Greer,17.080152671755723,Very Low,14.768460575719649,Very Low,5.947837150127226,Very Low,,Not Applicable,40.43031470777135,Relatively Low,26.81297709923664,Very Low,55.72519083969466,Very Low,68.28880407124683,Relatively Low
40057,Oklahoma,OK,Harmon,10.209923664122138,Very Low,16.97955778055903,Very Low,3.848600508905852,Very Low,,Not Applicable,25.690430314707775,Very Low,20.865139949109416,Very Low,21.533078880407125,Very Low,57.95165394402035,Very Low
40059,Oklahoma,OK,Harper,45.67430025445292,Relatively Low,28.660826032540676,Very Low,6.806615776081425,Very Low,,Not Applicable,30.025690430314704,Very Low,16.50763358778626,Very Low,7.188295165394402,Very Low,81.93384223918575,Relatively Low
40061,Oklahoma,OK,Haskell,30.50254452926209,Very Low,40.80100125156446,Very Low,22.614503816793892,Very Low,,Not Applicable,63.45536287732819,Relatively Low,35.24173027989822,Very Low,20.0381679389313,Very Low,91.79389312977099,Relatively Moderate
40063,Oklahoma,OK,Hughes,34.033078880407125,Very Low,37.922403003754695,Very Low,17.525445292620866,Very Low,,Not Applicable,61.7533718689788,Relatively Low,36.38676844783715,Very Low,61.99109414758269,Very Low,89.69465648854961,Relatively Moderate
40065,Oklahoma,OK,Jackson,86.03689567430025,Relatively Moderate,25.49019607843137,Very Low,25.095419847328245,Very Low,,Not Applicable,76.878612716763,Relatively Low,41.921119592875314,Very Low,24.96819338422392,Very Low,65.93511450381679,Relatively Low
40067,Oklahoma,OK,Jefferson,20.896946564885496,Very Low,32.7075511055486,Very Low,14.217557251908397,Very Low,,Not Applicable,49.87154784842646,Relatively Low,34.160305343511446,Very Low,21.4058524173028,Very Low,78.2442748091603,Relatively Low
40069,Oklahoma,OK,Johnston,25.38167938931298,Very Low,30.538172715894866,Very Low,19.052162849872772,Very Low,,Not Applicable,70.07064868336545,Relatively Low,34.891857506361326,Very Low,47.93256997455471,Very Low,82.15648854961832,Relatively Low
40071,Oklahoma,OK,Kay,79.86641221374046,Relatively Low,24.61410095953275,Very Low,69.75190839694656,Relatively Low,,Not Applicable,81.40655105973025,Relatively Moderate,52.2264631043257,Very Low,50.858778625954194,Very Low,88.45419847328245,Relatively Low
40073,Oklahoma,OK,Kingfisher,56.8384223918575,Relatively Low,34.459741343345854,Very Low,40.74427480916031,Relatively Low,,Not Applicable,62.3956326268465,Relatively Low,42.652671755725194,Very Low,36.57760814249364,Very Low,52.25826972010178,Very Low
40075,Oklahoma,OK,Kiowa,35.782442748091604,Very Low,29.411764705882355,Very Low,22.900763358778626,Very Low,,Not Applicable,69.1393705844573,Relatively Low,46.978371501272264,Very Low,49.87277353689568,Very Low,71.62849872773536,Relatively Low
40077,Oklahoma,OK,Latimer,34.63740458015267,Very Low,36.83771380892782,Very Low,40.5852417302799,Relatively Low,,Not Applicable,65.99229287090559,Relatively Low,35.17811704834606,Very Low,48.218829516539444,Very Low,92.6208651399491,Relatively Moderate
40079,Oklahoma,OK,Le Flore,82.69720101781171,Relatively Moderate,55.94493116395495,Very Low,84.2557251908397,Relatively Moderate,,Not Applicable,92.54977520873474,Relatively Moderate,67.23918575063614,Relatively Low,69.27480916030534,Relatively Low,96.08778625954199,Relatively Moderate
40081,Oklahoma,OK,Lincoln,71.31043256997455,Relatively Low,18.731748018356278,Very Low,50.445292620865146,Relatively Low,,Not Applicable,86.31984585741812,Relatively Moderate,50.12722646310432,Very Low,69.62468193384224,Relatively Low,92.8117048346056,Relatively Moderate
40083,Oklahoma,OK,Logan,74.68193384223919,Relatively Low,20.69253233208177,Very Low,50.699745547073796,Relatively Low,,Not Applicable,86.7694283879255,Relatively Moderate,42.43002544529262,Very Low,59.510178117048355,Very Low,78.46692111959288,Relatively Low
40085,Oklahoma,OK,Love,21.119592875318066,Very Low,30.95536086775136,Very Low,14.440203562340967,Very Low,,Not Applicable,55.8766859344894,Relatively Low,29.166666666666668,Very Low,53.56234096692112,Very Low,79.35750636132316,Relatively Low
40087,Oklahoma,OK,McClain,62.81806615776081,Relatively Low,22.444722569879016,Very Low,53.276081424936386,Relatively Low,,Not Applicable,81.02119460500964,Relatively Moderate,55.089058524173026,Very Low,51.27226463104325,Very Low,87.18193384223919,Relatively Low
40089,Oklahoma,OK,McCurtain,72.04198473282443,Relatively Low,55.98664997914059,Very Low,75.89058524173028,Relatively Moderate,,Not Applicable,82.81952472703918,Relatively Moderate,64.7264631043257,Relatively Low,70.96055979643766,Relatively Low,77.60814249363868,Relatively Low
40091,Oklahoma,OK,McIntosh,65.77608142493638,Relatively Low,43.178973717146434,Very Low,59.82824427480916,Relatively Low,,Not Applicable,90.5266538214515,Relatively Moderate,51.68575063613231,Very Low,64.09033078880407,Relatively Low,90.68066157760815,Relatively Moderate
40093,Oklahoma,OK,Major,34.19211195928753,Very Low,22.611597830621612,Very Low,14.31297709923664,Very Low,,Not Applicable,45.761078998073216,Relatively Low,27.480916030534353,Very Low,58.01526717557252,Very Low,66.0941475826972,Relatively Low
40095,Oklahoma,OK,Marshall,48.98218829516539,Relatively Low,32.62411347517731,Very Low,38.83587786259542,Relatively Low,,Not Applicable,74.91971740526654,Relatively Low,44.847328244274806,Very Low,29.866412213740457,Very Low,79.26208651399492,Relatively Low
40097,Oklahoma,OK,Mayes,77.57633587786259,Relatively Low,38.965373383395914,Very Low,75.85877862595419,Relatively Moderate,,Not Applicable,90.78355812459858,Relatively Moderate,58.905852417302796,Very Low,77.89440203562341,Relatively Low,85.6234096692112,Relatively Low
40099,Oklahoma,OK,Murray,32.538167938931295,Very Low,28.368794326241137,Very Low,31.48854961832061,Very Low,,Not Applicable,64.73988439306359,Relatively Low,37.468193384223916,Very Low,95.0381679389313,Relatively Moderate,82.3791348600509,Relatively Low
40101,Oklahoma,OK,Muskogee,82.029262086514,Relatively Moderate,48.018356278681686,Very Low,78.02162849872774,Relatively Moderate,,Not Applicable,94.57289659601798,Relatively Moderate,79.35750636132316,Relatively Low,28.435114503816795,Very Low,88.96310432569975,Relatively Moderate
40103,Oklahoma,OK,Noble,43.95674300254453,Relatively Low,23.988318731748016,Very Low,30.979643765903308,Very Low,,Not Applicable,65.41425818882466,Relatively Low,34.9236641221374,Very Low,49.04580152671756,Very Low,75.38167938931298,Relatively Low
40105,Oklahoma,OK,Nowata,40.776081424936386,Very Low,25.782227784730914,Very Low,29.00763358778626,Very Low,,Not Applicable,63.937058445728965,Relatively Low,34.00127226463104,Very Low,39.05852417302799,Very Low,54.4529262086514,Very Low
40107,Oklahoma,OK,Okfuskee,40.394402035623415,Very Low,24.030037546933666,Very Low,22.07379134860051,Very Low,,Not Applicable,73.44251766217084,Relatively Low,40.17175572519084,Very Low,56.39312977099237,Very Low,91.66666666666666,Relatively Moderate
40109,Oklahoma,OK,Oklahoma,97.93256997455471,Relatively High,49.52023362536504,Very Low,97.64631043256998,Relatively High,,Not Applicable,99.51830443159922,Relatively High,93.98854961832062,Relatively Moderate,57.63358778625955,Very Low,88.93129770992367,Relatively Moderate
40111,Oklahoma,OK,Okmulgee,74.61832061068702,Relatively Low,23.27909887359199,Very Low,65.99872773536896,Relatively Low,,Not Applicable,90.7514450867052,Relatively Moderate,60.94147582697202,Relatively Low,58.61959287531806,Very Low,91.73027989821882,Relatively Moderate
40113,Oklahoma,OK,Osage,78.0852417302799,Relatively Low,28.243637880684187,Very Low,75.09541984732824,Relatively Moderate,,Not Applicable,90.94412331406551,Relatively Moderate,44.75190839694657,Very Low,87.81806615776081,Relatively Moderate,94.75190839694656,Relatively Moderate
40115,Oklahoma,OK,Ottawa,76.04961832061069,Relatively Low,34.04255319148936,Very Low,78.2442748091603,Relatively Moderate,,Not Applicable,85.9344894026975,Relatively Moderate,61.22773536895675,Relatively Low,76.62213740458014,Relatively Low,64.85368956743002,Relatively Low
40117,Oklahoma,OK,Pawnee,48.091603053435115,Relatively Low,13.725490196078432,Very Low,35.36895674300254,Relatively Low,,Not Applicable,73.3140655105973,Relatively Low,32.37913486005089,Very Low,71.7557251908397,Relatively Low,86.80025445292621,Relatively Low
40119,Oklahoma,OK,Payne,83.93765903307889,Relatively Moderate,30.49645390070922,Very Low,67.6208651399491,Relatively Low,,Not Applicable,86.70520231213872,Relatively Moderate,58.269720101781175,Very Low,61.704834605597966,Very Low,89.59923664122137,Relatively Moderate
40121,Oklahoma,OK,Pittsburg,73.2824427480916,Relatively Low,44.096787651230706,Very Low,67.08015267175573,Relatively Low,,Not Applicable,89.6917148362235,Relatively Moderate,58.01526717557252,Very Low,55.152671755725194,Very Low,95.19720101781171,Relatively Moderate
40123,Oklahoma,OK,Pontotoc,62.913486005089055,Relatively Low,27.11722987067167,Very Low,45.578880407124686,Relatively Low,,Not Applicable,79.03018625561978,Relatively Moderate,56.77480916030534,Very Low,62.72264631043257,Relatively Low,90.17175572519083,Relatively Moderate
40125,Oklahoma,OK,Pottawatomie,82.31552162849873,Relatively Moderate,37.6720901126408,Very Low,67.39821882951654,Relatively Low,,Not Applicable,92.67822736030828,Relatively Moderate,68.41603053435115,Relatively Low,61.06870229007634,Very Low,92.23918575063614,Relatively Moderate
40127,Oklahoma,OK,Pushmataha,32.79262086513995,Very Low,31.748018356278685,Very Low,36.06870229007634,Relatively Low,,Not Applicable,70.68079640333976,Relatively Low,37.56361323155216,Very Low,48.25063613231552,Very Low,88.70865139949109,Relatively Low
40129,Oklahoma,OK,Roger Mills,23.18702290076336,Very Low,17.9808093450146,Very Low,10.432569974554708,Very Low,,Not Applicable,24.149004495825306,Very Low,18.638676844783713,Very Low,72.01017811704835,Relatively Low,89.15394402035624,Relatively Moderate
40131,Oklahoma,OK,Rogers,80.05725190839695,Relatively Low,24.6558197747184,Very Low,81.39312977099237,Relatively Moderate,,Not Applicable,94.79768786127167,Relatively Moderate,54.61195928753181,Very Low,63.93129770992366,Relatively Low,86.00508905852418,Relatively Low
40133,Oklahoma,OK,Seminole,57.12468193384224,Relatively Low,33.87567793074677,Very Low,38.23155216284987,Relatively Low,,Not Applicable,87.70070648683365,Relatively Moderate,51.590330788804074,Very Low,61.832061068702295,Very Low,91.12595419847328,Relatively Moderate
40135,Oklahoma,OK,Sequoyah,79.1030534351145,Relatively Low,41.46850229453484,Very Low,73.60050890585241,Relatively Moderate,,Not Applicable,95.24727039177905,Relatively Moderate,67.04834605597965,Relatively Low,50.12722646310432,Very Low,96.11959287531806,Relatively Moderate
40137,Oklahoma,OK,Stephens,65.93511450381679,Relatively Low,30.663329161451813,Very Low,54.166666666666664,Relatively Low,,Not Applicable,82.94797687861272,Relatively Moderate,62.62722646310432,Relatively Low,44.62468193384224,Very Low,88.54961832061069,Relatively Low
40139,Oklahoma,OK,Texas,56.64758269720102,Relatively Low,,Not Applicable,11.895674300254452,Very Low,,Not Applicable,18.17597944765575,Very Low,29.452926208651398,Very Low,5.566157760814249,Very Low,83.42875318066157,Relatively Low
40141,Oklahoma,OK,Tillman,13.42239185750636,Very Low,35.127242386316226,Very Low,6.743002544529262,Very Low,,Not Applicable,48.26589595375722,Relatively Low,32.12468193384224,Very Low,16.06234096692112,Very Low,52.703562340966926,Very Low
40143,Oklahoma,OK,Tulsa,97.90076335877863,Relatively High,46.349603671255736,Very Low,97.93256997455471,Relatively High,,Not Applicable,99.64675658317277,Relatively High,89.91730279898219,Relatively Low,68.73409669211196,Relatively Low,91.2531806615776,Relatively Moderate
40145,Oklahoma,OK,Wagoner,73.25063613231552,Relatively Low,21.777221526908637,Very Low,70.61068702290076,Relatively Low,,Not Applicable,94.02697495183044,Relatively Moderate,49.904580152671755,Very Low,55.18447837150128,Very Low,81.67938931297711,Relatively Low
40147,Oklahoma,OK,Washington,76.11323155216286,Relatively Low,28.785982478097623,Very Low,74.20483460559797,Relatively Moderate,,Not Applicable,91.13680154142581,Relatively Moderate,54.48473282442748,Very Low,53.7531806615776,Very Low,78.43511450381679,Relatively Low
40149,Oklahoma,OK,Washita,31.93384223918575,Very Low,25.15644555694618,Very Low,19.751908396946565,Very Low,,Not Applicable,45.15093127809891,Relatively Low,42.62086513994911,Very Low,42.20737913486005,Very Low,68.89312977099237,Relatively Low
40151,Oklahoma,OK,Woods,28.085241730279897,Very Low,19.148936170212767,Very Low,12.595419847328243,Very Low,,Not Applicable,42.870905587668595,Relatively Low,23.982188295165393,Very Low,65.10814249363868,Relatively Low,74.68193384223919,Relatively Low
40153,Oklahoma,OK,Woodward,41.63486005089059,Very Low,20.77596996245307,Very Low,36.83206106870229,Relatively Low,,Not Applicable,75.88310854206807,Relatively Low,33.33333333333333,Very Low,53.276081424936386,Very Low,89.28117048346056,Relatively Moderate
41001,Oregon,OR,Baker,48.155216284987276,Relatively Low,,Not Applicable,47.837150127226465,Relatively Low,,Not Applicable,40.26974951830443,Relatively Low,78.68956743002545,Relatively Low,83.11068702290076,Relatively Low,96.0559796437659,Relatively Moderate
41003,Oregon,OR,Benton,84.35114503816794,Relatively Moderate,,Not Applicable,74.80916030534351,Relatively Moderate,0.0,No Rating,80.50738599871548,Relatively Moderate,97.2328244274809,Relatively Moderate,97.51908396946564,Relatively Moderate,37.05470737913486,Very Low
41005,Oregon,OR,Clackamas,94.8791348600509,Relatively High,,Not Applicable,93.70229007633588,Relatively High,18.8,Very Low,95.47206165703275,Relatively Moderate,98.60050890585241,Relatively High,95.83333333333334,Relatively Moderate,86.76844783715013,Relatively Low
41007,Oregon,OR,Clatsop,95.06997455470739,Relatively High,,Not Applicable,72.10559796437659,Relatively Low,96.39999999999999,Very High,42.06807964033398,Relatively Low,96.50127226463104,Relatively Moderate,88.67684478371501,Relatively Moderate,44.40203562340967,Very Low
41009,Oregon,OR,Columbia,70.67430025445293,Relatively Low,,Not Applicable,68.1615776081425,Relatively Low,50.4,Relatively Low,90.46242774566474,Relatively Moderate,94.529262086514,Relatively Moderate,89.44020356234097,Relatively Moderate,30.50254452926209,Very Low
41011,Oregon,OR,Coos,91.88931297709924,Relatively Moderate,,Not Applicable,85.55979643765903,Relatively Moderate,87.4,Relatively High,50.16056518946692,Relatively Low,98.34605597964376,Relatively High,96.27862595419847,Relatively Moderate,64.75826972010178,Relatively Low
41013,Oregon,OR,Crook,33.587786259541986,Very Low,,Not Applicable,40.521628498727736,Relatively Low,,Not Applicable,22.54335260115607,Very Low,69.49745547073792,Relatively Low,74.39567430025446,Relatively Low,95.10178117048346,Relatively Moderate
41015,Oregon,OR,Curry,86.54580152671755,Relatively Moderate,,Not Applicable,62.18193384223919,Relatively Low,48.4,Relatively Low,40.847784200385355,Relatively Low,96.66030534351145,Relatively Moderate,92.01653944020356,Relatively Moderate,93.41603053435115,Relatively Moderate
41017,Oregon,OR,Deschutes,84.92366412213741,Relatively Moderate,,Not Applicable,88.89949109414759,Relatively Moderate,,Not Applicable,54.11046885035324,Relatively Low,83.04707379134861,Relatively Low,81.61577608142494,Relatively Low,97.7735368956743,Relatively High
41019,Oregon,OR,Douglas,92.93893129770993,Relatively Moderate,,Not Applicable,95.19720101781171,Relatively High,62.8,Relatively Moderate,87.47591522157995,Relatively Moderate,97.29643765903307,Relatively Moderate,95.3880407124682,Relatively Moderate,97.83715012722645,Relatively High
41021,Oregon,OR,Gilliam,2.735368956743003,Very Low,,Not Applicable,6.965648854961833,Very Low,,Not Applicable,12.909441233140656,Very Low,27.89440203562341,Very Low,55.75699745547074,Very Low,88.29516539440203,Relatively Low
41023,Oregon,OR,Grant,32.12468193384224,Very Low,,Not Applicable,50.19083969465649,Relatively Low,,Not Applicable,29.383429672447015,Very Low,23.40966921119593,Very Low,85.05089058524173,Relatively Low,93.57506361323156,Relatively Moderate
41025,Oregon,OR,Harney,23.66412213740458,Very Low,,Not Applicable,28.530534351145036,Very Low,,Not Applicable,25.048169556840076,Very Low,31.552162849872772,Very Low,74.23664122137404,Relatively Low,95.73791348600508,Relatively Moderate
41027,Oregon,OR,Hood River,32.06106870229007,Very Low,,Not Applicable,30.438931297709924,Very Low,,Not Applicable,45.728965960179835,Relatively Low,75.57251908396947,Relatively Low,86.1323155216285,Relatively Low,94.78371501272265,Relatively Moderate
41029,Oregon,OR,Jackson,92.52544529262087,Relatively Moderate,,Not Applicable,93.12977099236642,Relatively Moderate,,Not Applicable,94.92614001284522,Relatively Moderate,97.36005089058524,Relatively Moderate,86.51399491094148,Relatively Low,99.04580152671755,Relatively High
41031,Oregon,OR,Jefferson,29.866412213740457,Very Low,,Not Applicable,36.6412213740458,Relatively Low,,Not Applicable,21.86897880539499,Very Low,64.44020356234097,Relatively Low,42.907124681933844,Very Low,94.91094147582697,Relatively Moderate
41033,Oregon,OR,Josephine,90.235368956743,Relatively Moderate,,Not Applicable,90.20356234096693,Relatively Moderate,,Not Applicable,89.40269749518305,Relatively Moderate,95.19720101781171,Relatively Moderate,85.68702290076335,Relatively Low,99.23664122137404,Relatively High
41035,Oregon,OR,Klamath,77.92620865139949,Relatively Low,,Not Applicable,78.49872773536896,Relatively Moderate,,Not Applicable,69.87797045600513,Relatively Low,94.49745547073792,Relatively Moderate,59.4147582697201,Very Low,94.40203562340967,Relatively Moderate
41037,Oregon,OR,Lake,19.083969465648856,Very Low,,Not Applicable,37.595419847328245,Relatively Low,,Not Applicable,24.277456647398843,Very Low,72.90076335877863,Relatively Low,44.56106870229007,Very Low,89.2175572519084,Relatively Moderate
41039,Oregon,OR,Lane,96.4058524173028,Relatively High,,Not Applicable,97.20101781170484,Relatively High,55.2,Relatively Low,93.83429672447014,Relatively Moderate,98.75954198473282,Relatively High,88.35877862595419,Relatively Moderate,68.73409669211196,Relatively Low
41041,Oregon,OR,Lincoln,89.94910941475827,Relatively Moderate,,Not Applicable,86.57760814249363,Relatively Moderate,71.8,Relatively Moderate,38.053949903660886,Very Low,97.7735368956743,Relatively Moderate,97.48727735368958,Relatively Moderate,50.795165394402034,Very Low
41043,Oregon,OR,Linn,88.10432569974554,Relatively Moderate,,Not Applicable,86.25954198473282,Relatively Moderate,,Not Applicable,85.83815028901735,Relatively Moderate,97.51908396946564,Relatively Moderate,79.32569974554707,Relatively Low,58.396946564885496,Very Low
41045,Oregon,OR,Malheur,34.764631043257,Very Low,,Not Applicable,52.00381679389313,Relatively Low,,Not Applicable,59.37700706486834,Relatively Low,71.56488549618321,Relatively Low,77.83078880407125,Relatively Low,91.4440203562341,Relatively Moderate
41047,Oregon,OR,Marion,95.51526717557252,Relatively High,,Not Applicable,90.52162849872774,Relatively Moderate,,Not Applicable,95.88953114964676,Relatively Moderate,99.07760814249363,Relatively High,83.5559796437659,Relatively Low,59.860050890585235,Very Low
41049,Oregon,OR,Morrow,26.3676844783715,Very Low,,Not Applicable,40.13994910941476,Relatively Low,,Not Applicable,50.256904303147074,Relatively Low,57.91984732824428,Very Low,71.08778625954199,Relatively Low,91.95292620865139,Relatively Moderate
41051,Oregon,OR,Multnomah,98.47328244274809,Relatively High,,Not Applicable,95.54707379134861,Relatively High,43.4,Relatively Low,96.82080924855492,Relatively High,99.58651399491094,Relatively High,96.9147582697201,Relatively Moderate,67.30279898218829,Relatively Low
41053,Oregon,OR,Polk,72.83715012722645,Relatively Low,,Not Applicable,68.22519083969466,Relatively Low,0.0,No Rating,87.41168914579319,Relatively Moderate,95.3880407124682,Relatively Moderate,83.93765903307889,Relatively Low,43.44783715012723,Very Low
41055,Oregon,OR,Sherman,2.894402035623409,Very Low,,Not Applicable,4.580152671755725,Very Low,,Not Applicable,7.739242132305717,Very Low,33.61959287531807,Very Low,41.539440203562336,Very Low,90.20356234096693,Relatively Moderate
41057,Oregon,OR,Tillamook,81.3295165394402,Relatively Moderate,,Not Applicable,76.33587786259542,Relatively Moderate,66.8,Relatively Moderate,32.5626204238921,Very Low,95.45165394402035,Relatively Moderate,92.1119592875318,Relatively Moderate,43.57506361323155,Very Low
41059,Oregon,OR,Umatilla,82.28371501272265,Relatively Moderate,,Not Applicable,81.45674300254453,Relatively Moderate,,Not Applicable,86.57675016056518,Relatively Moderate,87.1501272264631,Relatively Low,90.2671755725191,Relatively Moderate,96.15139949109415,Relatively Moderate
41061,Oregon,OR,Union,43.54325699745547,Relatively Low,,Not Applicable,37.468193384223916,Relatively Low,,Not Applicable,46.05009633911368,Relatively Low,76.7175572519084,Relatively Low,66.0941475826972,Relatively Low,91.88931297709924,Relatively Moderate
41063,Oregon,OR,Wallowa,33.969465648854964,Very Low,,Not Applicable,48.854961832061065,Relatively Low,,Not Applicable,22.832369942196532,Very Low,37.659033078880405,Very Low,78.43511450381679,Relatively Low,92.68447837150127,Relatively Moderate
41065,Oregon,OR,Wasco,67.8117048346056,Relatively Low,,Not Applicable,59.223918575063614,Relatively Low,,Not Applicable,42.58188824662813,Relatively Low,82.98346055979644,Relatively Low,55.216284987277355,Very Low,98.09160305343512,Relatively High
41067,Oregon,OR,Washington,96.02417302798982,Relatively High,,Not Applicable,93.86132315521628,Relatively High,0.0,No Rating,96.6281310211946,Relatively High,99.01399491094148,Relatively High,85.84605597964376,Relatively Low,50.89058524173028,Very Low
41069,Oregon,OR,Wheeler,7.15648854961832,Very Low,,Not Applicable,12.30916030534351,Very Low,,Not Applicable,6.74373795761079,Very Low,17.87531806615776,Very Low,69.529262086514,Relatively Low,88.74045801526718,Relatively Low
41071,Oregon,OR,Yamhill,82.85623409669212,Relatively Moderate,,Not Applicable,74.10941475826972,Relatively Moderate,0.0,No Rating,88.27874116891458,Relatively Moderate,96.88295165394402,Relatively Moderate,87.88167938931298,Relatively Moderate,52.13104325699746,Very Low
42001,Pennsylvania,PA,Adams,67.52544529262087,Relatively Low,84.06341259908218,Relatively Moderate,76.20865139949109,Relatively Moderate,,Not Applicable,68.62556197816313,Relatively Low,72.64631043256998,Relatively Low,39.3765903307888,Very Low,44.179389312977094,Very Low
42003,Pennsylvania,PA,Allegheny,98.09160305343512,Relatively High,75.88652482269504,Relatively Low,99.20483460559797,Very High,,Not Applicable,94.25176621708414,Relatively Moderate,87.88167938931298,Relatively Low,87.21374045801527,Relatively Low,60.40076335877863,Very Low
42005,Pennsylvania,PA,Armstrong,69.3384223918575,Relatively Low,52.23195661243221,Very Low,85.05089058524173,Relatively Moderate,,Not Applicable,30.79640333975594,Very Low,35.20992366412214,Very Low,85.33715012722645,Relatively Low,21.978371501272264,Very Low
42007,Pennsylvania,PA,Beaver,75.31806615776081,Relatively Low,54.109303295786404,Very Low,87.02290076335878,Relatively Moderate,,Not Applicable,45.696852922286446,Relatively Low,55.025445292620866,Very Low,81.71119592875317,Relatively Low,34.891857506361326,Very Low
42009,Pennsylvania,PA,Bedford,68.22519083969466,Relatively Low,77.80559032123487,Relatively Low,83.96946564885496,Relatively Moderate,,Not Applicable,31.053307642903015,Very Low,44.49745547073791,Very Low,92.17557251908397,Relatively Moderate,29.230279898218832,Very Low
42011,Pennsylvania,PA,Berks,92.71628498727735,Relatively Moderate,92.53233208176887,Relatively Moderate,94.81552162849873,Relatively High,,Not Applicable,94.47655748233782,Relatively Moderate,91.2531806615776,Relatively Moderate,91.6030534351145,Relatively Moderate,37.97709923664122,Very Low
42013,Pennsylvania,PA,Blair,77.67175572519083,Relatively Low,78.80684188569045,Relatively Low,87.46819338422391,Relatively Moderate,,Not Applicable,40.87989723827874,Relatively Low,62.27735368956743,Relatively Low,85.90966921119593,Relatively Low,31.99745547073791,Very Low
42015,Pennsylvania,PA,Bradford,73.1234096692112,Relatively Low,69.42010846891948,Relatively Low,86.1323155216285,Relatively Moderate,,Not Applicable,32.65895953757225,Very Low,45.10178117048346,Very Low,81.36132315521628,Relatively Low,21.692111959287534,Very Low
42017,Pennsylvania,PA,Bucks,94.78371501272265,Relatively High,88.40216937838964,Relatively Moderate,97.10559796437659,Relatively High,65.0,Relatively Moderate,95.08670520231213,Relatively Moderate,93.92493638676844,Relatively Moderate,56.52035623409669,Very Low,55.534351145038165,Very Low
42019,Pennsylvania,PA,Butler,79.26208651399492,Relatively Low,57.029620358781806,Very Low,89.02671755725191,Relatively Moderate,,Not Applicable,41.13680154142582,Relatively Low,52.13104325699746,Very Low,83.87404580152672,Relatively Low,38.99491094147582,Very Low
42021,Pennsylvania,PA,Cambria,76.43129770992367,Relatively Low,76.22027534418022,Relatively Low,85.71882951653944,Relatively Moderate,,Not Applicable,21.74052665382145,Very Low,60.62340966921119,Relatively Low,80.59796437659033,Relatively Low,41.030534351145036,Very Low
42023,Pennsylvania,PA,Cameron,12.627226463104327,Very Low,55.06883604505632,Very Low,40.68066157760814,Relatively Low,,Not Applicable,3.371868978805395,Very Low,12.595419847328243,Very Low,76.97201017811705,Relatively Low,0.66793893129771,Very Low
42025,Pennsylvania,PA,Carbon,59.4147582697201,Relatively Low,73.13308302044223,Relatively Low,67.52544529262087,Relatively Low,,Not Applicable,82.11303789338471,Relatively Moderate,46.596692111959285,Very Low,71.02417302798982,Relatively Low,41.348600508905854,Very Low
42027,Pennsylvania,PA,Centre,67.970737913486,Relatively Low,77.47183979974969,Relatively Low,81.23409669211196,Relatively Moderate,,Not Applicable,48.00899165061015,Relatively Low,58.17430025445292,Very Low,87.72264631043257,Relatively Moderate,32.538167938931295,Very Low
42029,Pennsylvania,PA,Chester,91.85750636132316,Relatively Moderate,88.73591989987484,Relatively Moderate,94.3384223918575,Relatively High,0.0,No Rating,95.63262684649968,Relatively Moderate,90.17175572519083,Relatively Moderate,77.7671755725191,Relatively Low,30.693384223918574,Very Low
42031,Pennsylvania,PA,Clarion,30.025445292620866,Very Low,63.41259908218606,Relatively Low,52.19465648854962,Relatively Low,,Not Applicable,12.33140655105973,Very Low,31.99745547073791,Very Low,70.22900763358778,Relatively Low,16.316793893129773,Very Low
42033,Pennsylvania,PA,Clearfield,67.1119592875318,Relatively Low,71.04714226115978,Relatively Low,80.59796437659033,Relatively Moderate,,Not Applicable,17.50160565189467,Very Low,43.35241730279898,Very Low,81.3295165394402,Relatively Low,34.25572519083969,Very Low
42035,Pennsylvania,PA,Clinton,51.781170483460556,Relatively Low,66.79182311222361,Relatively Low,71.34223918575063,Relatively Low,,Not Applicable,24.341682723185613,Very Low,32.98346055979644,Very Low,80.34351145038168,Relatively Low,15.203562340966922,Very Low
42037,Pennsylvania,PA,Columbia,62.054707379134854,Relatively Low,70.3796412181894,Relatively Low,78.62595419847328,Relatively Moderate,,Not Applicable,52.47270391779062,Relatively Low,51.62213740458015,Very Low,80.40712468193384,Relatively Low,27.544529262086513,Very Low
42039,Pennsylvania,PA,Crawford,76.0178117048346,Relatively Low,67.08385481852316,Relatively Low,87.18193384223919,Relatively Moderate,,Not Applicable,24.85549132947977,Very Low,50.286259541984734,Very Low,55.916030534351144,Very Low,36.00508905852418,Very Low
42041,Pennsylvania,PA,Cumberland,86.19592875318067,Relatively Moderate,87.44263662911973,Relatively Moderate,91.12595419847328,Relatively Moderate,,Not Applicable,85.64547206165703,Relatively Moderate,81.93384223918575,Relatively Low,74.80916030534351,Relatively Low,47.55089058524173,Very Low
42043,Pennsylvania,PA,Dauphin,91.06234096692111,Relatively Moderate,89.19482686691697,Relatively Moderate,94.78371501272265,Relatively High,,Not Applicable,88.40719332048812,Relatively Moderate,87.27735368956743,Relatively Low,84.63740458015268,Relatively Low,38.8676844783715,Very Low
42045,Pennsylvania,PA,Delaware,92.90712468193384,Relatively Moderate,88.11013767209012,Relatively Moderate,94.43384223918575,Relatively High,63.6,Relatively Moderate,97.59152215799615,Relatively High,94.46564885496184,Relatively Moderate,59.44656488549618,Very Low,27.671755725190838,Very Low
42047,Pennsylvania,PA,Elk,45.19720101781171,Relatively Low,63.7046307884856,Relatively Low,67.970737913486,Relatively Low,,Not Applicable,7.867694283879255,Very Low,27.608142493638677,Very Low,70.19720101781171,Relatively Low,5.852417302798982,Very Low
42049,Pennsylvania,PA,Erie,84.0966921119593,Relatively Moderate,71.08886107634544,Relatively Low,90.71246819338423,Relatively Moderate,36.4,Very Low,40.62299293513166,Relatively Low,60.1145038167939,Relatively Low,44.75190839694657,Very Low,36.92748091603054,Very Low
42051,Pennsylvania,PA,Fayette,82.22010178117048,Relatively Moderate,60.116812682519814,Relatively Low,90.5852417302799,Relatively Moderate,,Not Applicable,44.09120102761721,Relatively Low,60.655216284987276,Relatively Low,87.05470737913485,Relatively Low,45.229007633587784,Very Low
42053,Pennsylvania,PA,Forest,19.91094147582697,Very Low,52.065081351689614,Very Low,43.51145038167939,Relatively Low,,Not Applicable,4.431599229287091,Very Low,19.62468193384224,Very Low,60.846055979643765,Very Low,4.770992366412214,Very Low
42055,Pennsylvania,PA,Franklin,76.39949109414759,Relatively Low,85.56528994576554,Relatively Moderate,84.31933842239185,Relatively Moderate,,Not Applicable,72.0616570327553,Relatively Low,75.38167938931298,Relatively Low,75.41348600508906,Relatively Low,51.335877862595424,Very Low
42057,Pennsylvania,PA,Fulton,7.760814249363868,Very Low,71.21401752190238,Relatively Low,21.469465648854964,Very Low,,Not Applicable,18.015414258188827,Very Low,34.19211195928753,Very Low,83.77862595419847,Relatively Low,22.7735368956743,Very Low
42059,Pennsylvania,PA,Greene,55.1208651399491,Relatively Low,63.32916145181476,Relatively Low,74.26844783715013,Relatively Moderate,,Not Applicable,22.511239563262684,Very Low,39.026717557251914,Very Low,91.15776081424937,Relatively Moderate,23.377862595419845,Very Low
42061,Pennsylvania,PA,Huntingdon,50.25445292620865,Relatively Low,71.17229870671673,Relatively Low,68.76590330788804,Relatively Low,,Not Applicable,28.13102119460501,Very Low,41.82569974554708,Very Low,88.77226463104326,Relatively Moderate,22.932569974554706,Very Low
42063,Pennsylvania,PA,Indiana,63.70865139949109,Relatively Low,70.79682937004588,Relatively Low,77.83078880407125,Relatively Moderate,,Not Applicable,32.145150931278096,Very Low,48.282442748091604,Very Low,98.02798982188295,Relatively High,37.94529262086514,Very Low
42065,Pennsylvania,PA,Jefferson,57.88804071246819,Relatively Low,69.75385899040467,Relatively Low,74.52290076335878,Relatively Moderate,,Not Applicable,13.744380218368658,Very Low,35.43256997455471,Very Low,79.93002544529261,Relatively Low,16.444020356234095,Very Low
42067,Pennsylvania,PA,Juniata,38.80407124681934,Very Low,76.72090112640801,Relatively Low,60.2735368956743,Relatively Low,,Not Applicable,37.70070648683366,Very Low,37.849872773536894,Very Low,79.23027989821882,Relatively Low,16.475826972010175,Very Low
42069,Pennsylvania,PA,Lackawanna,89.91730279898219,Relatively Moderate,82.0191906549854,Relatively Moderate,94.08396946564885,Relatively High,,Not Applicable,83.59023763648041,Relatively Moderate,74.96819338422391,Relatively Low,73.1234096692112,Relatively Low,41.4440203562341,Very Low
42071,Pennsylvania,PA,Lancaster,95.0381679389313,Relatively High,95.49436795994993,Relatively High,96.94656488549617,Relatively High,,Not Applicable,94.44444444444444,Relatively Moderate,93.54325699745547,Relatively Moderate,73.31424936386769,Relatively Low,37.213740458015266,Very Low
42073,Pennsylvania,PA,Lawrence,66.12595419847328,Relatively Low,47.309136420525654,Very Low,83.07888040712467,Relatively Moderate,,Not Applicable,29.35131663455363,Very Low,36.67302798982188,Very Low,63.58142493638677,Relatively Low,27.29007633587786,Very Low
42075,Pennsylvania,PA,Lebanon,79.89821882951654,Relatively Low,86.816854401335,Relatively Moderate,84.86005089058524,Relatively Moderate,,Not Applicable,75.72254335260115,Relatively Low,80.88422391857506,Relatively Low,63.54961832061069,Relatively Low,22.487277353689567,Very Low
42077,Pennsylvania,PA,Lehigh,93.89312977099237,Relatively Moderate,90.19607843137256,Relatively Moderate,95.35623409669212,Relatively High,,Not Applicable,96.49967886962106,Relatively Moderate,89.79007633587787,Relatively Low,79.48473282442748,Relatively Low,30.311704834605596,Very Low
42079,Pennsylvania,PA,Luzerne,91.63486005089058,Relatively Moderate,83.10387984981227,Relatively Moderate,95.32442748091603,Relatively High,,Not Applicable,91.32947976878613,Relatively Moderate,83.9058524173028,Relatively Low,77.2264631043257,Relatively Low,53.721374045801525,Very Low
42081,Pennsylvania,PA,Lycoming,79.58015267175573,Relatively Low,75.05214851898207,Relatively Low,88.99491094147582,Relatively Moderate,,Not Applicable,52.536929993577395,Relatively Low,48.346055979643765,Very Low,83.14249363867684,Relatively Low,26.8765903307888,Very Low
42083,Pennsylvania,PA,McKean,53.78498727735369,Relatively Low,61.74384647476012,Relatively Low,73.18702290076335,Relatively Moderate,,Not Applicable,10.468850353243417,Very Low,36.06870229007634,Very Low,77.41730279898219,Relatively Low,10.209923664122138,Very Low
42085,Pennsylvania,PA,Mercer,77.735368956743,Relatively Low,64.78931998331248,Relatively Low,87.88167938931298,Relatively Moderate,,Not Applicable,28.42003853564547,Very Low,51.526717557251914,Very Low,43.06615776081425,Very Low,36.354961832061065,Very Low
42087,Pennsylvania,PA,Mifflin,69.27480916030534,Relatively Low,77.34668335419273,Relatively Low,83.58778625954199,Relatively Moderate,,Not Applicable,42.710340398201666,Relatively Low,48.56870229007634,Very Low,80.1526717557252,Relatively Low,26.590330788804074,Very Low
42089,Pennsylvania,PA,Monroe,85.08269720101781,Relatively Moderate,82.43637880684189,Relatively Moderate,88.07251908396947,Relatively Moderate,,Not Applicable,74.69492614001284,Relatively Low,73.18702290076335,Relatively Low,70.70610687022901,Relatively Low,51.55852417302798,Very Low
42091,Pennsylvania,PA,Montgomery,96.81933842239185,Relatively High,89.86232790988737,Relatively Moderate,98.15521628498728,Relatively High,0.0,No Rating,98.330122029544,Relatively High,94.21119592875317,Relatively Moderate,68.32061068702289,Relatively Low,37.340966921119595,Very Low
42093,Pennsylvania,PA,Montour,14.662849872773537,Very Low,61.201501877346686,Relatively Low,38.32697201017812,Relatively Low,,Not Applicable,27.135517019910083,Very Low,33.81043256997455,Very Low,57.44274809160306,Very Low,4.643765903307888,Very Low
42095,Pennsylvania,PA,Northampton,90.01272264631042,Relatively Moderate,87.0671672924489,Relatively Moderate,93.60687022900763,Relatively High,,Not Applicable,94.09120102761722,Relatively Moderate,84.4147582697201,Relatively Low,76.46310432569975,Relatively Low,28.5941475826972,Very Low
42097,Pennsylvania,PA,Northumberland,79.16666666666666,Relatively Low,79.80809345014602,Relatively Low,88.29516539440203,Relatively Moderate,,Not Applicable,59.184328837508026,Relatively Low,63.67684478371501,Relatively Low,82.82442748091603,Relatively Low,31.329516539440206,Very Low
42099,Pennsylvania,PA,Perry,53.11704834605598,Relatively Low,76.13683771380893,Relatively Low,69.529262086514,Relatively Low,,Not Applicable,74.50224791265254,Relatively Low,38.708651399491096,Very Low,84.22391857506362,Relatively Low,24.96819338422392,Very Low
42101,Pennsylvania,PA,Philadelphia,99.58651399491094,Very High,94.28452231956612,Relatively High,99.58651399491094,Very High,85.39999999999999,Relatively High,99.9678869621066,Very High,98.2824427480916,Relatively High,76.33587786259542,Relatively Low,28.68956743002545,Very Low
42103,Pennsylvania,PA,Pike,65.87150127226464,Relatively Low,76.67918231122236,Relatively Low,78.7849872773537,Relatively Moderate,,Not Applicable,39.852280025690426,Relatively Low,56.075063613231556,Very Low,67.58905852417303,Relatively Low,71.9147582697201,Relatively Low
42105,Pennsylvania,PA,Potter,28.148854961832058,Very Low,58.156028368794324,Very Low,55.24809160305344,Relatively Low,,Not Applicable,6.61528580603725,Very Low,21.119592875318066,Very Low,83.36513994910942,Relatively Low,3.307888040712468,Very Low
42107,Pennsylvania,PA,Schuylkill,85.30534351145039,Relatively Moderate,82.60325406758447,Relatively Moderate,90.77608142493638,Relatively Moderate,,Not Applicable,74.34168272318561,Relatively Low,71.88295165394402,Relatively Low,90.10814249363868,Relatively Moderate,55.62977099236641,Very Low
42109,Pennsylvania,PA,Snyder,54.293893129770986,Relatively Low,77.26324572382144,Relatively Low,71.2468193384224,Relatively Low,,Not Applicable,43.577392421323054,Relatively Low,48.66412213740458,Very Low,77.735368956743,Relatively Low,17.68447837150127,Very Low
42111,Pennsylvania,PA,Somerset,64.2175572519084,Relatively Low,73.17480183562786,Relatively Low,79.99363867684478,Relatively Moderate,,Not Applicable,20.263326910725755,Very Low,54.166666666666664,Very Low,81.39312977099237,Relatively Low,40.776081424936386,Very Low
42113,Pennsylvania,PA,Sullivan,10.71882951653944,Very Low,58.94868585732165,Relatively Low,37.37277353689568,Relatively Low,,Not Applicable,6.872190109184329,Very Low,24.459287531806613,Very Low,64.34478371501272,Relatively Low,5.979643765903308,Very Low
42115,Pennsylvania,PA,Susquehanna,53.594147582697204,Relatively Low,75.3441802252816,Relatively Low,70.99236641221374,Relatively Low,,Not Applicable,24.05266538214515,Very Low,46.9147582697201,Very Low,81.23409669211196,Relatively Low,21.21501272264631,Very Low
42117,Pennsylvania,PA,Tioga,59.764631043257,Relatively Low,71.8397997496871,Relatively Low,78.9440203562341,Relatively Moderate,,Not Applicable,15.928066795118816,Very Low,31.106870229007633,Very Low,81.96564885496184,Relatively Low,20.801526717557252,Very Low
42119,Pennsylvania,PA,Union,55.24809160305344,Relatively Low,74.34292866082603,Relatively Low,71.81933842239185,Relatively Low,,Not Applicable,44.733461785484906,Relatively Low,43.57506361323155,Very Low,64.59923664122137,Relatively Low,10.368956743002544,Very Low
42121,Pennsylvania,PA,Venango,55.597964376590326,Relatively Low,55.235711305798915,Very Low,74.14122137404581,Relatively Moderate,,Not Applicable,15.028901734104046,Very Low,28.498727735368956,Very Low,67.71628498727735,Relatively Low,12.627226463104327,Very Low
42123,Pennsylvania,PA,Warren,65.55343511450383,Relatively Low,57.15477680433876,Very Low,82.82442748091603,Relatively Moderate,,Not Applicable,9.666024405908798,Very Low,21.055979643765905,Very Low,70.13358778625954,Relatively Low,11.927480916030534,Very Low
42125,Pennsylvania,PA,Washington,83.07888040712467,Relatively Moderate,59.86649979140593,Relatively Low,91.41221374045801,Relatively Moderate,,Not Applicable,47.784200385356456,Relatively Low,59.28753180661578,Very Low,94.11577608142494,Relatively Moderate,46.11959287531807,Very Low
42127,Pennsylvania,PA,Wayne,56.329516539440206,Relatively Low,75.96996245306633,Relatively Low,71.31043256997455,Relatively Low,,Not Applicable,31.95247270391779,Very Low,47.55089058524173,Very Low,74.33206106870229,Relatively Low,20.13358778625954,Very Low
42129,Pennsylvania,PA,Westmoreland,87.8498727735369,Relatively Moderate,69.002920317063,Relatively Low,93.76590330788804,Relatively High,,Not Applicable,59.92292870905588,Relatively Low,73.75954198473282,Relatively Low,91.31679389312977,Relatively Moderate,54.007633587786266,Very Low
42131,Pennsylvania,PA,Wyoming,44.783715012722645,Relatively Low,60.70087609511889,Relatively Low,69.24300254452926,Relatively Low,,Not Applicable,29.22286448298009,Very Low,35.75063613231552,Very Low,72.83715012722645,Relatively Low,21.946564885496183,Very Low
42133,Pennsylvania,PA,York,90.42620865139949,Relatively Moderate,92.36545682102629,Relatively Moderate,93.32061068702289,Relatively High,,Not Applicable,91.77906229929351,Relatively Moderate,87.97709923664122,Relatively Low,78.9440203562341,Relatively Low,40.966921119592875,Very Low
44001,Rhode Island,RI,Bristol,19.40203562340967,Very Low,74.17605340008345,Relatively Low,36.10050890585242,Relatively Low,65.8,Relatively Moderate,28.516377649325626,Very Low,51.04961832061069,Very Low,4.039440203562341,Very Low,3.721374045801527,Very Low
44003,Rhode Island,RI,Kent,69.43384223918575,Relatively Low,82.39465999165624,Relatively Moderate,80.88422391857506,Relatively Moderate,59.599999999999994,Relatively Low,65.89595375722543,Relatively Low,75.28625954198473,Relatively Low,41.412213740458014,Very Low,21.119592875318066,Very Low
44005,Rhode Island,RI,Newport,36.418575063613225,Very Low,80.22528160200251,Relatively Low,53.021628498727736,Relatively Low,61.4,Relatively Moderate,34.4572896596018,Very Low,57.347328244274806,Very Low,9.764631043256998,Very Low,13.676844783715012,Very Low
44007,Rhode Island,RI,Providence,93.6704834605598,Relatively Moderate,91.6979557780559,Relatively Moderate,96.5966921119593,Relatively High,56.39999999999999,Relatively Low,97.17405266538215,Relatively High,89.3765903307888,Relatively Low,74.68193384223919,Relatively Low,31.711195928753185,Very Low
44009,Rhode Island,RI,Washington,64.02671755725191,Relatively Low,82.22778473091364,Relatively Moderate,75.38167938931298,Relatively Moderate,76.2,Relatively Moderate,46.4354527938343,Relatively Low,67.27099236641222,Relatively Low,37.595419847328245,Very Low,23.059796437659035,Very Low
45001,South Carolina,SC,Abbeville,45.35623409669211,Relatively Low,64.28869420108468,Relatively Low,37.62722646310432,Relatively Low,,Not Applicable,74.82337829158638,Relatively Low,74.42748091603053,Relatively Low,36.959287531806616,Very Low,39.82188295165394,Very Low
45003,South Carolina,SC,Aiken,84.22391857506362,Relatively Moderate,90.11264080100125,Relatively Moderate,84.44656488549617,Relatively Moderate,,Not Applicable,86.92999357739242,Relatively Moderate,88.8676844783715,Relatively Low,80.91603053435115,Relatively Low,82.22010178117048,Relatively Low
45005,South Carolina,SC,Allendale,35.46437659033079,Very Low,87.52607425949103,Relatively Moderate,14.53562340966921,Very Low,,Not Applicable,73.60308285163777,Relatively Low,76.94020356234097,Relatively Low,8.237913486005088,Very Low,50.31806615776081,Very Low
45007,South Carolina,SC,Anderson,87.18193384223919,Relatively Moderate,77.97246558197747,Relatively Low,88.13613231552164,Relatively Moderate,,Not Applicable,78.42003853564547,Relatively Low,87.43638676844783,Relatively Low,59.98727735368957,Very Low,47.4236641221374,Very Low
45009,South Carolina,SC,Bamberg,46.469465648854964,Relatively Low,89.06967042136003,Relatively Moderate,20.642493638676847,Very Low,,Not Applicable,50.513808606294155,Relatively Low,79.26208651399492,Relatively Low,9.860050890585242,Very Low,55.85241730279898,Very Low
45011,South Carolina,SC,Barnwell,45.83333333333333,Relatively Low,85.31497705465165,Relatively Moderate,35.01908396946565,Relatively Low,,Not Applicable,62.074502247912655,Relatively Low,80.59796437659033,Relatively Low,19.052162849872772,Very Low,59.891857506361326,Very Low
45013,South Carolina,SC,Beaufort,97.10559796437659,Relatively High,99.45765540258657,Very High,80.78880407124683,Relatively Moderate,94.19999999999999,Relatively High,87.92549775208734,Relatively Moderate,93.60687022900763,Relatively Moderate,25.858778625954198,Very Low,90.29898218829516,Relatively Moderate
45015,South Carolina,SC,Berkeley,94.81552162849873,Relatively High,98.33124739257406,Very High,80.6615776081425,Relatively Moderate,78.60000000000001,Relatively Moderate,70.42389210019267,Relatively Low,97.74173027989822,Relatively Moderate,51.526717557251914,Very Low,89.82188295165395,Relatively Moderate
45017,South Carolina,SC,Calhoun,22.646310432569976,Very Low,81.01793909052984,Relatively Low,19.40203562340967,Very Low,,Not Applicable,41.714836223506744,Relatively Low,72.45547073791349,Relatively Low,33.42875318066158,Very Low,51.81297709923665,Very Low
45019,South Carolina,SC,Charleston,98.6323155216285,Relatively High,99.62453066332915,Very High,89.85368956743002,Relatively Moderate,99.8,Very High,82.69107257546564,Relatively Moderate,98.79134860050891,Relatively High,37.72264631043257,Very Low,93.86132315521628,Relatively Moderate
45021,South Carolina,SC,Cherokee,69.6882951653944,Relatively Low,71.00542344597413,Relatively Low,72.51908396946564,Relatively Low,,Not Applicable,51.47719974309569,Relatively Low,74.17302798982189,Relatively Low,55.88422391857506,Very Low,37.468193384223916,Very Low
45023,South Carolina,SC,Chester,43.161577608142494,Relatively Low,63.8715060492282,Relatively Low,41.69847328244275,Relatively Low,,Not Applicable,41.23314065510597,Relatively Low,71.34223918575063,Relatively Low,41.4440203562341,Very Low,45.48346055979644,Very Low
45025,South Carolina,SC,Chesterfield,73.9821882951654,Relatively Low,91.03045473508551,Relatively Moderate,65.83969465648855,Relatively Low,,Not Applicable,58.028259473346175,Relatively Low,78.05343511450383,Relatively Low,54.834605597964384,Very Low,76.74936386768448,Relatively Low
45027,South Carolina,SC,Clarendon,76.49491094147582,Relatively Low,94.20108468919483,Relatively High,50.22264631043257,Relatively Low,0.0,No Rating,83.14065510597302,Relatively Moderate,88.39058524173028,Relatively Low,22.614503816793892,Very Low,81.1704834605598,Relatively Low
45029,South Carolina,SC,Colleton,85.46437659033079,Relatively Moderate,96.37046307884856,Relatively High,56.36132315521628,Relatively Low,78.2,Relatively Moderate,74.21323057161207,Relatively Low,93.70229007633588,Relatively Moderate,19.46564885496183,Very Low,82.76081424936386,Relatively Low
45031,South Carolina,SC,Darlington,72.264631043257,Relatively Low,87.85982478097623,Relatively Moderate,64.2175572519084,Relatively Low,,Not Applicable,81.18175979447656,Relatively Moderate,86.10050890585241,Relatively Low,30.343511450381676,Very Low,73.95038167938931,Relatively Low
45033,South Carolina,SC,Dillon,84.31933842239185,Relatively Moderate,96.32874426366291,Relatively High,61.51399491094147,Relatively Low,0.0,No Rating,61.59280667951188,Relatively Low,85.43256997455471,Relatively Low,16.571246819338423,Very Low,81.26590330788804,Relatively Low
45035,South Carolina,SC,Dorchester,93.70229007633588,Relatively Moderate,97.87234042553192,Relatively High,78.65776081424937,Relatively Moderate,59.199999999999996,Relatively Low,69.20359666024406,Relatively Low,97.93256997455471,Relatively Moderate,13.994910941475828,Very Low,79.03944020356234,Relatively Low
45037,South Carolina,SC,Edgefield,21.978371501272264,Very Low,69.83729662077597,Relatively Low,31.265903307888042,Very Low,,Not Applicable,44.28387925497752,Relatively Low,68.09796437659033,Relatively Low,34.35114503816794,Very Low,57.88804071246819,Very Low
45039,South Carolina,SC,Fairfield,40.80788804071247,Very Low,75.30246141009596,Relatively Low,42.589058524173026,Relatively Low,,Not Applicable,69.33204881181759,Relatively Low,69.529262086514,Relatively Low,54.51653944020356,Very Low,45.896946564885496,Very Low
45041,South Carolina,SC,Florence,89.56743002544529,Relatively Moderate,95.99499374217773,Relatively High,82.56997455470739,Relatively Moderate,0.0,No Rating,92.0359666024406,Relatively Moderate,92.84351145038168,Relatively Moderate,39.153944020356235,Very Low,86.45038167938931,Relatively Low
45043,South Carolina,SC,Georgetown,92.49363867684478,Relatively Moderate,98.28952857738841,Very High,76.14503816793892,Relatively Moderate,86.4,Relatively High,80.8606294155427,Relatively Moderate,91.41221374045801,Relatively Moderate,13.676844783715012,Very Low,91.34860050890585,Relatively Moderate
45045,South Carolina,SC,Greenville,93.95674300254453,Relatively Moderate,83.02044221944097,Relatively Moderate,96.02417302798982,Relatively High,,Not Applicable,83.33333333333334,Relatively Moderate,92.77989821882952,Relatively Moderate,79.19847328244275,Relatively Low,55.089058524173026,Very Low
45047,South Carolina,SC,Greenwood,72.74173027989822,Relatively Low,75.59449311639548,Relatively Low,66.22137404580153,Relatively Low,,Not Applicable,70.8092485549133,Relatively Low,84.00127226463104,Relatively Low,36.45038167938932,Very Low,54.35750636132316,Very Low
45049,South Carolina,SC,Hampton,64.79007633587787,Relatively Low,92.99123904881101,Relatively Moderate,34.66921119592875,Very Low,24.2,Very Low,75.626204238921,Relatively Low,82.8880407124682,Relatively Low,8.778625954198473,Very Low,71.43765903307889,Relatively Low
45051,South Carolina,SC,Horry,98.18702290076335,Relatively High,99.58281184814352,Very High,92.01653944020356,Relatively Moderate,87.6,Relatively High,94.99036608863199,Relatively Moderate,95.92875318066157,Relatively Moderate,40.48982188295165,Very Low,89.8854961832061,Relatively Moderate
45053,South Carolina,SC,Jasper,78.5941475826972,Relatively Low,96.20358781810596,Relatively High,34.82824427480916,Very Low,59.0,Relatively Low,71.54784842646114,Relatively Low,82.66539440203562,Relatively Low,6.902035623409669,Very Low,76.7175572519084,Relatively Low
45055,South Carolina,SC,Kershaw,66.66666666666666,Relatively Low,86.06591572799333,Relatively Moderate,64.40839694656488,Relatively Low,,Not Applicable,76.94283879254978,Relatively Low,82.28371501272265,Relatively Low,59.796437659033074,Very Low,69.6882951653944,Relatively Low
45057,South Carolina,SC,Lancaster,79.42111959287533,Relatively Low,74.96871088861077,Relatively Low,81.3295165394402,Relatively Moderate,,Not Applicable,57.7713551701991,Relatively Low,81.96564885496184,Relatively Low,52.35368956743003,Very Low,45.10178117048346,Very Low
45059,South Carolina,SC,Laurens,76.20865139949109,Relatively Low,76.76261994159366,Relatively Low,71.94656488549617,Relatively Low,,Not Applicable,73.63519588953115,Relatively Low,81.90203562340967,Relatively Low,51.30407124681934,Very Low,49.07760814249364,Very Low
45061,South Carolina,SC,Lee,35.973282442748086,Very Low,85.23153942428036,Relatively Moderate,19.43384223918575,Very Low,,Not Applicable,46.72447013487476,Relatively Low,72.20101781170484,Relatively Low,12.53180661577608,Very Low,57.410941475826974,Very Low
45063,South Carolina,SC,Lexington,90.9033078880407,Relatively Moderate,92.07342511472673,Relatively Moderate,90.55343511450383,Relatively Moderate,,Not Applicable,92.29287090558766,Relatively Moderate,91.4440203562341,Relatively Moderate,75.63613231552164,Relatively Low,75.25445292620864,Relatively Low
45065,South Carolina,SC,McCormick,9.541984732824428,Very Low,62.3279098873592,Relatively Low,16.793893129770993,Very Low,,Not Applicable,33.975594091201025,Very Low,51.335877862595424,Very Low,32.474554707379134,Very Low,34.764631043257,Very Low
45067,South Carolina,SC,Marion,80.69338422391857,Relatively Low,94.78514810179391,Relatively High,55.50254452926209,Relatively Low,17.2,Very Low,67.27681438664096,Relatively Low,80.02544529262087,Relatively Low,13.326972010178118,Very Low,68.54325699745547,Relatively Low
45069,South Carolina,SC,Marlboro,57.474554707379134,Relatively Low,88.23529411764706,Relatively Moderate,40.99872773536896,Relatively Low,,Not Applicable,63.35902376364804,Relatively Low,72.74173027989822,Relatively Low,18.384223918575064,Very Low,73.66412213740458,Relatively Low
45071,South Carolina,SC,Newberry,61.99109414758269,Relatively Low,80.18356278681685,Relatively Low,62.88167938931297,Relatively Low,,Not Applicable,56.87219010918433,Relatively Low,82.3473282442748,Relatively Low,38.8676844783715,Very Low,53.912213740458014,Very Low
45073,South Carolina,SC,Oconee,85.6234096692112,Relatively Moderate,72.75761368377138,Relatively Low,81.13867684478372,Relatively Moderate,,Not Applicable,65.51059730250482,Relatively Low,80.21628498727735,Relatively Low,85.46437659033079,Relatively Low,63.39058524173028,Very Low
45075,South Carolina,SC,Orangeburg,87.72264631043257,Relatively Moderate,95.32749269920734,Relatively High,75.76335877862596,Relatively Moderate,,Not Applicable,81.56711624919717,Relatively Moderate,95.61068702290076,Relatively Moderate,47.041984732824424,Very Low,79.93002544529261,Relatively Low
45077,South Carolina,SC,Pickens,77.60814249363868,Relatively Low,70.67167292448895,Relatively Low,84.03307888040712,Relatively Moderate,,Not Applicable,60.66152858060373,Relatively Low,83.14249363867684,Relatively Low,79.51653944020356,Relatively Low,50.858778625954194,Very Low
45079,South Carolina,SC,Richland,93.09796437659033,Relatively Moderate,94.36795994993741,Relatively High,94.56106870229007,Relatively High,,Not Applicable,94.70134874759152,Relatively Moderate,93.79770992366412,Relatively Moderate,84.95547073791349,Relatively Low,69.65648854961832,Relatively Low
45081,South Carolina,SC,Saluda,40.13994910941476,Very Low,75.67793074676679,Relatively Low,46.596692111959285,Relatively Low,,Not Applicable,44.92614001284522,Relatively Low,66.79389312977099,Relatively Low,10.90966921119593,Very Low,52.29007633587786,Very Low
45083,South Carolina,SC,Spartanburg,90.64885496183206,Relatively Moderate,81.22653316645807,Relatively Low,92.71628498727735,Relatively Moderate,,Not Applicable,80.31470777135516,Relatively Moderate,91.63486005089058,Relatively Moderate,67.93893129770993,Relatively Low,59.44656488549618,Very Low
45085,South Carolina,SC,Sumter,81.74300254452926,Relatively Moderate,91.90654985398415,Relatively Moderate,76.27226463104326,Relatively Moderate,,Not Applicable,80.53949903660886,Relatively Moderate,91.0941475826972,Relatively Moderate,40.13994910941476,Very Low,78.97582697201018,Relatively Low
45087,South Carolina,SC,Union,58.206106870229014,Relatively Low,71.13057989153107,Relatively Low,53.40330788804071,Relatively Low,,Not Applicable,70.61657032755299,Relatively Low,74.07760814249363,Relatively Low,58.42875318066157,Very Low,53.46692111959288,Very Low
45089,South Carolina,SC,Williamsburg,82.06106870229007,Relatively Moderate,95.16061743846474,Relatively High,59.796437659033074,Relatively Low,23.0,Very Low,75.75465639049455,Relatively Low,91.79389312977099,Relatively Moderate,20.006361323155218,Very Low,87.24554707379136,Relatively Low
45091,South Carolina,SC,York,88.67684478371501,Relatively Moderate,75.51105548602419,Relatively Low,90.17175572519083,Relatively Moderate,,Not Applicable,75.40141297366732,Relatively Low,85.17811704834605,Relatively Low,68.4796437659033,Relatively Low,63.70865139949109,Relatively Low
46003,South Dakota,SD,Aurora,19.59287531806616,Very Low,,Not Applicable,12.977099236641221,Very Low,,Not Applicable,8.734746307000641,Very Low,17.14376590330789,Very Low,14.31297709923664,Very Low,65.39440203562341,Relatively Low
46005,South Dakota,SD,Beadle,47.13740458015267,Relatively Low,,Not Applicable,45.61068702290076,Relatively Low,,Not Applicable,45.18304431599229,Relatively Low,26.33587786259542,Very Low,25.763358778625957,Very Low,74.74554707379136,Relatively Low
46007,South Dakota,SD,Bennett,5.916030534351145,Very Low,,Not Applicable,4.293893129770993,Very Low,,Not Applicable,15.639049454078355,Very Low,17.62086513994911,Very Low,19.1793893129771,Very Low,87.11832061068702,Relatively Low
46009,South Dakota,SD,Bon Homme,10.846055979643767,Very Low,,Not Applicable,8.874045801526718,Very Low,,Not Applicable,23.185613359023762,Very Low,13.64503816793893,Very Low,35.655216284987276,Very Low,53.49872773536896,Very Low
46011,South Dakota,SD,Brookings,50.06361323155216,Relatively Low,,Not Applicable,48.44147582697201,Relatively Low,,Not Applicable,40.36608863198459,Relatively Low,23.091603053435115,Very Low,29.325699745547073,Very Low,64.24936386768448,Relatively Low
46013,South Dakota,SD,Brown,73.53689567430025,Relatively Low,,Not Applicable,63.07251908396947,Relatively Low,,Not Applicable,48.715478484264615,Relatively Low,27.83078880407125,Very Low,44.43384223918575,Very Low,77.06743002544529,Relatively Low
46015,South Dakota,SD,Brule,58.71501272264631,Relatively Low,,Not Applicable,28.56234096692112,Very Low,,Not Applicable,14.675658317276815,Very Low,19.561068702290076,Very Low,11.704834605597965,Very Low,73.6323155216285,Relatively Low
46017,South Dakota,SD,Buffalo,13.740458015267176,Very Low,,Not Applicable,10.846055979643767,Very Low,,Not Applicable,15.25369299935774,Very Low,12.913486005089059,Very Low,5.979643765903308,Very Low,76.3676844783715,Relatively Low
46019,South Dakota,SD,Butte,23.25063613231552,Very Low,,Not Applicable,33.42875318066158,Very Low,,Not Applicable,13.55170199100835,Very Low,28.27608142493639,Very Low,32.91984732824427,Very Low,86.89567430025446,Relatively Low
46021,South Dakota,SD,Campbell,4.389312977099237,Very Low,,Not Applicable,8.651399491094146,Very Low,,Not Applicable,6.229929351316635,Very Low,4.230279898218829,Very Low,3.689567430025445,Very Low,77.51272264631042,Relatively Low
46023,South Dakota,SD,Charles Mix,48.536895674300254,Relatively Low,,Not Applicable,40.458015267175576,Relatively Low,,Not Applicable,26.846499678869623,Very Low,27.735368956743002,Very Low,17.239185750636132,Very Low,76.94020356234097,Relatively Low
46025,South Dakota,SD,Clark,4.548346055979644,Very Low,,Not Applicable,5.407124681933842,Very Low,,Not Applicable,16.313423249839435,Very Low,4.071246819338422,Very Low,20.769720101781168,Very Low,51.30407124681934,Very Low
46027,South Dakota,SD,Clay,20.451653944020357,Very Low,,Not Applicable,28.65776081424936,Very Low,,Not Applicable,30.089916506101478,Very Low,13.263358778625955,Very Low,31.99745547073791,Very Low,41.69847328244275,Very Low
46029,South Dakota,SD,Codington,61.768447837150134,Relatively Low,,Not Applicable,65.20356234096693,Relatively Low,,Not Applicable,38.47141939627489,Very Low,21.660305343511453,Very Low,24.71374045801527,Very Low,71.02417302798982,Relatively Low
46031,South Dakota,SD,Corson,38.104325699745544,Very Low,,Not Applicable,16.0941475826972,Very Low,,Not Applicable,17.82273603082852,Very Low,7.410941475826973,Very Low,21.62849872773537,Very Low,77.25826972010178,Relatively Low
46033,South Dakota,SD,Custer,16.348600508905854,Very Low,,Not Applicable,19.306615776081426,Very Low,,Not Applicable,5.105973025048169,Very Low,25.095419847328245,Very Low,52.09923664122137,Very Low,94.24300254452926,Relatively Moderate
46035,South Dakota,SD,Davison,39.24936386768448,Very Low,,Not Applicable,35.909669211195926,Relatively Low,,Not Applicable,25.46563904945408,Very Low,28.435114503816795,Very Low,27.19465648854962,Very Low,68.38422391857506,Relatively Low
46037,South Dakota,SD,Day,27.639949109414758,Very Low,,Not Applicable,19.974554707379134,Very Low,,Not Applicable,23.21772639691715,Very Low,14.662849872773537,Very Low,42.08015267175573,Very Low,77.86259541984732,Relatively Low
46039,South Dakota,SD,Deuel,6.870229007633588,Very Low,,Not Applicable,9.287531806615776,Very Low,,Not Applicable,30.667951188182403,Very Low,6.26590330788804,Very Low,33.17430025445292,Very Low,69.94274809160305,Relatively Low
46041,South Dakota,SD,Dewey,78.72137404580153,Relatively Low,,Not Applicable,17.36641221374046,Very Low,,Not Applicable,23.346178548490688,Very Low,12.181933842239186,Very Low,31.93384223918575,Very Low,82.98346055979644,Relatively Low
46043,South Dakota,SD,Douglas,10.400763358778626,Very Low,,Not Applicable,10.464376590330788,Very Low,,Not Applicable,11.817597944765575,Very Low,19.974554707379134,Very Low,8.68320610687023,Very Low,53.848600508905854,Very Low
46045,South Dakota,SD,Edmunds,6.965648854961833,Very Low,,Not Applicable,8.015267175572518,Very Low,,Not Applicable,12.299293513166345,Very Low,11.60941475826972,Very Low,3.466921119592875,Very Low,69.17938931297711,Relatively Low
46047,South Dakota,SD,Fall River,30.916030534351147,Very Low,,Not Applicable,41.539440203562336,Relatively Low,,Not Applicable,13.423249839434812,Very Low,35.146310432569976,Very Low,58.524173027989825,Very Low,93.76590330788804,Relatively Moderate
46049,South Dakota,SD,Faulk,7.951653944020356,Very Low,,Not Applicable,6.838422391857506,Very Low,,Not Applicable,15.606936416184972,Very Low,10.559796437659033,Very Low,2.290076335877862,Very Low,67.52544529262087,Relatively Low
46051,South Dakota,SD,Grant,18.893129770992367,Very Low,,Not Applicable,17.334605597964376,Very Low,,Not Applicable,30.86062941554271,Very Low,6.329516539440204,Very Low,36.32315521628499,Very Low,54.61195928753181,Very Low
46053,South Dakota,SD,Gregory,16.157760814249365,Very Low,,Not Applicable,15.426208651399492,Very Low,,Not Applicable,9.344894026974952,Very Low,15.489821882951654,Very Low,20.865139949109416,Very Low,70.00636132315522,Relatively Low
46055,South Dakota,SD,Haakon,9.732824427480915,Very Low,,Not Applicable,21.978371501272264,Very Low,,Not Applicable,11.913937058445729,Very Low,7.665394402035624,Very Low,27.608142493638677,Very Low,68.51145038167938,Relatively Low
46057,South Dakota,SD,Hamlin,9.987277353689567,Very Low,,Not Applicable,16.030534351145036,Very Low,,Not Applicable,26.685934489402698,Very Low,8.269720101781171,Very Low,18.638676844783713,Very Low,47.391857506361326,Very Low
46059,South Dakota,SD,Hand,6.456743002544529,Very Low,,Not Applicable,6.202290076335878,Very Low,,Not Applicable,14.611432241490045,Very Low,8.651399491094146,Very Low,4.166666666666666,Very Low,77.48091603053436,Relatively Low
46061,South Dakota,SD,Hanson,14.821882951653945,Very Low,,Not Applicable,15.044529262086515,Very Low,,Not Applicable,16.056518946692357,Very Low,13.19974554707379,Very Low,41.12595419847328,Very Low,54.834605597964384,Very Low
46063,South Dakota,SD,Harding,1.494910941475827,Very Low,,Not Applicable,3.466921119592875,Very Low,,Not Applicable,3.468208092485549,Very Low,5.820610687022901,Very Low,19.24300254452926,Very Low,82.60178117048346,Relatively Low
46065,South Dakota,SD,Hughes,16.475826972010175,Very Low,,Not Applicable,32.63358778625955,Very Low,,Not Applicable,30.956968529222866,Very Low,15.903307888040713,Very Low,19.083969465648856,Very Low,77.00381679389314,Relatively Low
46067,South Dakota,SD,Hutchinson,47.93256997455471,Relatively Low,,Not Applicable,35.24173027989822,Relatively Low,,Not Applicable,24.53436095054592,Very Low,25.858778625954198,Very Low,37.02290076335878,Very Low,68.95674300254453,Relatively Low
46069,South Dakota,SD,Hyde,6.488549618320611,Very Low,,Not Applicable,11.450381679389313,Very Low,,Not Applicable,10.75786769428388,Very Low,9.064885496183205,Very Low,1.844783715012722,Very Low,83.7150127226463,Relatively Low
46071,South Dakota,SD,Jackson,10.178117048346055,Very Low,,Not Applicable,13.64503816793893,Very Low,,Not Applicable,20.199100834938985,Very Low,19.49745547073791,Very Low,30.53435114503817,Very Low,85.52798982188295,Relatively Low
46073,South Dakota,SD,Jerauld,9.510178117048346,Very Low,,Not Applicable,8.365139949109416,Very Low,,Not Applicable,7.578676942838793,Very Low,9.955470737913485,Very Low,30.279898218829516,Very Low,72.70992366412213,Relatively Low
46075,South Dakota,SD,Jones,1.33587786259542,Very Low,,Not Applicable,4.89821882951654,Very Low,,Not Applicable,6.294155427103404,Very Low,9.351145038167939,Very Low,11.068702290076336,Very Low,70.73791348600508,Relatively Low
46077,South Dakota,SD,Kingsbury,7.856234096692112,Very Low,,Not Applicable,9.446564885496183,Very Low,,Not Applicable,21.93320488118176,Very Low,12.086513994910941,Very Low,13.708651399491096,Very Low,54.70737913486005,Very Low
46079,South Dakota,SD,Lake,32.63358778625955,Very Low,,Not Applicable,34.096692111959285,Very Low,,Not Applicable,38.56775850995504,Very Low,21.533078880407125,Very Low,27.86259541984733,Very Low,53.88040712468194,Very Low
46081,South Dakota,SD,Lawrence,49.26844783715013,Relatively Low,,Not Applicable,57.12468193384224,Relatively Low,,Not Applicable,16.923570969813746,Very Low,38.13613231552163,Very Low,63.899491094147585,Relatively Low,93.22519083969466,Relatively Moderate
46083,South Dakota,SD,Lincoln,62.97709923664122,Relatively Low,,Not Applicable,56.61577608142494,Relatively Low,,Not Applicable,42.806679511881825,Relatively Low,24.71374045801527,Very Low,34.70101781170484,Very Low,65.10814249363868,Relatively Low
46085,South Dakota,SD,Lyman,26.463104325699742,Very Low,,Not Applicable,29.134860050890588,Very Low,,Not Applicable,22.671804752729606,Very Low,13.58142493638677,Very Low,22.07379134860051,Very Low,69.529262086514,Relatively Low
46087,South Dakota,SD,McCook,43.44783715012723,Relatively Low,,Not Applicable,58.36513994910941,Relatively Low,,Not Applicable,19.556840077071293,Very Low,20.10178117048346,Very Low,27.735368956743002,Very Low,62.30916030534351,Very Low
46089,South Dakota,SD,McPherson,11.132315521628499,Very Low,,Not Applicable,7.983460559796438,Very Low,,Not Applicable,12.620423892100193,Very Low,8.0470737913486,Very Low,2.735368956743003,Very Low,70.35623409669212,Relatively Low
46091,South Dakota,SD,Marshall,14.472010178117047,Very Low,,Not Applicable,10.368956743002544,Very Low,,Not Applicable,16.377649325626205,Very Low,8.078880407124682,Very Low,48.60050890585242,Very Low,76.62213740458014,Relatively Low
46093,South Dakota,SD,Meade,49.459287531806616,Relatively Low,,Not Applicable,51.94020356234097,Relatively Low,,Not Applicable,24.084778420038536,Very Low,37.88167938931298,Very Low,61.60941475826972,Very Low,96.02417302798982,Relatively Moderate
46095,South Dakota,SD,Mellette,5.152671755725191,Very Low,,Not Applicable,8.110687022900763,Very Low,,Not Applicable,15.06101477199743,Very Low,15.935114503816795,Very Low,23.155216284987276,Very Low,83.20610687022901,Relatively Low
46097,South Dakota,SD,Miner,3.435114503816794,Very Low,,Not Applicable,4.166666666666666,Very Low,,Not Applicable,11.881824020552344,Very Low,9.79643765903308,Very Low,8.842239185750635,Very Low,40.26717557251908,Very Low
46099,South Dakota,SD,Minnehaha,89.53562340966921,Relatively Moderate,,Not Applicable,85.49618320610686,Relatively Moderate,,Not Applicable,87.21901091843289,Relatively Moderate,37.150127226463106,Very Low,52.19465648854962,Very Low,71.31043256997455,Relatively Low
46101,South Dakota,SD,Moody,26.94020356234097,Very Low,,Not Applicable,26.14503816793893,Very Low,,Not Applicable,34.55362877328195,Very Low,12.5,Very Low,23.791348600508904,Very Low,54.039440203562336,Very Low
46102,South Dakota,SD,Oglala Lakota,49.840966921119595,Relatively Low,,Not Applicable,19.020356234096692,Very Low,,Not Applicable,33.108542068079636,Very Low,25.44529262086514,Very Low,61.164122137404576,Very Low,96.88295165394402,Relatively Moderate
46103,South Dakota,SD,Pennington,78.56234096692111,Relatively Low,,Not Applicable,75.63613231552164,Relatively Moderate,,Not Applicable,59.63391136801541,Relatively Low,56.902035623409674,Very Low,84.82824427480917,Relatively Low,97.20101781170484,Relatively Moderate
46105,South Dakota,SD,Perkins,2.608142493638677,Very Low,,Not Applicable,4.739185750636132,Very Low,,Not Applicable,6.486833654463712,Very Low,5.947837150127226,Very Low,16.412213740458014,Very Low,68.79770992366412,Relatively Low
46107,South Dakota,SD,Potter,10.01908396946565,Very Low,,Not Applicable,14.631043256997456,Very Low,,Not Applicable,10.886319845857418,Very Low,8.174300254452927,Very Low,4.357506361323155,Very Low,56.61577608142494,Very Low
46109,South Dakota,SD,Roberts,37.786259541984734,Very Low,,Not Applicable,38.040712468193384,Relatively Low,,Not Applicable,37.154784842646116,Very Low,8.810432569974555,Very Low,58.11068702290076,Very Low,74.04580152671755,Relatively Low
46111,South Dakota,SD,Sanborn,3.562340966921119,Very Low,,Not Applicable,6.23409669211196,Very Low,,Not Applicable,12.94155427103404,Very Low,12.150127226463106,Very Low,17.65267175572519,Very Low,66.98473282442748,Relatively Low
46115,South Dakota,SD,Spink,17.65267175572519,Very Low,,Not Applicable,25.318066157760814,Very Low,,Not Applicable,21.901091843288377,Very Low,15.966921119592875,Very Low,26.11323155216285,Very Low,66.53944020356234,Relatively Low
46117,South Dakota,SD,Stanley,5.057251908396947,Very Low,,Not Applicable,20.0381679389313,Very Low,,Not Applicable,12.26718047527296,Very Low,4.007633587786259,Very Low,29.834605597964376,Very Low,60.49618320610687,Very Low
46119,South Dakota,SD,Sully,6.329516539440204,Very Low,,Not Applicable,14.122137404580155,Very Low,,Not Applicable,7.450224791265253,Very Low,6.774809160305344,Very Low,6.965648854961833,Very Low,70.57888040712467,Relatively Low
46121,South Dakota,SD,Todd,36.60941475826972,Very Low,,Not Applicable,28.30788804071247,Very Low,,Not Applicable,33.94348105330764,Very Low,24.36386768447837,Very Low,28.403307888040715,Very Low,94.08396946564885,Relatively Moderate
46123,South Dakota,SD,Tripp,36.45038167938932,Very Low,,Not Applicable,37.11832061068702,Relatively Low,,Not Applicable,24.59858702633269,Very Low,23.18702290076336,Very Low,15.394402035623408,Very Low,79.1030534351145,Relatively Low
46125,South Dakota,SD,Turner,23.982188295165393,Very Low,,Not Applicable,26.74936386768448,Very Low,,Not Applicable,19.29993577392421,Very Low,16.125954198473284,Very Low,27.32188295165394,Very Low,45.960559796437664,Very Low
46127,South Dakota,SD,Union,37.11832061068702,Very Low,,Not Applicable,47.487277353689564,Relatively Low,,Not Applicable,33.84714193962749,Very Low,16.603053435114504,Very Low,35.846055979643765,Very Low,77.57633587786259,Relatively Low
46129,South Dakota,SD,Walworth,39.50381679389313,Very Low,,Not Applicable,34.764631043257,Very Low,,Not Applicable,18.432883750802826,Very Low,6.965648854961833,Very Low,4.230279898218829,Very Low,80.69338422391857,Relatively Low
46135,South Dakota,SD,Yankton,63.358778625954194,Relatively Low,,Not Applicable,57.25190839694656,Relatively Low,,Not Applicable,63.42324983943482,Relatively Low,29.325699745547073,Very Low,68.76590330788804,Relatively Low,75.60432569974554,Relatively Low
46137,South Dakota,SD,Ziebach,25.190839694656486,Very Low,,Not Applicable,8.93765903307888,Very Low,,Not Applicable,15.382145150931278,Very Low,10.432569974554708,Very Low,23.18702290076336,Very Low,76.55852417302799,Relatively Low
47001,Tennessee,TN,Anderson,73.18702290076335,Relatively Low,48.64413850646642,Very Low,77.70356234096693,Relatively Moderate,,Not Applicable,33.33333333333333,Very Low,87.78625954198473,Relatively Low,92.20737913486005,Relatively Moderate,54.26208651399491,Very Low
47003,Tennessee,TN,Bedford,69.24300254452926,Relatively Low,55.02711722987067,Very Low,70.22900763358778,Relatively Low,,Not Applicable,48.04110468850353,Relatively Low,83.01526717557252,Relatively Low,28.5941475826972,Very Low,18.98854961832061,Very Low
47005,Tennessee,TN,Benton,39.05852417302799,Very Low,40.46725073007927,Very Low,20.197201017811707,Very Low,,Not Applicable,50.06422607578676,Relatively Low,88.42239185750637,Relatively Low,77.70356234096693,Relatively Low,15.839694656488549,Very Low
47007,Tennessee,TN,Bledsoe,24.141221374045802,Very Low,35.294117647058826,Very Low,27.86259541984733,Very Low,,Not Applicable,16.249197174052664,Very Low,60.24173027989822,Relatively Low,74.77735368956743,Relatively Low,56.99745547073791,Very Low
47009,Tennessee,TN,Blount,74.17302798982189,Relatively Low,55.56946182728411,Very Low,74.01399491094148,Relatively Moderate,,Not Applicable,42.26075786769428,Relatively Low,93.09796437659033,Relatively Moderate,96.4058524173028,Relatively Moderate,69.43384223918575,Relatively Low
47011,Tennessee,TN,Bradley,73.40966921119593,Relatively Low,55.778055903212355,Very Low,69.05216284987277,Relatively Low,,Not Applicable,46.33911368015414,Relatively Low,91.85750636132316,Relatively Moderate,82.5381679389313,Relatively Low,47.20101781170484,Very Low
47013,Tennessee,TN,Campbell,58.01526717557252,Relatively Low,43.30413016270338,Very Low,65.71246819338423,Relatively Low,,Not Applicable,8.477842003853564,Very Low,77.09923664122137,Relatively Low,93.70229007633588,Relatively Moderate,78.88040712468194,Relatively Low
47015,Tennessee,TN,Cannon,22.900763358778626,Very Low,27.200667501042968,Very Low,39.47201017811705,Relatively Low,,Not Applicable,20.488118175979448,Very Low,53.05343511450382,Very Low,44.529262086513995,Very Low,4.166666666666666,Very Low
47017,Tennessee,TN,Carroll,72.80534351145039,Relatively Low,52.3988318731748,Very Low,27.2264631043257,Very Low,,Not Applicable,82.46628131021194,Relatively Moderate,94.40203562340967,Relatively Moderate,70.80152671755725,Relatively Low,20.197201017811707,Very Low
47019,Tennessee,TN,Carter,63.167938931297705,Relatively Low,51.981643721318314,Very Low,77.3854961832061,Relatively Moderate,,Not Applicable,13.712267180475274,Very Low,70.57888040712467,Relatively Low,91.85750636132316,Relatively Moderate,60.782442748091604,Very Low
47021,Tennessee,TN,Cheatham,46.278625954198475,Relatively Low,17.521902377972467,Very Low,54.48473282442748,Relatively Low,,Not Applicable,45.92164418754014,Relatively Low,79.80279898218829,Relatively Low,59.605597964376585,Very Low,14.790076335877863,Very Low
47023,Tennessee,TN,Chester,44.49745547073791,Relatively Low,47.64288694201085,Very Low,21.787531806615775,Very Low,,Not Applicable,55.49132947976878,Relatively Low,90.10814249363868,Relatively Low,62.213740458015266,Very Low,14.53562340966921,Very Low
47025,Tennessee,TN,Claiborne,42.8117048346056,Relatively Low,43.42928660826033,Very Low,51.717557251908396,Relatively Low,,Not Applicable,9.762363519588952,Very Low,72.58269720101781,Relatively Low,94.49745547073792,Relatively Moderate,81.36132315521628,Relatively Low
47027,Tennessee,TN,Clay,13.295165394402037,Very Low,35.41927409261577,Very Low,27.671755725190838,Very Low,,Not Applicable,17.18047527296082,Very Low,44.179389312977094,Very Low,61.35496183206107,Very Low,4.071246819338422,Very Low
47029,Tennessee,TN,Cocke,54.51653944020356,Relatively Low,36.2119315811431,Very Low,68.4796437659033,Relatively Low,,Not Applicable,18.143866409762364,Very Low,76.90839694656488,Relatively Low,95.06997455470739,Relatively Moderate,61.768447837150134,Very Low
47031,Tennessee,TN,Coffee,63.51781170483461,Relatively Low,51.89820609094702,Very Low,55.97964376590331,Relatively Low,,Not Applicable,36.92999357739242,Very Low,87.37277353689568,Relatively Low,23.918575063613233,Very Low,11.545801526717558,Very Low
47033,Tennessee,TN,Crockett,52.57633587786259,Relatively Low,47.14226115978306,Very Low,14.058524173027989,Very Low,,Not Applicable,59.087989723827874,Relatively Low,93.6704834605598,Relatively Moderate,27.83078880407125,Very Low,7.792620865139948,Very Low
47035,Tennessee,TN,Cumberland,67.23918575063614,Relatively Low,51.43929912390488,Very Low,58.42875318066157,Relatively Low,,Not Applicable,0.0,No Rating,85.36895674300254,Relatively Low,81.45674300254453,Relatively Low,72.55089058524173,Relatively Low
47037,Tennessee,TN,Davidson,97.16921119592875,Relatively High,53.650396328744264,Very Low,98.18702290076335,Relatively High,,Not Applicable,95.43994861913937,Relatively Moderate,98.21882951653944,Relatively High,69.30661577608143,Relatively Low,57.50636132315522,Very Low
47039,Tennessee,TN,Decatur,38.42239185750636,Very Low,47.017104714226114,Very Low,33.524173027989825,Very Low,,Not Applicable,52.85806037251124,Relatively Low,83.36513994910942,Relatively Low,46.88295165394402,Very Low,13.263358778625955,Very Low
47041,Tennessee,TN,DeKalb,25.47709923664122,Very Low,47.72632457238215,Very Low,34.51017811704835,Very Low,,Not Applicable,24.373795761079,Very Low,69.0203562340967,Relatively Low,57.1882951653944,Very Low,7.665394402035624,Very Low
47043,Tennessee,TN,Dickson,53.46692111959288,Relatively Low,22.82019190654985,Very Low,44.592875318066156,Relatively Low,,Not Applicable,56.61528580603725,Relatively Low,89.09033078880407,Relatively Low,61.41857506361323,Very Low,20.515267175572518,Very Low
47045,Tennessee,TN,Dyer,86.57760814249363,Relatively Moderate,51.56445556946183,Very Low,37.849872773536894,Relatively Low,,Not Applicable,83.75080282594733,Relatively Moderate,97.6145038167939,Relatively Moderate,71.18320610687023,Relatively Low,24.61832061068702,Very Low
47047,Tennessee,TN,Fayette,75.95419847328245,Relatively Low,50.187734668335416,Very Low,51.590330788804074,Relatively Low,,Not Applicable,82.5626204238921,Relatively Moderate,95.26081424936386,Relatively Moderate,68.63867684478372,Relatively Low,61.41857506361323,Very Low
47049,Tennessee,TN,Fentress,28.435114503816795,Very Low,46.39132248644138,Very Low,21.342239185750635,Very Low,,Not Applicable,5.427103403982017,Very Low,60.20992366412214,Relatively Low,82.22010178117048,Relatively Low,68.4796437659033,Relatively Low
47051,Tennessee,TN,Franklin,57.50636132315522,Relatively Low,47.476011681268254,Very Low,58.269720101781175,Relatively Low,,Not Applicable,39.820166987797045,Relatively Low,80.78880407124683,Relatively Low,32.44274809160305,Very Low,17.270992366412212,Very Low
47053,Tennessee,TN,Gibson,85.94147582697201,Relatively Moderate,54.31789737171464,Very Low,52.894402035623415,Relatively Low,,Not Applicable,82.62684649967888,Relatively Moderate,97.10559796437659,Relatively Moderate,61.036895674300254,Very Low,18.543256997455472,Very Low
47055,Tennessee,TN,Giles,60.94147582697202,Relatively Low,56.73758865248227,Very Low,60.846055979643765,Relatively Low,,Not Applicable,44.99036608863199,Relatively Low,76.59033078880407,Relatively Low,57.220101781170484,Very Low,19.751908396946565,Very Low
47057,Tennessee,TN,Grainger,18.606870229007633,Very Low,24.94785148101794,Very Low,33.5559796437659,Very Low,,Not Applicable,14.290301862556198,Very Low,67.55725190839695,Relatively Low,89.7264631043257,Relatively Moderate,48.69592875318066,Very Low
47059,Tennessee,TN,Greene,56.297709923664115,Relatively Low,48.51898206090947,Very Low,63.54961832061069,Relatively Low,,Not Applicable,14.996788696210661,Very Low,84.22391857506362,Relatively Low,92.6526717557252,Relatively Moderate,45.038167938931295,Very Low
47061,Tennessee,TN,Grundy,34.25572519083969,Very Low,45.26491447642887,Very Low,29.389312977099237,Very Low,,Not Applicable,5.748233782915864,Very Low,64.24936386768448,Relatively Low,63.26335877862596,Relatively Low,56.13867684478372,Very Low
47063,Tennessee,TN,Hamblen,47.105597964376585,Relatively Low,39.92490613266583,Very Low,54.61195928753181,Relatively Low,,Not Applicable,22.992935131663454,Very Low,85.94147582697201,Relatively Low,83.52417302798982,Relatively Low,40.20356234096692,Very Low
47065,Tennessee,TN,Hamilton,93.28880407124683,Relatively Moderate,62.53650396328744,Relatively Low,94.91094147582697,Relatively High,,Not Applicable,75.59409120102761,Relatively Low,95.67430025445293,Relatively Moderate,95.19720101781171,Relatively Moderate,70.64249363867684,Relatively Low
47067,Tennessee,TN,Hancock,11.927480916030534,Very Low,26.032540675844807,Very Low,32.729007633587784,Very Low,,Not Applicable,4.046242774566474,Very Low,43.98854961832061,Very Low,91.03053435114504,Relatively Moderate,48.791348600508904,Very Low
47069,Tennessee,TN,Hardeman,63.00890585241731,Relatively Low,58.69837296620776,Relatively Low,30.343511450381676,Very Low,,Not Applicable,73.21772639691714,Relatively Low,93.35241730279898,Relatively Moderate,78.81679389312977,Relatively Low,34.9236641221374,Very Low
47071,Tennessee,TN,Hardin,70.70610687022901,Relatively Low,58.86524822695035,Relatively Low,54.38931297709924,Relatively Low,,Not Applicable,71.2267180475273,Relatively Low,90.33078880407125,Relatively Moderate,98.6323155216285,Relatively High,28.944020356234095,Very Low
47073,Tennessee,TN,Hawkins,55.75699745547074,Relatively Low,38.214434710054235,Very Low,64.66284987277355,Relatively Low,,Not Applicable,12.588310854206808,Very Low,74.20483460559797,Relatively Low,99.52290076335878,Relatively High,50.731552162849866,Very Low
47075,Tennessee,TN,Haywood,64.69465648854961,Relatively Low,56.61243220692532,Very Low,24.87277353689567,Very Low,,Not Applicable,69.55684007707129,Relatively Low,94.94274809160305,Relatively Moderate,38.83587786259542,Very Low,10.432569974554708,Very Low
47077,Tennessee,TN,Henderson,63.104325699745544,Relatively Low,53.10805173133083,Very Low,32.79262086513995,Very Low,,Not Applicable,69.91008349389853,Relatively Low,92.6208651399491,Relatively Moderate,79.16666666666666,Relatively Low,19.40203562340967,Very Low
47079,Tennessee,TN,Henry,84.7328244274809,Relatively Moderate,48.85273258239466,Very Low,38.80407124681934,Relatively Low,,Not Applicable,74.53436095054592,Relatively Low,94.8791348600509,Relatively Moderate,78.2442748091603,Relatively Low,23.536895674300254,Very Low
47081,Tennessee,TN,Hickman,47.16921119592875,Relatively Low,29.49520233625365,Very Low,46.78753180661578,Relatively Low,,Not Applicable,43.67373153500321,Relatively Low,82.22010178117048,Relatively Low,65.36259541984732,Relatively Low,11.959287531806616,Very Low
47083,Tennessee,TN,Houston,13.104325699745548,Very Low,24.69753858990405,Very Low,13.994910941475828,Very Low,,Not Applicable,26.94283879254977,Very Low,72.32824427480917,Relatively Low,49.4910941475827,Very Low,2.958015267175572,Very Low
47085,Tennessee,TN,Humphreys,48.25063613231552,Relatively Low,41.843971631205676,Very Low,45.99236641221374,Relatively Low,,Not Applicable,44.41233140655106,Relatively Low,84.79643765903307,Relatively Low,63.00890585241731,Relatively Low,10.782442748091603,Very Low
47087,Tennessee,TN,Jackson,22.519083969465647,Very Low,25.323320817688778,Very Low,36.9910941475827,Relatively Low,,Not Applicable,24.18111753371869,Very Low,46.78753180661578,Very Low,63.74045801526718,Relatively Low,6.965648854961833,Very Low
47089,Tennessee,TN,Jefferson,44.87913486005089,Relatively Low,42.88694201084689,Very Low,56.77480916030534,Relatively Low,,Not Applicable,22.12588310854207,Very Low,82.60178117048346,Relatively Low,88.61323155216286,Relatively Moderate,42.907124681933844,Very Low
47091,Tennessee,TN,Johnson,28.18066157760814,Very Low,51.147267417605335,Very Low,47.16921119592875,Relatively Low,,Not Applicable,1.991008349389852,Very Low,46.85114503816794,Very Low,90.68066157760815,Relatively Moderate,54.86641221374045,Very Low
47093,Tennessee,TN,Knox,92.1119592875318,Relatively Moderate,65.79057154776804,Relatively Low,92.77989821882952,Relatively Moderate,,Not Applicable,72.63969171483622,Relatively Low,96.7557251908397,Relatively Moderate,96.46946564885496,Relatively Moderate,62.97709923664122,Very Low
47095,Tennessee,TN,Lake,47.837150127226465,Relatively Low,29.11973299958281,Very Low,8.842239185750635,Very Low,,Not Applicable,65.09312780989082,Relatively Low,93.06615776081425,Relatively Moderate,9.732824427480915,Very Low,1.812977099236641,Very Low
47097,Tennessee,TN,Lauderdale,71.56488549618321,Relatively Low,50.104297037964116,Very Low,25.190839694656486,Very Low,,Not Applicable,79.99357739242132,Relatively Moderate,95.54707379134861,Relatively Moderate,72.48727735368958,Relatively Low,19.052162849872772,Very Low
47099,Tennessee,TN,Lawrence,69.65648854961832,Relatively Low,54.65164789319983,Very Low,56.93384223918575,Relatively Low,,Not Applicable,55.71612074502248,Relatively Low,89.15394402035624,Relatively Low,40.36259541984733,Very Low,14.09033078880407,Very Low
47101,Tennessee,TN,Lewis,13.931297709923665,Very Low,37.12974551522737,Very Low,13.326972010178118,Very Low,,Not Applicable,27.167630057803464,Very Low,71.37404580152672,Relatively Low,54.38931297709924,Very Low,9.382951653944021,Very Low
47103,Tennessee,TN,Lincoln,58.905852417302796,Relatively Low,53.81727158948686,Very Low,56.99745547073791,Relatively Low,,Not Applicable,50.0,Relatively Low,80.43893129770993,Relatively Low,39.18575063613232,Very Low,15.489821882951654,Very Low
47105,Tennessee,TN,Loudon,68.35241730279898,Relatively Low,53.149770546516486,Very Low,71.62849872773536,Relatively Low,,Not Applicable,29.865125240847785,Very Low,89.69465648854961,Relatively Low,87.43638676844783,Relatively Moderate,44.14758269720102,Very Low
47107,Tennessee,TN,McMinn,60.24173027989822,Relatively Low,50.35460992907801,Very Low,62.62722646310432,Relatively Low,,Not Applicable,35.934489402697494,Very Low,88.89949109414759,Relatively Low,85.7824427480916,Relatively Low,49.23664122137404,Very Low
47109,Tennessee,TN,McNairy,50.540712468193384,Relatively Low,57.2799332498957,Very Low,33.30152671755725,Very Low,,Not Applicable,66.95568400770713,Relatively Low,90.2671755725191,Relatively Moderate,74.04580152671755,Relatively Low,26.52671755725191,Very Low
47111,Tennessee,TN,Macon,34.57379134860051,Very Low,25.53191489361702,Very Low,31.234096692111958,Very Low,,Not Applicable,43.4810533076429,Relatively Low,72.80534351145039,Relatively Low,52.926208651399484,Very Low,12.022900763358779,Very Low
47113,Tennessee,TN,Madison,92.08015267175573,Relatively Moderate,62.20275344180225,Relatively Low,72.64631043256998,Relatively Low,,Not Applicable,91.61849710982659,Relatively Moderate,98.18702290076335,Relatively High,80.21628498727735,Relatively Low,43.320610687022906,Very Low
47115,Tennessee,TN,Marion,58.23791348600509,Relatively Low,37.71380892782645,Very Low,61.38676844783715,Relatively Low,,Not Applicable,27.488760436737316,Very Low,70.13358778625954,Relatively Low,81.01145038167938,Relatively Low,59.66921119592875,Very Low
47117,Tennessee,TN,Marshall,45.41984732824427,Relatively Low,44.597413433458485,Very Low,49.74554707379134,Relatively Low,,Not Applicable,32.7874116891458,Very Low,75.79516539440203,Relatively Low,29.07124681933842,Very Low,20.833333333333336,Very Low
47119,Tennessee,TN,Maury,79.29389312977099,Relatively Low,38.38130997079683,Very Low,74.55470737913485,Relatively Moderate,,Not Applicable,60.886319845857415,Relatively Low,89.82188295165395,Relatively Low,51.14503816793893,Very Low,33.23791348600509,Very Low
47121,Tennessee,TN,Meigs,12.72264631043257,Very Low,28.201919065498537,Very Low,21.278625954198475,Very Low,,Not Applicable,19.043031470777137,Very Low,65.61704834605598,Relatively Low,76.14503816793892,Relatively Low,32.25190839694657,Very Low
47123,Tennessee,TN,Monroe,60.909669211195926,Relatively Low,60.32540675844806,Relatively Low,65.07633587786259,Relatively Low,,Not Applicable,34.42517662170842,Very Low,89.05852417302799,Relatively Low,95.67430025445293,Relatively Moderate,68.57506361323156,Relatively Low
47125,Tennessee,TN,Montgomery,87.37277353689568,Relatively Moderate,40.88443888193575,Very Low,84.47837150127226,Relatively Moderate,,Not Applicable,84.32883750802827,Relatively Moderate,95.32442748091603,Relatively Moderate,52.735368956743,Very Low,28.18066157760814,Very Low
47127,Tennessee,TN,Moore,9.923664122137405,Very Low,32.58239465999166,Very Low,19.24300254452926,Very Low,,Not Applicable,17.276814386640975,Very Low,47.51908396946565,Very Low,40.55343511450381,Very Low,2.417302798982188,Very Low
47129,Tennessee,TN,Morgan,19.052162849872772,Very Low,33.37505214851898,Very Low,25.699745547073793,Very Low,,Not Applicable,4.527938342967245,Very Low,58.30152671755725,Very Low,84.54198473282443,Relatively Low,63.54961832061069,Relatively Low
47131,Tennessee,TN,Obion,81.29770992366412,Relatively Moderate,48.43554443053817,Very Low,38.07251908396946,Relatively Low,,Not Applicable,81.7276814386641,Relatively Moderate,96.5966921119593,Relatively Moderate,73.85496183206108,Relatively Low,14.694656488549619,Very Low
47133,Tennessee,TN,Overton,22.232824427480917,Very Low,39.71631205673759,Very Low,27.353689567430024,Very Low,,Not Applicable,16.698779704560053,Very Low,53.7531806615776,Very Low,47.646310432569976,Very Low,28.33969465648855,Very Low
47135,Tennessee,TN,Perry,33.396946564885496,Very Low,42.17772215269087,Very Low,47.13740458015267,Relatively Low,,Not Applicable,30.539499036608863,Very Low,72.48727735368958,Relatively Low,66.4440203562341,Relatively Low,7.824427480916031,Very Low
47137,Tennessee,TN,Pickett,4.611959287531807,Very Low,35.586149353358365,Very Low,9.192111959287532,Very Low,,Not Applicable,8.349389852280027,Very Low,34.06488549618321,Very Low,48.31424936386768,Very Low,12.054707379134861,Very Low
47139,Tennessee,TN,Polk,31.170483460559794,Very Low,46.01585314977055,Very Low,42.55725190839695,Relatively Low,,Not Applicable,18.65767501605652,Very Low,70.76972010178118,Relatively Low,96.5966921119593,Relatively Moderate,75.63613231552164,Relatively Low
47141,Tennessee,TN,Putnam,65.83969465648855,Relatively Low,47.97663746349603,Very Low,60.24173027989822,Relatively Low,,Not Applicable,35.58124598587026,Very Low,85.71882951653944,Relatively Low,54.07124681933843,Very Low,27.131043256997454,Very Low
47143,Tennessee,TN,Rhea,49.17302798982188,Relatively Low,46.55819774718398,Very Low,62.72264631043257,Relatively Low,,Not Applicable,28.355812459858704,Very Low,75.85877862595419,Relatively Low,82.63358778625954,Relatively Low,48.282442748091604,Very Low
47145,Tennessee,TN,Roane,68.98854961832062,Relatively Low,48.56070087609512,Very Low,69.8791348600509,Relatively Low,,Not Applicable,29.64033397559409,Very Low,86.32315521628499,Relatively Low,92.90712468193384,Relatively Moderate,47.67811704834606,Very Low
47147,Tennessee,TN,Robertson,60.43256997455471,Relatively Low,32.91614518147685,Very Low,53.11704834605598,Relatively Low,,Not Applicable,64.77199743095697,Relatively Low,88.74045801526718,Relatively Low,31.170483460559794,Very Low,23.568702290076335,Very Low
47149,Tennessee,TN,Rutherford,91.73027989821882,Relatively Moderate,52.690863579474346,Very Low,93.38422391857506,Relatively High,,Not Applicable,83.62235067437379,Relatively Moderate,94.81552162849873,Relatively Moderate,15.871501272264632,Very Low,43.35241730279898,Very Low
47151,Tennessee,TN,Scott,26.11323155216285,Very Low,43.84647476011681,Very Low,29.166666666666668,Very Low,,Not Applicable,6.165703275529865,Very Low,57.31552162849872,Very Low,87.91348600508906,Relatively Moderate,68.8295165394402,Relatively Low
47153,Tennessee,TN,Sequatchie,40.17175572519084,Very Low,24.196912807676263,Very Low,35.08269720101781,Relatively Low,,Not Applicable,16.28131021194605,Very Low,52.29007633587786,Very Low,71.11959287531806,Relatively Low,50.95419847328244,Very Low
47155,Tennessee,TN,Sevier,77.3854961832061,Relatively Low,56.48727576136837,Very Low,84.06488549618321,Relatively Moderate,,Not Applicable,36.22350674373796,Very Low,90.01272264631042,Relatively Low,97.42366412213741,Relatively Moderate,78.72137404580153,Relatively Low
47157,Tennessee,TN,Shelby,99.36386768447836,Relatively High,67.1255736337088,Relatively Low,98.66412213740458,Relatively High,,Not Applicable,99.55041746949261,Relatively High,99.52290076335878,Relatively High,92.55725190839695,Relatively Moderate,71.0559796437659,Relatively Low
47159,Tennessee,TN,Smith,18.765903307888042,Very Low,23.112223612849395,Very Low,31.615776081424933,Very Low,,Not Applicable,25.818882466281313,Very Low,50.57251908396947,Very Low,51.653944020356235,Very Low,5.884223918575064,Very Low
47161,Tennessee,TN,Stewart,29.357506361323153,Very Low,19.02377972465582,Very Low,22.80534351145038,Very Low,,Not Applicable,39.21001926782274,Relatively Low,82.56997455470739,Relatively Low,66.31679389312977,Relatively Low,7.601781170483461,Very Low
47163,Tennessee,TN,Sullivan,71.46946564885496,Relatively Low,54.69336670838548,Very Low,81.61577608142494,Relatively Moderate,,Not Applicable,18.529222864482982,Very Low,87.24554707379136,Relatively Low,94.40203562340967,Relatively Moderate,36.48218829516539,Very Low
47165,Tennessee,TN,Sumner,87.65903307888041,Relatively Moderate,32.540675844806,Very Low,88.64503816793892,Relatively Moderate,,Not Applicable,74.18111753371869,Relatively Low,91.69847328244275,Relatively Moderate,44.783715012722645,Very Low,37.75445292620866,Very Low
47167,Tennessee,TN,Tipton,81.04325699745547,Relatively Moderate,46.47476011681268,Very Low,53.912213740458014,Relatively Low,,Not Applicable,90.3339755940912,Relatively Moderate,95.80152671755725,Relatively Moderate,70.8969465648855,Relatively Low,31.96564885496183,Very Low
47169,Tennessee,TN,Trousdale,6.106870229007633,Very Low,7.259073842302878,Very Low,13.358778625954198,Very Low,,Not Applicable,19.653179190751445,Very Low,37.97709923664122,Very Low,25.254452926208653,Very Low,3.148854961832061,Very Low
47171,Tennessee,TN,Unicoi,10.591603053435113,Very Low,34.16770963704631,Very Low,27.417302798982192,Very Low,,Not Applicable,1.766217084136159,Very Low,43.79770992366412,Very Low,83.07888040712467,Relatively Low,32.50636132315521,Very Low
47173,Tennessee,TN,Union,12.881679389312978,Very Low,22.987067167292448,Very Low,26.049618320610683,Very Low,,Not Applicable,11.624919717405266,Very Low,59.98727735368957,Relatively Low,88.32697201017811,Relatively Moderate,50.413486005089055,Very Low
47175,Tennessee,TN,Van Buren,2.671755725190839,Very Low,18.60659157279933,Very Low,7.538167938931298,Very Low,,Not Applicable,3.050738599871548,Very Low,32.95165394402035,Very Low,63.70865139949109,Relatively Low,36.291348600508904,Very Low
47177,Tennessee,TN,Warren,63.45419847328244,Relatively Low,53.52523988318731,Very Low,56.965648854961835,Relatively Low,,Not Applicable,20.745022479126526,Very Low,83.11068702290076,Relatively Low,28.65776081424936,Very Low,23.60050890585242,Very Low
47179,Tennessee,TN,Washington,61.164122137404576,Relatively Low,55.86149353358365,Very Low,71.0559796437659,Relatively Low,,Not Applicable,16.76300578034682,Very Low,83.96946564885496,Relatively Low,87.94529262086515,Relatively Moderate,42.779898218829516,Very Low
47181,Tennessee,TN,Wayne,42.970737913486005,Relatively Low,51.397580308719235,Very Low,47.74173027989822,Relatively Low,,Not Applicable,37.6043673731535,Very Low,77.54452926208651,Relatively Low,67.68447837150127,Relatively Low,12.150127226463106,Very Low
47183,Tennessee,TN,Weakley,74.04580152671755,Relatively Low,47.6011681268252,Very Low,21.882951653944023,Very Low,,Not Applicable,68.59344894026975,Relatively Low,95.73791348600508,Relatively Moderate,59.25572519083969,Very Low,13.772264631043257,Very Low
47185,Tennessee,TN,White,38.54961832061068,Very Low,40.550688360450565,Very Low,42.68447837150127,Relatively Low,,Not Applicable,18.20809248554913,Very Low,68.8295165394402,Relatively Low,45.48346055979644,Very Low,30.56615776081425,Very Low
47187,Tennessee,TN,Williamson,85.14631043256998,Relatively Moderate,41.0095953274927,Very Low,88.23155216284987,Relatively Moderate,,Not Applicable,72.54335260115607,Relatively Low,89.40839694656488,Relatively Low,54.230279898218825,Very Low,39.79007633587786,Very Low
47189,Tennessee,TN,Wilson,79.99363867684478,Relatively Low,38.54818523153942,Very Low,82.09287531806616,Relatively Moderate,,Not Applicable,61.9781631342325,Relatively Low,88.80407124681933,Relatively Low,29.452926208651398,Very Low,37.30916030534351,Very Low
48001,Texas,TX,Anderson,73.6323155216285,Relatively Low,73.38339591155612,Relatively Low,69.6882951653944,Relatively Low,,Not Applicable,78.32369942196532,Relatively Low,40.394402035623415,Very Low,65.52162849872774,Relatively Low,78.18066157760815,Relatively Low
48003,Texas,TX,Andrews,8.969465648854962,Very Low,15.76971214017522,Very Low,10.782442748091603,Very Low,,Not Applicable,31.14964675658317,Very Low,13.867684478371501,Very Low,0.858778625954199,Very Low,74.96819338422391,Relatively Low
48005,Texas,TX,Angelina,71.81933842239185,Relatively Low,81.26825198164373,Relatively Low,68.6704834605598,Relatively Low,,Not Applicable,95.15093127809891,Relatively Moderate,44.211195928753185,Very Low,34.06488549618321,Very Low,80.470737913486,Relatively Low
48007,Texas,TX,Aransas,61.19592875318066,Relatively Low,91.23904881101377,Relatively Moderate,50.795165394402034,Relatively Low,67.80000000000001,Relatively Moderate,58.798972382787404,Relatively Low,8.619592875318066,Very Low,1.972010178117048,Very Low,61.832061068702295,Very Low
48009,Texas,TX,Archer,7.697201017811704,Very Low,28.82770129328327,Very Low,8.619592875318066,Very Low,,Not Applicable,41.52215799614643,Relatively Low,20.515267175572518,Very Low,31.552162849872772,Very Low,84.35114503816794,Relatively Low
48011,Texas,TX,Armstrong,20.0381679389313,Very Low,0.0,No Rating,1.33587786259542,Very Low,,Not Applicable,9.922928709055876,Very Low,12.213740458015266,Very Low,9.701017811704835,Very Low,74.42748091603053,Relatively Low
48013,Texas,TX,Atascosa,60.68702290076335,Relatively Low,66.75010429703796,Relatively Low,61.036895674300254,Relatively Low,,Not Applicable,80.4752729608221,Relatively Moderate,18.384223918575064,Very Low,8.428753180661577,Very Low,74.80916030534351,Relatively Low
48015,Texas,TX,Austin,53.14885496183206,Relatively Low,75.92824363788068,Relatively Low,57.729007633587784,Relatively Low,,Not Applicable,61.40012845215157,Relatively Low,22.07379134860051,Very Low,13.072519083969466,Very Low,54.770992366412216,Very Low
48017,Texas,TX,Bailey,42.43002544529262,Very Low,38.297872340425535,Very Low,13.61323155216285,Very Low,,Not Applicable,32.9800899165061,Very Low,24.427480916030532,Very Low,1.526717557251908,Very Low,88.89949109414759,Relatively Low
48019,Texas,TX,Bandera,66.69847328244275,Relatively Low,46.64163537755528,Very Low,79.26208651399492,Relatively Moderate,,Not Applicable,40.07707129094412,Relatively Low,9.478371501272264,Very Low,66.50763358778626,Relatively Low,86.67302798982189,Relatively Low
48021,Texas,TX,Bastrop,81.1704834605598,Relatively Moderate,63.24572382144347,Relatively Low,86.22773536895674,Relatively Moderate,,Not Applicable,83.55812459858703,Relatively Moderate,21.024173027989825,Very Low,43.034351145038165,Very Low,71.78753180661577,Relatively Low
48023,Texas,TX,Baylor,17.493638676844782,Very Low,31.414267834793492,Very Low,15.553435114503817,Very Low,,Not Applicable,32.72318561335902,Very Low,20.229007633587788,Very Low,42.11195928753181,Very Low,64.53562340966921,Relatively Low
48025,Texas,TX,Bee,62.69083969465649,Relatively Low,91.19732999582811,Relatively Moderate,39.82188295165394,Relatively Low,,Not Applicable,82.08092485549133,Relatively Moderate,11.704834605597965,Very Low,7.506361323155216,Very Low,61.800254452926204,Very Low
48027,Texas,TX,Bell,91.12595419847328,Relatively Moderate,79.01543596161869,Relatively Low,89.15394402035624,Relatively Moderate,,Not Applicable,94.5407835581246,Relatively Moderate,38.3587786259542,Very Low,41.348600508905854,Very Low,89.66284987277355,Relatively Moderate
48029,Texas,TX,Bexar,99.42748091603053,Relatively High,83.52106800166875,Relatively Moderate,99.6501272264631,Very High,,Not Applicable,99.38985228002569,Relatively High,61.895674300254456,Relatively Low,85.17811704834605,Relatively Low,92.36641221374046,Relatively Moderate
48031,Texas,TX,Blanco,33.01526717557252,Very Low,52.27367542761786,Very Low,51.43129770992366,Relatively Low,,Not Applicable,30.186255619781633,Very Low,1.844783715012722,Very Low,23.727735368956743,Very Low,74.84096692111959,Relatively Low
48033,Texas,TX,Borden,5.693384223918575,Very Low,10.763454317897372,Very Low,0.731552162849873,Very Low,,Not Applicable,7.353885677585099,Very Low,0.731552162849873,Very Low,5.184478371501272,Very Low,74.6501272264631,Relatively Low
48035,Texas,TX,Bosque,36.895674300254456,Very Low,53.60867751355861,Very Low,40.29898218829516,Relatively Low,,Not Applicable,56.422607578676946,Relatively Low,15.362595419847327,Very Low,23.091603053435115,Very Low,84.82824427480917,Relatively Low
48037,Texas,TX,Bowie,79.00763358778626,Relatively Low,49.93742177722152,Very Low,68.86132315521628,Relatively Low,,Not Applicable,91.49004495825305,Relatively Moderate,75.06361323155217,Relatively Low,25.41348600508906,Very Low,74.23664122137404,Relatively Low
48039,Texas,TX,Brazoria,93.63867684478372,Relatively Moderate,96.91280767626199,Relatively High,94.40203562340967,Relatively High,76.4,Relatively Moderate,93.0635838150289,Relatively Moderate,45.99236641221374,Very Low,43.70229007633588,Very Low,86.10050890585241,Relatively Low
48041,Texas,TX,Brazos,88.35877862595419,Relatively Moderate,85.64872757613684,Relatively Moderate,82.79262086513995,Relatively Moderate,,Not Applicable,91.74694926140012,Relatively Moderate,41.76208651399491,Very Low,28.053435114503817,Very Low,58.36513994910941,Very Low
48043,Texas,TX,Brewster,21.055979643765905,Very Low,28.32707551105549,Very Low,33.74681933842239,Very Low,,Not Applicable,62.6204238921002,Relatively Low,26.52671755725191,Very Low,53.49872773536896,Very Low,88.67684478371501,Relatively Low
48045,Texas,TX,Briscoe,8.746819338422391,Very Low,9.428452231956612,Very Low,0.44529262086514,Very Low,,Not Applicable,16.795118818240205,Very Low,2.830788804071247,Very Low,4.770992366412214,Very Low,57.98346055979644,Very Low
48047,Texas,TX,Brooks,60.81424936386769,Relatively Low,81.60200250312892,Relatively Moderate,18.00254452926209,Very Low,,Not Applicable,33.140655105973025,Very Low,6.106870229007633,Very Low,0.572519083969466,Very Low,60.08269720101781,Very Low
48049,Texas,TX,Brown,64.8854961832061,Relatively Low,44.97288277012933,Very Low,72.96437659033079,Relatively Moderate,,Not Applicable,61.52858060372511,Relatively Low,17.016539440203562,Very Low,18.03435114503817,Very Low,86.16412213740458,Relatively Low
48051,Texas,TX,Burleson,29.134860050890588,Very Low,72.50730079265749,Relatively Low,34.9236641221374,Very Low,,Not Applicable,47.62363519588953,Relatively Low,17.748091603053435,Very Low,16.793893129770993,Very Low,42.55725190839695,Very Low
48053,Texas,TX,Burnet,76.62213740458014,Relatively Low,60.40884438881936,Relatively Low,82.28371501272265,Relatively Moderate,,Not Applicable,82.1451509312781,Relatively Moderate,15.298982188295165,Very Low,42.970737913486005,Very Low,88.8676844783715,Relatively Low
48055,Texas,TX,Caldwell,79.77099236641222,Relatively Low,60.24196912807677,Relatively Low,87.11832061068702,Relatively Moderate,,Not Applicable,74.11689145793193,Relatively Low,19.24300254452926,Very Low,14.885496183206106,Very Low,68.00254452926208,Relatively Low
48057,Texas,TX,Calhoun,66.2531806615776,Relatively Low,92.82436378806842,Relatively Moderate,39.12213740458015,Relatively Low,53.800000000000004,Relatively Low,52.66538214515093,Relatively Low,12.72264631043257,Very Low,10.241730279898219,Very Low,58.14249363867684,Very Low
48059,Texas,TX,Callahan,14.694656488549619,Very Low,28.952857738840216,Very Low,13.867684478371501,Very Low,,Not Applicable,43.35260115606936,Relatively Low,10.464376590330788,Very Low,38.89949109414758,Very Low,81.99745547073792,Relatively Low
48061,Texas,TX,Cameron,97.29643765903307,Relatively High,99.04046725073007,Very High,92.8117048346056,Relatively Moderate,67.0,Relatively Moderate,97.27039177906231,Relatively High,50.38167938931297,Very Low,37.340966921119595,Very Low,83.77862595419847,Relatively Low
48063,Texas,TX,Camp,39.344783715012724,Very Low,54.73508552357112,Very Low,23.727735368956743,Very Low,,Not Applicable,60.372511239563266,Relatively Low,38.42239185750636,Very Low,13.517811704834607,Very Low,70.99236641221374,Relatively Low
48065,Texas,TX,Carson,25.222646310432573,Very Low,0.0,No Rating,3.594147582697201,Very Low,,Not Applicable,10.436737315350033,Very Low,24.84096692111959,Very Low,1.908396946564886,Very Low,86.86386768447836,Relatively Low
48067,Texas,TX,Cass,50.795165394402034,Relatively Low,56.278681685440134,Very Low,39.91730279898219,Relatively Low,,Not Applicable,79.64033397559409,Relatively Moderate,50.731552162849866,Very Low,43.161577608142494,Very Low,70.83333333333334,Relatively Low
48069,Texas,TX,Castro,34.4147582697201,Very Low,0.0,No Rating,11.227735368956743,Very Low,,Not Applicable,18.689788053949904,Very Low,23.60050890585242,Very Low,0.318066157760814,Very Low,73.79134860050891,Relatively Low
48071,Texas,TX,Chambers,51.844783715012724,Relatively Low,85.77388402169377,Relatively Moderate,47.80534351145038,Relatively Low,55.00000000000001,Relatively Low,52.69749518304432,Relatively Low,19.59287531806616,Very Low,12.69083969465649,Very Low,78.84860050890585,Relatively Low
48073,Texas,TX,Cherokee,61.641221374045806,Relatively Low,70.71339173967459,Relatively Low,59.19211195928753,Relatively Low,,Not Applicable,82.91586384071933,Relatively Moderate,38.0089058524173,Very Low,64.05852417302799,Relatively Low,77.83078880407125,Relatively Low
48075,Texas,TX,Childress,19.561068702290076,Very Low,18.48143512724239,Very Low,3.944020356234097,Very Low,,Not Applicable,22.736030828516377,Very Low,22.678117048346056,Very Low,23.759541984732824,Very Low,64.7264631043257,Relatively Low
48077,Texas,TX,Clay,14.28117048346056,Very Low,27.57613683771381,Very Low,14.153944020356235,Very Low,,Not Applicable,45.50417469492614,Relatively Low,25.636132315521625,Very Low,28.975826972010175,Very Low,87.88167938931298,Relatively Low
48079,Texas,TX,Cochran,12.786259541984732,Very Low,19.774718397997496,Very Low,1.78117048346056,Very Low,,Not Applicable,9.248554913294797,Very Low,10.305343511450381,Very Low,0.063613231552163,Very Low,68.32061068702289,Relatively Low
48081,Texas,TX,Coke,3.657760814249364,Very Low,15.47768043387568,Very Low,5.248091603053435,Very Low,,Not Applicable,21.38728323699422,Very Low,2.2264631043257,Very Low,10.432569974554708,Very Low,83.33333333333334,Relatively Low
48083,Texas,TX,Coleman,20.610687022900763,Very Low,38.84021693783897,Very Low,22.646310432569976,Very Low,,Not Applicable,35.61335902376365,Very Low,6.615776081424936,Very Low,11.991094147582697,Very Low,79.00763358778626,Relatively Low
48085,Texas,TX,Collin,98.85496183206108,Relatively High,59.741343345848975,Relatively Low,96.78753180661577,Relatively High,,Not Applicable,97.7199743095697,Relatively High,82.029262086514,Relatively Low,52.608142493638674,Very Low,81.01145038167938,Relatively Low
48087,Texas,TX,Collingsworth,27.417302798982192,Very Low,12.181894034209428,Very Low,3.276081424936387,Very Low,,Not Applicable,11.689145793192036,Very Low,19.783715012722645,Very Low,5.375318066157761,Very Low,75.12722646310432,Relatively Low
48089,Texas,TX,Colorado,62.24554707379135,Relatively Low,87.98498122653316,Relatively Moderate,51.04961832061069,Relatively Low,,Not Applicable,62.17084136159281,Relatively Low,23.727735368956743,Very Low,16.666666666666664,Very Low,49.42748091603054,Very Low
48091,Texas,TX,Comal,92.68447837150127,Relatively Moderate,62.87025448477264,Relatively Low,96.56488549618321,Relatively High,,Not Applicable,88.18240205523442,Relatively Moderate,17.493638676844782,Very Low,48.1234096692112,Very Low,89.31297709923665,Relatively Moderate
48093,Texas,TX,Comanche,51.01781170483461,Relatively Low,53.90070921985816,Very Low,54.73918575063613,Relatively Low,,Not Applicable,43.12780989081567,Relatively Low,21.183206106870227,Very Low,12.436386768447836,Very Low,92.14376590330788,Relatively Moderate
48095,Texas,TX,Concho,4.484732824427481,Very Low,27.075511055486025,Very Low,4.039440203562341,Very Low,,Not Applicable,17.63005780346821,Very Low,3.244274809160305,Very Low,2.989821882951654,Very Low,62.40458015267175,Very Low
48097,Texas,TX,Cooke,73.31424936386769,Relatively Low,48.14351272423863,Very Low,66.82569974554707,Relatively Low,,Not Applicable,77.39242132305716,Relatively Low,54.80279898218829,Very Low,63.80407124681934,Relatively Low,91.50763358778626,Relatively Moderate
48099,Texas,TX,Coryell,63.42239185750637,Relatively Low,58.48977889027952,Relatively Low,63.13613231552163,Relatively Low,,Not Applicable,69.7495183044316,Relatively Low,16.06234096692112,Very Low,25.06361323155216,Very Low,83.23791348600508,Relatively Low
48101,Texas,TX,Cottle,12.46819338422392,Very Low,17.313308302044224,Very Low,1.526717557251908,Very Low,,Not Applicable,12.3956326268465,Very Low,8.396946564885496,Very Low,26.3676844783715,Very Low,62.88167938931297,Very Low
48103,Texas,TX,Crane,1.145038167938931,Very Low,11.097204839382561,Very Low,3.530534351145039,Very Low,,Not Applicable,25.337186897880535,Very Low,7.347328244274809,Very Low,1.240458015267176,Very Low,54.103053435114504,Very Low
48105,Texas,TX,Crockett,5.820610687022901,Very Low,19.732999582811846,Very Low,20.833333333333336,Very Low,,Not Applicable,13.391136801541425,Very Low,2.767175572519084,Very Low,24.87277353689567,Very Low,78.14885496183206,Relatively Low
48107,Texas,TX,Crosby,23.727735368956743,Very Low,20.52565707133917,Very Low,5.470737913486006,Very Low,,Not Applicable,19.107257546563904,Very Low,14.821882951653945,Very Low,4.548346055979644,Very Low,61.25954198473282,Very Low
48109,Texas,TX,Culberson,11.641221374045802,Very Low,11.430955360867753,Very Low,6.583969465648855,Very Low,,Not Applicable,14.354527938342967,Very Low,26.94020356234097,Very Low,25.890585241730278,Very Low,67.23918575063614,Relatively Low
48111,Texas,TX,Dallam,51.14503816793893,Relatively Low,,Not Applicable,14.949109414758269,Very Low,,Not Applicable,9.987154784842646,Very Low,34.28753180661578,Very Low,0.636132315521628,Very Low,74.55470737913485,Relatively Low
48113,Texas,TX,Dallas,99.6501272264631,Very High,73.55027117229871,Relatively Low,99.55470737913485,Very High,,Not Applicable,99.93577392421324,Very High,91.2849872773537,Relatively Moderate,46.43765903307888,Very Low,80.27989821882952,Relatively Low
48115,Texas,TX,Dawson,38.74045801526718,Very Low,34.292866082603254,Very Low,18.765903307888042,Very Low,,Not Applicable,31.759794476557484,Very Low,17.43002544529262,Very Low,1.208651399491094,Very Low,56.965648854961835,Very Low
48117,Texas,TX,Deaf Smith,61.800254452926204,Relatively Low,0.0,No Rating,13.136132315521628,Very Low,,Not Applicable,26.23635195889531,Very Low,38.77226463104326,Very Low,2.576335877862595,Very Low,85.75063613231552,Relatively Low
48119,Texas,TX,Delta,8.9058524173028,Very Low,41.38506466416354,Very Low,6.361323155216285,Very Low,,Not Applicable,36.28773281952473,Very Low,24.491094147582697,Very Low,2.321882951653944,Very Low,39.599236641221374,Very Low
48121,Texas,TX,Denton,96.9147582697201,Relatively High,58.406341259908224,Very Low,95.70610687022901,Relatively High,,Not Applicable,97.97687861271676,Relatively High,73.9821882951654,Relatively Low,47.58269720101781,Very Low,92.970737913486,Relatively Moderate
48123,Texas,TX,DeWitt,83.9058524173028,Relatively Moderate,90.27951606174385,Relatively Moderate,89.2175572519084,Relatively Moderate,,Not Applicable,66.57032755298651,Relatively Low,21.342239185750635,Very Low,17.016539440203562,Very Low,67.58905852417303,Relatively Low
48125,Texas,TX,Dickens,13.61323155216285,Very Low,12.640801001251564,Very Low,1.876590330788804,Very Low,,Not Applicable,12.074502247912653,Very Low,4.516539440203562,Very Low,35.718829516539444,Very Low,76.39949109414759,Relatively Low
48127,Texas,TX,Dimmit,35.87786259541985,Very Low,61.785565289945765,Relatively Low,19.37022900763359,Very Low,,Not Applicable,94.89402697495183,Relatively Moderate,8.746819338422391,Very Low,5.756997455470738,Very Low,54.54834605597965,Very Low
48129,Texas,TX,Donley,26.622137404580155,Very Low,20.483938256153525,Very Low,4.230279898218829,Very Low,,Not Applicable,16.024405908798972,Very Low,22.55089058524173,Very Low,9.192111959287532,Very Low,84.51017811704835,Relatively Low
48131,Texas,TX,Duval,54.42111959287532,Relatively Low,74.84355444305382,Relatively Low,28.5941475826972,Very Low,,Not Applicable,73.28195247270392,Relatively Low,7.856234096692112,Very Low,7.665394402035624,Very Low,52.41730279898219,Very Low
48133,Texas,TX,Eastland,41.157760814249365,Very Low,46.76679182311222,Very Low,43.161577608142494,Relatively Low,,Not Applicable,49.22928709055876,Relatively Low,25.03180661577608,Very Low,43.225190839694655,Very Low,88.07251908396947,Relatively Low
48135,Texas,TX,Ector,82.82442748091603,Relatively Moderate,36.2953692115144,Very Low,81.71119592875317,Relatively Moderate,,Not Applicable,86.19139370584458,Relatively Moderate,41.030534351145036,Very Low,2.131043256997455,Very Low,88.32697201017811,Relatively Low
48137,Texas,TX,Edwards,5.725190839694656,Very Low,45.223195661243224,Very Low,17.84351145038168,Very Low,,Not Applicable,10.56518946692357,Very Low,5.025445292620865,Very Low,44.465648854961835,Very Low,74.49109414758269,Relatively Low
48139,Texas,TX,Ellis,81.61577608142494,Relatively Moderate,52.19023779724657,Very Low,83.46055979643766,Relatively Moderate,,Not Applicable,90.62299293513166,Relatively Moderate,51.11323155216285,Very Low,39.217557251908396,Very Low,86.06870229007633,Relatively Low
48141,Texas,TX,El Paso,95.45165394402035,Relatively High,41.13475177304964,Very Low,96.81933842239185,Relatively High,,Not Applicable,98.68336544637123,Relatively High,92.08015267175573,Relatively Moderate,44.656488549618324,Very Low,70.96055979643766,Relatively Low
48143,Texas,TX,Erath,75.0,Relatively Low,56.40383813099707,Very Low,72.07379134860051,Relatively Low,,Not Applicable,58.89531149646756,Relatively Low,26.11323155216285,Very Low,25.699745547073793,Very Low,95.48346055979644,Relatively Moderate
48145,Texas,TX,Falls,26.240458015267176,Very Low,68.04338756779308,Relatively Low,24.077608142493638,Very Low,,Not Applicable,53.7893384714194,Relatively Low,21.62849872773537,Very Low,10.623409669211197,Very Low,54.48473282442748,Very Low
48147,Texas,TX,Fannin,68.12977099236642,Relatively Low,48.769294952023365,Very Low,36.45038167938932,Relatively Low,,Not Applicable,89.59537572254335,Relatively Moderate,46.81933842239186,Very Low,16.857506361323153,Very Low,70.10178117048346,Relatively Low
48149,Texas,TX,Fayette,57.98346055979644,Relatively Low,80.5590321234877,Relatively Low,64.82188295165395,Relatively Low,,Not Applicable,58.63840719332048,Relatively Low,22.137404580152673,Very Low,29.389312977099237,Very Low,49.713740458015266,Very Low
48151,Texas,TX,Fisher,1.940203562340967,Very Low,12.51564455569462,Very Low,2.703562340966921,Very Low,,Not Applicable,15.831727681438664,Very Low,2.862595419847328,Very Low,14.50381679389313,Very Low,48.88676844783715,Very Low
48153,Texas,TX,Floyd,30.725190839694655,Very Low,31.122236128493952,Very Low,11.259541984732824,Very Low,,Not Applicable,14.547206165703274,Very Low,19.529262086513995,Very Low,1.685750636132316,Very Low,73.31424936386769,Relatively Low
48155,Texas,TX,Foard,4.4529262086514,Very Low,12.974551522736755,Very Low,1.049618320610687,Very Low,,Not Applicable,15.510597302504816,Very Low,7.315521628498728,Very Low,9.63740458015267,Very Low,41.06234096692112,Very Low
48157,Texas,TX,Fort Bend,97.45547073791349,Relatively High,97.58030871923238,Relatively High,97.6145038167939,Relatively High,19.2,Very Low,97.84842646114322,Relatively High,61.768447837150134,Relatively Low,53.62595419847328,Very Low,80.05725190839695,Relatively Low
48159,Texas,TX,Franklin,24.80916030534351,Very Low,55.527743012098455,Very Low,17.048346055979643,Very Low,,Not Applicable,50.481695568400774,Relatively Low,31.93384223918575,Very Low,18.829516539440203,Very Low,58.842239185750635,Very Low
48161,Texas,TX,Freestone,56.52035623409669,Relatively Low,71.54776804338758,Relatively Low,47.01017811704835,Relatively Low,,Not Applicable,51.669877970456,Relatively Low,29.834605597964376,Very Low,28.498727735368956,Very Low,70.06997455470739,Relatively Low
48163,Texas,TX,Frio,55.94783715012722,Relatively Low,71.58948685857321,Relatively Low,46.56488549618321,Relatively Low,,Not Applicable,84.84264611432242,Relatively Moderate,10.941475826972011,Very Low,7.283715012722647,Very Low,75.15903307888041,Relatively Low
48165,Texas,TX,Gaines,57.63358778625955,Relatively Low,39.3825615352524,Very Low,30.375318066157757,Very Low,,Not Applicable,46.94926140012845,Relatively Low,19.87913486005089,Very Low,3.562340966921119,Very Low,93.38422391857506,Relatively Moderate
48167,Texas,TX,Galveston,95.3880407124682,Relatively High,97.03796412181894,Relatively High,93.63867684478372,Relatively High,88.6,Relatively High,93.54527938342967,Relatively Moderate,56.424936386768444,Very Low,19.84732824427481,Very Low,84.92366412213741,Relatively Low
48169,Texas,TX,Garza,20.006361323155218,Very Low,11.4726741760534,Very Low,3.339694656488549,Very Low,,Not Applicable,19.588953114964674,Very Low,8.428753180661577,Very Low,7.061068702290077,Very Low,83.46055979643766,Relatively Low
48171,Texas,TX,Gillespie,57.69720101781171,Relatively Low,55.360867751355855,Very Low,68.09796437659033,Relatively Low,,Not Applicable,42.83879254977521,Relatively Low,12.022900763358779,Very Low,34.987277353689564,Very Low,84.00127226463104,Relatively Low
48173,Texas,TX,Glasscock,4.262086513994911,Very Low,18.10596579057155,Very Low,1.940203562340967,Very Low,,Not Applicable,5.555555555555555,Very Low,2.131043256997455,Very Low,0.127226463104326,Very Low,61.99109414758269,Very Low
48175,Texas,TX,Goliad,22.58269720101781,Very Low,85.02294534835211,Relatively Moderate,19.942748091603054,Very Low,,Not Applicable,29.511881824020552,Very Low,7.919847328244274,Very Low,8.587786259541986,Very Low,55.72519083969466,Very Low
48177,Texas,TX,Gonzales,85.65521628498728,Relatively Moderate,88.65248226950354,Relatively Moderate,90.39440203562341,Relatively Moderate,,Not Applicable,63.84071933204881,Relatively Low,20.928753180661577,Very Low,29.739185750636132,Very Low,73.09160305343512,Relatively Low
48179,Texas,TX,Gray,59.891857506361326,Relatively Low,26.992073425114725,Very Low,24.55470737913486,Very Low,,Not Applicable,23.378291586384073,Very Low,45.70610687022901,Very Low,4.389312977099237,Very Low,93.6704834605598,Relatively Moderate
48181,Texas,TX,Grayson,80.3117048346056,Relatively Low,53.31664580725908,Very Low,79.51653944020356,Relatively Moderate,,Not Applicable,92.71034039820168,Relatively Moderate,66.69847328244275,Relatively Low,60.87786259541985,Very Low,86.03689567430025,Relatively Low
48183,Texas,TX,Gregg,86.99109414758269,Relatively Moderate,72.04839382561535,Relatively Low,76.84478371501272,Relatively Moderate,,Not Applicable,93.86640976236352,Relatively Moderate,61.800254452926204,Relatively Low,36.895674300254456,Very Low,62.913486005089055,Very Low
48185,Texas,TX,Grimes,56.965648854961835,Relatively Low,84.93950771798082,Relatively Moderate,35.337150127226465,Relatively Low,,Not Applicable,58.253050738599875,Relatively Low,19.46564885496183,Very Low,12.72264631043257,Very Low,59.38295165394402,Very Low
48187,Texas,TX,Guadalupe,91.50763358778626,Relatively Moderate,66.66666666666666,Relatively Low,95.64249363867684,Relatively High,,Not Applicable,89.11368015414259,Relatively Moderate,20.610687022900763,Very Low,26.017811704834603,Very Low,75.03180661577609,Relatively Low
48189,Texas,TX,Hale,78.43511450381679,Relatively Low,39.799749687108886,Very Low,43.44783715012723,Relatively Low,,Not Applicable,32.369942196531795,Very Low,42.30279898218829,Very Low,2.417302798982188,Very Low,77.67175572519083,Relatively Low
48191,Texas,TX,Hall,34.605597964376585,Very Low,19.065498539841467,Very Low,3.784987277353689,Very Low,,Not Applicable,24.309569685292228,Very Low,17.65267175572519,Very Low,6.870229007633588,Very Low,74.39567430025446,Relatively Low
48193,Texas,TX,Hamilton,12.849872773536896,Very Low,46.85022945348352,Very Low,17.111959287531807,Very Low,,Not Applicable,29.09441233140655,Very Low,10.750636132315522,Very Low,9.096692111959287,Very Low,84.86005089058524,Relatively Low
48195,Texas,TX,Hansford,41.98473282442748,Very Low,0.0,No Rating,3.912213740458016,Very Low,,Not Applicable,10.62941554271034,Very Low,27.25826972010178,Very Low,1.367684478371501,Very Low,69.56106870229007,Relatively Low
48197,Texas,TX,Hardeman,8.651399491094146,Very Low,22.27784730913642,Very Low,4.4529262086514,Very Low,,Not Applicable,34.971098265895954,Very Low,23.314249363867685,Very Low,18.06615776081425,Very Low,62.02290076335878,Very Low
48199,Texas,TX,Hardin,69.56106870229007,Relatively Low,87.1506049228202,Relatively Moderate,66.66666666666666,Relatively Low,34.4,Very Low,69.04303147077714,Relatively Low,31.202290076335874,Very Low,17.716284987277355,Very Low,82.91984732824427,Relatively Low
48201,Texas,TX,Harris,99.93638676844783,Very High,100.0,Very High,99.96819338422391,Very High,83.2,Relatively High,99.71098265895954,Very High,92.14376590330788,Relatively Moderate,88.39058524173028,Relatively Moderate,85.43256997455471,Relatively Low
48203,Texas,TX,Harrison,77.70356234096693,Relatively Low,69.79557780559033,Relatively Low,63.48600508905853,Relatively Low,,Not Applicable,92.16441875401414,Relatively Moderate,55.597964376590326,Very Low,43.288804071246815,Very Low,77.03562340966921,Relatively Low
48205,Texas,TX,Hartley,33.11068702290076,Very Low,,Not Applicable,5.089058524173027,Very Low,,Not Applicable,6.840077071290944,Very Low,24.93638676844784,Very Low,2.480916030534351,Very Low,71.11959287531806,Relatively Low
48207,Texas,TX,Haskell,11.704834605597965,Very Low,30.78848560700876,Very Low,12.340966921119593,Very Low,,Not Applicable,30.411046885035326,Very Low,18.09796437659033,Very Low,15.012722646310433,Very Low,79.64376590330788,Relatively Low
48209,Texas,TX,Hays,90.55343511450383,Relatively Moderate,63.913224864413856,Relatively Low,93.1615776081425,Relatively Moderate,,Not Applicable,92.06807964033398,Relatively Moderate,25.795165394402037,Very Low,43.54325699745547,Very Low,87.94529262086515,Relatively Low
48211,Texas,TX,Hemphill,16.50763358778626,Very Low,22.69503546099291,Very Low,3.625954198473282,Very Low,,Not Applicable,8.766859344894026,Very Low,15.585241730279897,Very Low,3.053435114503817,Very Low,89.79007633587787,Relatively Moderate
48213,Texas,TX,Henderson,84.54198473282443,Relatively Moderate,66.20775969962453,Relatively Low,72.86895674300254,Relatively Low,,Not Applicable,87.25112395632627,Relatively Moderate,50.63613231552163,Very Low,54.48473282442748,Very Low,75.47709923664122,Relatively Low
48215,Texas,TX,Hidalgo,99.01399491094148,Relatively High,99.49937421777221,Very High,96.43765903307889,Relatively High,,Not Applicable,98.84393063583815,Relatively High,79.00763358778626,Relatively Low,48.346055979643765,Very Low,83.81043256997455,Relatively Low
48217,Texas,TX,Hill,72.96437659033079,Relatively Low,65.87400917813933,Relatively Low,45.896946564885496,Relatively Low,,Not Applicable,75.65831727681439,Relatively Low,30.820610687022903,Very Low,75.28625954198473,Relatively Low,82.1882951653944,Relatively Low
48219,Texas,TX,Hockley,51.43129770992366,Relatively Low,25.990821860659157,Very Low,24.77735368956743,Very Low,,Not Applicable,27.617212588310853,Very Low,29.230279898218832,Very Low,1.622137404580153,Very Low,76.17684478371501,Relatively Low
48221,Texas,TX,Hood,70.51526717557252,Relatively Low,52.94117647058824,Very Low,61.92748091603053,Relatively Low,,Not Applicable,79.60822093770071,Relatively Moderate,30.311704834605596,Very Low,22.678117048346056,Very Low,91.2849872773537,Relatively Moderate
48223,Texas,TX,Hopkins,71.2150127226463,Relatively Low,57.90571547768043,Very Low,58.0470737913486,Relatively Low,,Not Applicable,76.36480411046885,Relatively Low,45.26081424936387,Very Low,16.444020356234095,Very Low,65.64885496183206,Relatively Low
48225,Texas,TX,Houston,60.655216284987276,Relatively Low,77.55527743012098,Relatively Low,40.012722646310436,Relatively Low,,Not Applicable,71.19460500963392,Relatively Low,30.693384223918574,Very Low,37.11832061068702,Very Low,77.79898218829516,Relatively Low
48227,Texas,TX,Howard,54.80279898218829,Relatively Low,33.917396745932415,Very Low,45.41984732824427,Relatively Low,,Not Applicable,57.41811175337187,Relatively Low,22.83715012722646,Very Low,15.617048346055979,Very Low,89.47201017811705,Relatively Moderate
48229,Texas,TX,Hudspeth,2.290076335877862,Very Low,7.425949103045474,Very Low,5.566157760814249,Very Low,,Not Applicable,15.093127809890817,Very Low,24.395674300254452,Very Low,12.213740458015266,Very Low,25.47709923664122,Very Low
48231,Texas,TX,Hunt,82.1882951653944,Relatively Moderate,45.93241551939925,Very Low,71.72391857506362,Relatively Low,,Not Applicable,91.26525369299937,Relatively Moderate,62.468193384223916,Relatively Low,18.51145038167939,Very Low,76.90839694656488,Relatively Low
48233,Texas,TX,Hutchinson,67.68447837150127,Relatively Low,0.0,No Rating,21.374045801526716,Very Low,,Not Applicable,32.241490044958255,Very Low,36.92748091603054,Very Low,19.020356234096692,Very Low,94.94274809160305,Relatively Moderate
48235,Texas,TX,Irion,1.78117048346056,Very Low,9.17813934084272,Very Low,2.862595419847328,Very Low,,Not Applicable,14.001284521515736,Very Low,0.858778625954199,Very Low,4.103053435114504,Very Low,83.07888040712467,Relatively Low
48237,Texas,TX,Jack,11.38676844783715,Very Low,30.120984564038384,Very Low,10.05089058524173,Very Low,,Not Applicable,59.12010276172126,Relatively Low,16.28498727735369,Very Low,51.717557251908396,Very Low,86.22773536895674,Relatively Low
48239,Texas,TX,Jackson,71.69211195928753,Relatively Low,94.03420942845223,Relatively High,55.3117048346056,Relatively Low,51.800000000000004,Relatively Low,55.13808606294155,Relatively Low,17.111959287531807,Very Low,10.05089058524173,Very Low,63.899491094147585,Relatively Low
48241,Texas,TX,Jasper,61.1323155216285,Relatively Low,88.6942010846892,Relatively Moderate,54.961832061068705,Relatively Low,0.0,No Rating,68.30443159922929,Relatively Low,33.74681933842239,Very Low,39.94910941475827,Very Low,83.04707379134861,Relatively Low
48243,Texas,TX,Jeff Davis,2.926208651399491,Very Low,8.969545264914476,Very Low,7.856234096692112,Very Low,,Not Applicable,20.006422607578678,Very Low,21.4058524173028,Very Low,40.04452926208651,Very Low,88.48600508905852,Relatively Low
48245,Texas,TX,Jefferson,95.67430025445293,Relatively High,98.24780976220275,Very High,91.34860050890585,Relatively Moderate,78.8,Relatively Moderate,92.74245343609505,Relatively Moderate,66.34860050890585,Relatively Low,25.44529262086514,Very Low,92.43002544529261,Relatively Moderate
48247,Texas,TX,Jim Hogg,45.45165394402035,Relatively Low,65.4985398414685,Relatively Low,23.155216284987276,Very Low,,Not Applicable,25.91522157996146,Very Low,4.89821882951654,Very Low,1.463104325699746,Very Low,51.399491094147585,Very Low
48249,Texas,TX,Jim Wells,86.51399491094148,Relatively Moderate,94.07592824363789,Relatively High,63.26335877862596,Relatively Low,,Not Applicable,84.4251766217084,Relatively Moderate,23.918575063613233,Very Low,9.987277353689567,Very Low,70.8969465648855,Relatively Low
48251,Texas,TX,Johnson,86.67302798982189,Relatively Moderate,53.48352106800167,Very Low,80.85241730279898,Relatively Moderate,,Not Applicable,92.58188824662813,Relatively Moderate,50.98600508905853,Very Low,15.139949109414758,Very Low,94.37022900763358,Relatively Moderate
48253,Texas,TX,Jones,37.94529262086514,Very Low,32.12348769294952,Very Low,39.69465648854962,Relatively Low,,Not Applicable,54.97752087347463,Relatively Low,20.165394402035624,Very Low,31.202290076335874,Very Low,85.40076335877863,Relatively Low
48255,Texas,TX,Karnes,58.42875318066157,Relatively Low,85.14810179390905,Relatively Moderate,63.77226463104325,Relatively Low,,Not Applicable,62.20295439948619,Relatively Low,11.736641221374047,Very Low,11.132315521628499,Very Low,59.16030534351145,Very Low
48257,Texas,TX,Kaufman,76.17684478371501,Relatively Low,50.31289111389236,Very Low,76.39949109414759,Relatively Moderate,,Not Applicable,93.28837508028259,Relatively Moderate,59.12849872773537,Very Low,18.861323155216287,Very Low,79.9618320610687,Relatively Low
48259,Texas,TX,Kendall,65.48982188295165,Relatively Low,47.76804338756779,Very Low,75.12722646310432,Relatively Moderate,,Not Applicable,46.24277456647399,Relatively Low,9.223918575063614,Very Low,52.48091603053435,Very Low,85.46437659033079,Relatively Low
48261,Texas,TX,Kenedy,28.37150127226463,Very Low,73.09136420525657,Relatively Low,0.349872773536896,Very Low,0.0,No Rating,6.454720616570328,Very Low,0.508905852417303,Very Low,0.540712468193384,Very Low,44.910941475826974,Very Low
48263,Texas,TX,Kent,1.081424936386768,Very Low,8.218606591572799,Very Low,0.540712468193384,Very Low,,Not Applicable,5.073859987154785,Very Low,1.176844783715013,Very Low,24.904580152671755,Very Low,66.50763358778626,Relatively Low
48265,Texas,TX,Kerr,77.16284987277355,Relatively Low,61.95244055068836,Relatively Low,85.24173027989822,Relatively Moderate,,Not Applicable,67.40526653821452,Relatively Low,16.412213740458014,Very Low,66.2849872773537,Relatively Low,84.44656488549617,Relatively Low
48267,Texas,TX,Kimble,32.156488549618324,Very Low,50.39632874426366,Very Low,55.40712468193384,Relatively Low,,Not Applicable,24.502247912652535,Very Low,5.534351145038168,Very Low,36.06870229007634,Very Low,75.82697201017811,Relatively Low
48269,Texas,TX,King,0.318066157760814,Very Low,10.513141426783479,Very Low,0.604325699745547,Very Low,,Not Applicable,4.110468850353243,Very Low,1.33587786259542,Very Low,18.479643765903308,Very Low,55.94783715012722,Very Low
48271,Texas,TX,Kinney,2.194656488549618,Very Low,40.75928243637881,Very Low,5.979643765903308,Very Low,,Not Applicable,24.823378291586383,Very Low,1.685750636132316,Very Low,4.484732824427481,Very Low,15.235368956743004,Very Low
48273,Texas,TX,Kleberg,84.4147582697201,Relatively Moderate,93.90905298289528,Relatively High,55.343511450381676,Relatively Low,34.8,Very Low,80.8927424534361,Relatively Moderate,19.083969465648856,Very Low,11.41857506361323,Very Low,66.6030534351145,Relatively Low
48275,Texas,TX,Knox,17.84351145038168,Very Low,28.994576554025862,Very Low,5.311704834605599,Very Low,,Not Applicable,30.057803468208093,Very Low,15.744274809160306,Very Low,18.161577608142494,Very Low,43.670483460559794,Very Low
48277,Texas,TX,Lamar,79.54834605597965,Relatively Low,55.903212348769294,Very Low,62.40458015267175,Relatively Low,,Not Applicable,87.60436737315351,Relatively Moderate,66.22137404580153,Relatively Low,25.222646310432573,Very Low,86.1323155216285,Relatively Low
48279,Texas,TX,Lamb,61.22773536895675,Relatively Low,43.67959949937422,Very Low,18.606870229007633,Very Low,,Not Applicable,29.415542710340397,Very Low,28.5941475826972,Very Low,0.349872773536896,Very Low,85.84605597964376,Relatively Low
48281,Texas,TX,Lampasas,29.930025445292618,Very Low,45.55694618272841,Very Low,41.921119592875314,Relatively Low,,Not Applicable,37.925497752087345,Very Low,9.669211195928753,Very Low,17.58905852417303,Very Low,84.03307888040712,Relatively Low
48283,Texas,TX,La Salle,22.55089058524173,Very Low,63.370880267000416,Relatively Low,23.44147582697201,Very Low,,Not Applicable,66.24919717405267,Relatively Low,9.192111959287532,Very Low,6.26590330788804,Very Low,65.99872773536896,Relatively Low
48285,Texas,TX,Lavaca,78.9440203562341,Relatively Low,84.73091364205257,Relatively Moderate,85.75063613231552,Relatively Moderate,,Not Applicable,54.36737315350032,Relatively Low,15.521628498727736,Very Low,10.559796437659033,Very Low,37.18193384223918,Very Low
48287,Texas,TX,Lee,40.458015267175576,Very Low,72.5907384230288,Relatively Low,21.024173027989825,Very Low,,Not Applicable,46.628131021194605,Relatively Low,13.772264631043257,Very Low,8.93765903307888,Very Low,46.469465648854964,Very Low
48289,Texas,TX,Leon,58.30152671755725,Relatively Low,74.71839799749687,Relatively Low,39.408396946564885,Relatively Low,,Not Applicable,49.93577392421323,Relatively Low,18.734096692111958,Very Low,39.026717557251914,Very Low,57.538167938931295,Very Low
48291,Texas,TX,Liberty,79.51653944020356,Relatively Low,90.1543596161869,Relatively Moderate,68.98854961832062,Relatively Low,20.599999999999998,Very Low,83.8150289017341,Relatively Moderate,30.438931297709924,Very Low,18.670483460559797,Very Low,83.58778625954199,Relatively Low
48293,Texas,TX,Limestone,59.25572519083969,Relatively Low,72.92448894451398,Relatively Low,49.586513994910945,Relatively Low,,Not Applicable,57.5465639049454,Relatively Low,29.930025445292618,Very Low,22.264631043256998,Very Low,73.15521628498728,Relatively Low
48295,Texas,TX,Lipscomb,27.89440203562341,Very Low,16.729244889445138,Very Low,4.357506361323155,Very Low,,Not Applicable,8.863198458574182,Very Low,18.543256997455472,Very Low,0.763358778625954,Very Low,84.57379134860051,Relatively Low
48297,Texas,TX,Live Oak,33.74681933842239,Very Low,79.43262411347519,Relatively Low,25.286259541984734,Very Low,,Not Applicable,55.459216441875405,Relatively Low,4.930025445292621,Very Low,13.486005089058525,Very Low,46.024173027989825,Very Low
48299,Texas,TX,Llano,70.3880407124682,Relatively Low,54.025865665415104,Very Low,82.50636132315522,Relatively Moderate,,Not Applicable,59.409120102761726,Relatively Low,9.701017811704835,Very Low,36.291348600508904,Very Low,80.24809160305344,Relatively Low
48301,Texas,TX,Loving,0.031806615776081,Very Low,7.008760951188986,Very Low,0.22264631043257,Very Low,,Not Applicable,2.633269107257546,Very Low,0.286259541984733,Very Low,0.031806615776081,Very Low,5.025445292620865,Very Low
48303,Texas,TX,Lubbock,96.2468193384224,Relatively High,47.18397997496871,Very Low,92.1119592875318,Relatively Moderate,,Not Applicable,80.57161207450226,Relatively Moderate,60.40076335877863,Relatively Low,20.451653944020357,Very Low,86.19592875318067,Relatively Low
48305,Texas,TX,Lynn,22.99618320610687,Very Low,23.23738005840634,Very Low,4.516539440203562,Very Low,,Not Applicable,15.992292870905588,Very Low,13.549618320610687,Very Low,0.477099236641221,Very Low,56.8384223918575,Very Low
48307,Texas,TX,McCulloch,10.05089058524173,Very Low,30.621610346266166,Very Low,16.825699745547073,Very Low,,Not Applicable,33.65446371226718,Very Low,6.043256997455471,Very Low,6.361323155216285,Very Low,69.3384223918575,Relatively Low
48309,Texas,TX,McLennan,91.22137404580153,Relatively Moderate,81.35168961201502,Relatively Low,88.93129770992367,Relatively Moderate,,Not Applicable,96.05009633911368,Relatively Moderate,64.34478371501272,Relatively Low,38.295165394402034,Very Low,90.01272264631042,Relatively Moderate
48311,Texas,TX,McMullen,0.572519083969466,Very Low,54.56821026282853,Very Low,2.194656488549618,Very Low,,Not Applicable,9.794476557482337,Very Low,1.081424936386768,Very Low,3.435114503816794,Very Low,27.798982188295163,Very Low
48313,Texas,TX,Madison,34.891857506361326,Very Low,79.09887359198999,Relatively Low,23.823155216284988,Very Low,,Not Applicable,40.46242774566474,Relatively Low,18.161577608142494,Very Low,4.993638676844784,Very Low,47.837150127226465,Very Low
48315,Texas,TX,Marion,29.166666666666668,Very Low,51.689612015018774,Very Low,26.017811704834603,Very Low,,Not Applicable,62.23506743737958,Relatively Low,32.1882951653944,Very Low,28.848600508905854,Very Low,51.08142493638677,Very Low
48317,Texas,TX,Martin,19.974554707379134,Very Low,20.191906549853982,Very Low,28.62595419847328,Very Low,,Not Applicable,19.171483622350674,Very Low,10.49618320610687,Very Low,0.731552162849873,Very Low,69.8791348600509,Relatively Low
48319,Texas,TX,Mason,10.973282442748092,Very Low,41.51022110972048,Very Low,25.44529262086514,Very Low,,Not Applicable,23.538856775850995,Very Low,2.608142493638677,Very Low,16.921119592875318,Very Low,70.13358778625954,Relatively Low
48321,Texas,TX,Matagorda,80.34351145038168,Relatively Low,95.61952440550688,Relatively High,59.38295165394402,Relatively Low,68.0,Relatively Moderate,74.30956968529223,Relatively Low,20.388040712468193,Very Low,12.881679389312978,Very Low,73.69592875318067,Relatively Low
48323,Texas,TX,Maverick,64.15394402035624,Relatively Low,65.8322903629537,Relatively Low,73.05979643765903,Relatively Moderate,,Not Applicable,90.39820166987798,Relatively Moderate,18.893129770992367,Very Low,29.993638676844785,Very Low,48.473282442748086,Very Low
48325,Texas,TX,Medina,68.70229007633588,Relatively Low,59.03212348769294,Relatively Low,77.2264631043257,Relatively Moderate,,Not Applicable,74.02055234425177,Relatively Low,14.885496183206106,Very Low,52.16284987277354,Very Low,85.24173027989822,Relatively Low
48327,Texas,TX,Menard,3.053435114503817,Very Low,36.00333750521485,Very Low,11.959287531806616,Very Low,,Not Applicable,13.96917148362235,Very Low,3.753180661577608,Very Low,8.9058524173028,Very Low,59.98727735368957,Very Low
48329,Texas,TX,Midland,81.20229007633588,Relatively Moderate,38.423028785982474,Very Low,80.50254452926208,Relatively Moderate,,Not Applicable,65.67116249197173,Relatively Low,37.404580152671755,Very Low,1.749363867684478,Very Low,93.09796437659033,Relatively Moderate
48331,Texas,TX,Milam,58.07888040712468,Relatively Low,77.76387150604923,Relatively Low,51.68575063613231,Relatively Low,,Not Applicable,65.06101477199742,Relatively Low,23.886768447837152,Very Low,26.14503816793893,Very Low,65.61704834605598,Relatively Low
48333,Texas,TX,Mills,5.597964376590331,Very Low,33.458489778890275,Very Low,11.291348600508906,Very Low,,Not Applicable,25.016056518946694,Very Low,3.498727735368957,Very Low,10.114503816793894,Very Low,76.46310432569975,Relatively Low
48335,Texas,TX,Mitchell,19.751908396946565,Very Low,23.90488110137672,Very Low,18.22519083969466,Very Low,,Not Applicable,31.021194605009633,Very Low,11.513994910941475,Very Low,5.438931297709924,Very Low,83.96946564885496,Relatively Low
48337,Texas,TX,Montague,54.86641221374045,Relatively Low,38.79849812265332,Very Low,30.725190839694655,Very Low,,Not Applicable,78.09890815671162,Relatively Low,36.036895674300254,Very Low,58.842239185750635,Very Low,89.75826972010178,Relatively Moderate
48339,Texas,TX,Montgomery,95.73791348600508,Relatively High,93.74217772215269,Relatively High,95.57888040712467,Relatively High,,Not Applicable,95.76107899807322,Relatively Moderate,65.99872773536896,Relatively Low,53.33969465648855,Very Low,79.29389312977099,Relatively Low
48341,Texas,TX,Moore,61.895674300254456,Relatively Low,0.0,No Rating,9.60559796437659,Very Low,,Not Applicable,22.639691714836225,Very Low,39.344783715012724,Very Low,5.089058524173027,Very Low,89.24936386768448,Relatively Moderate
48343,Texas,TX,Morris,34.541984732824424,Very Low,49.3116395494368,Very Low,24.236641221374043,Very Low,,Not Applicable,59.89081567116249,Relatively Low,38.963104325699746,Very Low,22.010178117048344,Very Low,64.63104325699746,Relatively Low
48345,Texas,TX,Motley,3.180661577608142,Very Low,9.762202753441802,Very Low,1.55852417302799,Very Low,,Not Applicable,11.335902376364803,Very Low,4.421119592875318,Very Low,5.248091603053435,Very Low,80.3117048346056,Relatively Low
48347,Texas,TX,Nacogdoches,80.72519083969466,Relatively Low,83.3959115561118,Relatively Moderate,75.57251908396947,Relatively Moderate,,Not Applicable,91.29736673089273,Relatively Moderate,48.98218829516539,Very Low,68.70229007633588,Relatively Low,78.81679389312977,Relatively Low
48349,Texas,TX,Navarro,75.25445292620864,Relatively Low,61.45181476846058,Relatively Low,68.28880407124683,Relatively Low,,Not Applicable,85.03532434168272,Relatively Moderate,47.32824427480916,Very Low,22.74173027989822,Very Low,82.28371501272265,Relatively Low
48351,Texas,TX,Newton,27.16284987277354,Very Low,82.35294117647058,Relatively Moderate,29.07124681933842,Very Low,38.2,Very Low,47.81631342324984,Relatively Low,26.622137404580155,Very Low,25.826972010178118,Very Low,75.0,Relatively Low
48353,Texas,TX,Nolan,37.849872773536894,Very Low,26.825198164372132,Very Low,29.262086513994912,Very Low,,Not Applicable,43.513166345536284,Relatively Low,17.17557251908397,Very Low,12.977099236641221,Very Low,86.60941475826972,Relatively Low
48355,Texas,TX,Nueces,96.62849872773536,Relatively High,98.58156028368793,Very High,93.28880407124683,Relatively High,72.2,Relatively Moderate,98.04110468850354,Relatively High,46.087786259541986,Very Low,45.10178117048346,Very Low,73.9821882951654,Relatively Low
48357,Texas,TX,Ochiltree,34.86005089058524,Very Low,27.701293283270758,Very Low,7.37913486005089,Very Low,,Not Applicable,13.070006422607577,Very Low,31.90203562340967,Very Low,1.272264631043257,Very Low,76.24045801526718,Relatively Low
48359,Texas,TX,Oldham,9.701017811704835,Very Low,,Not Applicable,1.622137404580153,Very Low,,Not Applicable,6.679511881824022,Very Low,15.203562340966922,Very Low,7.760814249363868,Very Low,66.12595419847328,Relatively Low
48361,Texas,TX,Orange,85.90966921119593,Relatively Moderate,95.2023362536504,Relatively High,78.46692111959288,Relatively Moderate,80.2,Relatively Moderate,74.05266538214515,Relatively Low,45.61068702290076,Very Low,7.824427480916031,Very Low,89.44020356234097,Relatively Moderate
48363,Texas,TX,Palo Pinto,55.216284987277355,Relatively Low,43.47100542344597,Very Low,59.891857506361326,Relatively Low,,Not Applicable,63.230571612074506,Relatively Low,27.099236641221374,Very Low,74.84096692111959,Relatively Low,90.2671755725191,Relatively Moderate
48365,Texas,TX,Panola,55.43893129770993,Relatively Low,78.26449728827701,Relatively Low,44.338422391857506,Relatively Low,,Not Applicable,75.30507385998716,Relatively Low,50.89058524173028,Very Low,20.5470737913486,Very Low,72.10559796437659,Relatively Low
48367,Texas,TX,Parker,81.10687022900763,Relatively Moderate,45.18147684605757,Very Low,72.42366412213741,Relatively Low,,Not Applicable,89.53114964675657,Relatively Moderate,41.4440203562341,Very Low,64.79007633587787,Relatively Low,96.2468193384224,Relatively Moderate
48369,Texas,TX,Parmer,81.80661577608143,Relatively Moderate,40.96787651230705,Very Low,5.279898218829516,Very Low,,Not Applicable,19.974309569685293,Very Low,24.045801526717558,Very Low,0.159033078880407,Very Low,67.17557251908397,Relatively Low
48371,Texas,TX,Pecos,25.127226463104325,Very Low,30.45473508552357,Very Low,23.536895674300254,Very Low,,Not Applicable,60.62941554271034,Relatively Low,20.737913486005088,Very Low,16.475826972010175,Very Low,64.82188295165395,Relatively Low
48373,Texas,TX,Polk,75.57251908396947,Relatively Low,89.98748435544431,Relatively Moderate,63.80407124681934,Relatively Low,,Not Applicable,77.13551701991008,Relatively Low,36.418575063613225,Very Low,49.26844783715013,Very Low,75.54071246819338,Relatively Low
48375,Texas,TX,Potter,90.48982188295165,Relatively Moderate,0.0,No Rating,68.03435114503816,Relatively Low,,Not Applicable,70.87347463070006,Relatively Low,79.07124681933843,Relatively Low,26.463104325699742,Very Low,95.13358778625954,Relatively Moderate
48377,Texas,TX,Presidio,10.241730279898219,Very Low,14.43471005423446,Very Low,18.12977099236641,Very Low,,Not Applicable,45.472061657032754,Relatively Low,33.524173027989825,Very Low,21.882951653944023,Very Low,80.1526717557252,Relatively Low
48379,Texas,TX,Rains,14.09033078880407,Very Low,41.969128076762615,Very Low,12.5,Very Low,,Not Applicable,47.94476557482338,Relatively Low,22.646310432569976,Very Low,5.884223918575064,Very Low,42.49363867684479,Very Low
48381,Texas,TX,Randall,86.76844783715013,Relatively Moderate,0.0,No Rating,66.88931297709924,Relatively Low,,Not Applicable,73.24983943481054,Relatively Low,73.85496183206108,Relatively Low,24.30025445292621,Very Low,95.86513994910942,Relatively Moderate
48383,Texas,TX,Reagan,5.884223918575064,Very Low,14.309553608677513,Very Low,3.816793893129771,Very Low,,Not Applicable,15.31791907514451,Very Low,3.594147582697201,Very Low,0.22264631043257,Very Low,56.39312977099237,Very Low
48385,Texas,TX,Real,42.589058524173026,Very Low,46.59991656236963,Very Low,68.54325699745547,Relatively Low,,Not Applicable,19.428387925497752,Very Low,1.876590330788804,Very Low,46.11959287531807,Very Low,72.13740458015268,Relatively Low
48387,Texas,TX,Red River,64.7264631043257,Relatively Low,46.68335419274093,Very Low,11.704834605597965,Very Low,,Not Applicable,57.73924213230571,Relatively Low,37.43638676844784,Very Low,8.396946564885496,Very Low,59.478371501272264,Very Low
48389,Texas,TX,Reeves,19.147582697201017,Very Low,15.644555694618273,Very Low,31.520356234096692,Very Low,,Not Applicable,36.062941554271035,Very Low,25.190839694656486,Very Low,7.220101781170484,Very Low,51.14503816793893,Very Low
48391,Texas,TX,Refugio,37.468193384223916,Very Low,87.35919899874844,Relatively Moderate,18.193384223918574,Very Low,42.6,Very Low,41.36159280667952,Relatively Low,4.611959287531807,Very Low,5.216284987277354,Very Low,56.6793893129771,Very Low
48393,Texas,TX,Roberts,3.11704834605598,Very Low,7.342511472674176,Very Low,0.381679389312977,Very Low,,Not Applicable,3.436095054592164,Very Low,4.548346055979644,Very Low,7.15648854961832,Very Low,75.3498727735369,Relatively Low
48395,Texas,TX,Robertson,29.580152671755727,Very Low,72.0066750104297,Relatively Low,37.30916030534351,Relatively Low,,Not Applicable,49.26140012845215,Relatively Low,22.105597964376592,Very Low,18.797709923664122,Very Low,46.62849872773537,Very Low
48397,Texas,TX,Rockwall,70.73791348600508,Relatively Low,33.95911556111806,Very Low,61.29134860050891,Relatively Low,,Not Applicable,90.10918432883751,Relatively Moderate,43.51145038167939,Very Low,14.026717557251908,Very Low,66.57124681933843,Relatively Low
48399,Texas,TX,Runnels,26.494910941475823,Very Low,33.12473925740509,Very Low,23.40966921119593,Very Low,,Not Applicable,37.058445728965964,Very Low,14.09033078880407,Very Low,6.329516539440204,Very Low,72.48727735368958,Relatively Low
48401,Texas,TX,Rusk,54.007633587786266,Relatively Low,71.63120567375887,Relatively Low,45.86513994910941,Relatively Low,,Not Applicable,83.65446371226717,Relatively Moderate,44.40203562340967,Very Low,48.75954198473282,Very Low,72.99618320610686,Relatively Low
48403,Texas,TX,Sabine,22.105597964376592,Very Low,73.75886524822694,Relatively Low,32.85623409669211,Very Low,,Not Applicable,55.29865125240848,Relatively Low,25.06361323155216,Very Low,32.156488549618324,Very Low,58.61959287531806,Very Low
48405,Texas,TX,San Augustine,17.62086513994911,Very Low,73.46683354192741,Relatively Low,16.9529262086514,Very Low,,Not Applicable,56.48683365446371,Relatively Low,24.077608142493638,Very Low,30.248091603053435,Very Low,56.424936386768444,Very Low
48407,Texas,TX,San Jacinto,58.87404580152672,Relatively Low,74.50980392156863,Relatively Low,60.973282442748086,Relatively Low,,Not Applicable,57.321772639691716,Relatively Low,20.06997455470738,Very Low,31.774809160305345,Very Low,68.35241730279898,Relatively Low
48409,Texas,TX,San Patricio,85.40076335877863,Relatively Moderate,95.0354609929078,Relatively High,73.82315521628499,Relatively Moderate,53.0,Relatively Low,88.21451509312782,Relatively Moderate,22.58269720101781,Very Low,13.19974554707379,Very Low,64.2175572519084,Relatively Low
48411,Texas,TX,San Saba,7.283715012722647,Very Low,37.88068418856905,Very Low,14.853689567430026,Very Low,,Not Applicable,22.575465639049455,Very Low,3.657760814249364,Very Low,12.913486005089059,Very Low,71.46946564885496,Relatively Low
48413,Texas,TX,Schleicher,3.753180661577608,Very Low,24.28035043804756,Very Low,2.099236641221374,Very Low,,Not Applicable,11.9781631342325,Very Low,2.671755725190839,Very Low,0.699745547073791,Very Low,80.21628498727735,Relatively Low
48415,Texas,TX,Scurry,29.993638676844785,Very Low,22.861910721735505,Very Low,23.6323155216285,Very Low,,Not Applicable,38.792549775208734,Very Low,20.896946564885496,Very Low,21.183206106870227,Very Low,88.23155216284987,Relatively Low
48417,Texas,TX,Shackelford,1.431297709923664,Very Low,19.524405506883603,Very Low,3.244274809160305,Very Low,,Not Applicable,16.184971098265898,Very Low,5.089058524173027,Very Low,30.661577608142494,Very Low,75.85877862595419,Relatively Low
48419,Texas,TX,Shelby,55.72519083969466,Relatively Low,83.22903629536921,Relatively Moderate,45.10178117048346,Relatively Low,,Not Applicable,76.81438664097624,Relatively Low,47.96437659033079,Very Low,53.021628498727736,Very Low,70.54707379134861,Relatively Low
48421,Texas,TX,Sherman,30.279898218829516,Very Low,,Not Applicable,1.145038167938931,Very Low,,Not Applicable,5.234425176621708,Very Low,18.352417302798983,Very Low,0.826972010178117,Very Low,65.20356234096693,Relatively Low
48423,Texas,TX,Smith,84.16030534351145,Relatively Moderate,75.09386733416771,Relatively Low,84.92366412213741,Relatively Moderate,,Not Applicable,96.27488760436738,Relatively Moderate,69.65648854961832,Relatively Low,74.58651399491094,Relatively Low,80.34351145038168,Relatively Low
48425,Texas,TX,Somervell,10.814249363867685,Very Low,42.92866082603254,Very Low,20.06997455470738,Very Low,,Not Applicable,28.7732819524727,Very Low,6.647582697201019,Very Low,11.959287531806616,Very Low,81.04325699745547,Relatively Low
48427,Texas,TX,Starr,84.79643765903307,Relatively Moderate,78.7651230705048,Relatively Low,72.39185750636132,Relatively Low,,Not Applicable,81.47077713551703,Relatively Moderate,29.70737913486005,Very Low,30.852417302798983,Very Low,84.89185750636132,Relatively Low
48429,Texas,TX,Stephens,9.223918575063614,Very Low,26.90863579474343,Very Low,18.734096692111958,Very Low,,Not Applicable,38.50353243416828,Very Low,10.782442748091603,Very Low,54.770992366412216,Very Low,76.0178117048346,Relatively Low
48431,Texas,TX,Sterling,1.11323155216285,Very Low,7.88485607008761,Very Low,0.795165394402036,Very Low,,Not Applicable,11.207450224791266,Very Low,0.66793893129771,Very Low,2.671755725190839,Very Low,69.75190839694656,Relatively Low
48433,Texas,TX,Stonewall,3.816793893129771,Very Low,15.143929912390488,Very Low,1.017811704834606,Very Low,,Not Applicable,8.991650610147719,Very Low,4.4529262086514,Very Low,22.646310432569976,Very Low,66.03053435114504,Relatively Low
48435,Texas,TX,Sutton,7.061068702290077,Very Low,29.24488944513976,Very Low,19.115776081424936,Very Low,,Not Applicable,16.570327552986512,Very Low,3.689567430025445,Very Low,20.388040712468193,Very Low,85.49618320610686,Relatively Low
48437,Texas,TX,Swisher,37.43638676844784,Very Low,43.13725490196079,Very Low,11.83206106870229,Very Low,,Not Applicable,21.290944123314066,Very Low,33.23791348600509,Very Low,0.795165394402036,Very Low,87.75445292620864,Relatively Low
48439,Texas,TX,Tarrant,99.14122137404581,Relatively High,72.2569879015436,Relatively Low,99.14122137404581,Relatively High,,Not Applicable,99.45407835581246,Relatively High,88.26335877862596,Relatively Low,68.00254452926208,Relatively Low,91.47582697201018,Relatively Moderate
48441,Texas,TX,Taylor,83.81043256997455,Relatively Moderate,49.01960784313725,Very Low,82.76081424936386,Relatively Moderate,,Not Applicable,86.80154142581888,Relatively Moderate,38.51781170483461,Very Low,20.833333333333336,Very Low,89.7264631043257,Relatively Moderate
48443,Texas,TX,Terrell,0.413486005089058,Very Low,10.137672090112641,Very Low,3.721374045801527,Very Low,,Not Applicable,12.556197816313421,Very Low,1.55852417302799,Very Low,12.659033078880407,Very Low,46.69211195928753,Very Low
48445,Texas,TX,Terry,52.035623409669206,Relatively Low,31.330830204422195,Very Low,11.673027989821882,Very Low,,Not Applicable,29.57610789980732,Very Low,16.380407124681934,Very Low,0.89058524173028,Very Low,58.651399491094146,Very Low
48447,Texas,TX,Throckmorton,3.307888040712468,Very Low,19.858156028368796,Very Low,2.003816793893129,Very Low,,Not Applicable,14.964675658317278,Very Low,4.675572519083969,Very Low,20.578880407124682,Very Low,70.80152671755725,Relatively Low
48449,Texas,TX,Titus,46.81933842239186,Relatively Low,56.69586983729662,Very Low,31.93384223918575,Very Low,,Not Applicable,75.52986512524085,Relatively Low,51.87659033078881,Very Low,20.165394402035624,Very Low,73.40966921119593,Relatively Low
48451,Texas,TX,Tom Green,77.32188295165395,Relatively Low,47.22569879015436,Very Low,76.65394402035624,Relatively Moderate,,Not Applicable,88.50353243416828,Relatively Moderate,30.53435114503817,Very Low,15.298982188295165,Very Low,93.12977099236642,Relatively Moderate
48453,Texas,TX,Travis,97.74173027989822,Relatively High,77.1380892782645,Relatively Low,98.34605597964376,Relatively High,,Not Applicable,98.5228002569043,Relatively High,53.49872773536896,Very Low,80.05725190839695,Relatively Low,90.83969465648855,Relatively Moderate
48455,Texas,TX,Trinity,60.62340966921119,Relatively Low,83.68794326241135,Relatively Moderate,40.26717557251908,Relatively Low,,Not Applicable,53.403982016698784,Relatively Low,29.103053435114507,Very Low,23.85496183206107,Very Low,69.97455470737913,Relatively Low
48457,Texas,TX,Tyler,61.00508905852418,Relatively Low,88.6107634543179,Relatively Moderate,59.09669211195929,Relatively Low,,Not Applicable,57.51445086705203,Relatively Low,29.580152671755727,Very Low,44.083969465648856,Very Low,85.87786259541986,Relatively Low
48459,Texas,TX,Upshur,66.92111959287533,Relatively Low,61.326658322903626,Relatively Low,58.93765903307888,Relatively Low,,Not Applicable,80.15414258188824,Relatively Moderate,39.63104325699746,Very Low,53.14885496183206,Very Low,77.32188295165395,Relatively Low
48461,Texas,TX,Upton,7.665394402035624,Very Low,16.39549436795995,Very Low,7.124681933842239,Very Low,,Not Applicable,17.8548490687219,Very Low,7.188295165394402,Very Low,2.798982188295165,Very Low,45.00636132315521,Very Low
48463,Texas,TX,Uvalde,70.0381679389313,Relatively Low,62.4113475177305,Relatively Low,82.31552162849873,Relatively Moderate,,Not Applicable,81.88824662813103,Relatively Moderate,15.617048346055979,Very Low,34.00127226463104,Very Low,73.21882951653944,Relatively Low
48465,Texas,TX,Val Verde,76.08142493638677,Relatively Low,57.6136837713809,Very Low,87.30916030534351,Relatively Moderate,,Not Applicable,69.42838792549774,Relatively Low,22.232824427480917,Very Low,53.848600508905854,Very Low,85.01908396946564,Relatively Low
48467,Texas,TX,Van Zandt,58.778625954198475,Relatively Low,62.745098039215684,Relatively Low,53.62595419847328,Relatively Low,,Not Applicable,80.02569043031471,Relatively Moderate,44.56106870229007,Very Low,28.912213740458014,Very Low,69.08396946564885,Relatively Low
48469,Texas,TX,Victoria,86.4821882951654,Relatively Moderate,96.16186900292033,Relatively High,71.15139949109415,Relatively Low,27.800000000000004,Very Low,82.36994219653178,Relatively Moderate,26.463104325699742,Very Low,9.351145038167939,Very Low,76.52671755725191,Relatively Low
48471,Texas,TX,Walker,73.82315521628499,Relatively Low,84.10513141426783,Relatively Moderate,65.93511450381679,Relatively Low,,Not Applicable,78.19524727039177,Relatively Low,31.424936386768447,Very Low,39.50381679389313,Very Low,78.11704834605598,Relatively Low
48473,Texas,TX,Waller,70.26081424936386,Relatively Low,83.27075511055486,Relatively Moderate,65.64885496183206,Relatively Low,,Not Applicable,69.94219653179191,Relatively Low,28.530534351145036,Very Low,10.591603053435113,Very Low,70.70610687022901,Relatively Low
48475,Texas,TX,Ward,15.362595419847327,Very Low,21.193158114309554,Very Low,27.099236641221374,Very Low,,Not Applicable,39.0815671162492,Relatively Low,21.278625954198475,Very Low,0.508905852417303,Very Low,75.28625954198473,Relatively Low
48477,Texas,TX,Washington,71.97837150127226,Relatively Low,84.68919482686692,Relatively Moderate,72.67811704834605,Relatively Low,,Not Applicable,68.36865767501605,Relatively Low,26.717557251908396,Very Low,23.473282442748094,Very Low,48.82315521628499,Very Low
48479,Texas,TX,Webb,89.24936386768448,Relatively Moderate,85.73216520650814,Relatively Moderate,91.03053435114504,Relatively Moderate,,Not Applicable,97.43095696852923,Relatively High,44.24300254452926,Very Low,56.965648854961835,Very Low,63.835877862595424,Relatively Low
48481,Texas,TX,Wharton,83.01526717557252,Relatively Moderate,94.82686691697955,Relatively High,69.81552162849873,Relatively Low,0.0,No Rating,78.5806037251124,Relatively Low,26.240458015267176,Very Low,11.195928753180661,Very Low,52.958015267175576,Very Low
48483,Texas,TX,Wheeler,41.28498727735369,Very Low,23.362536503963288,Very Low,7.697201017811704,Very Low,,Not Applicable,13.262684649967888,Very Low,31.711195928753185,Very Low,1.11323155216285,Very Low,94.3384223918575,Relatively Moderate
48485,Texas,TX,Wichita,81.90203562340967,Relatively Moderate,47.5177304964539,Very Low,80.75699745547074,Relatively Moderate,,Not Applicable,92.77456647398844,Relatively Moderate,65.52162849872774,Relatively Low,27.798982188295163,Very Low,92.58905852417303,Relatively Moderate
48487,Texas,TX,Wilbarger,46.087786259541986,Relatively Low,29.28660826032541,Very Low,13.486005089058525,Very Low,,Not Applicable,67.4373795761079,Relatively Low,34.66921119592875,Very Low,21.692111959287534,Very Low,63.51781170483461,Relatively Low
48489,Texas,TX,Willacy,77.48091603053436,Relatively Low,91.65623696287025,Relatively Moderate,30.884223918575067,Very Low,40.400000000000006,Very Low,57.61078998073218,Relatively Low,15.235368956743004,Very Low,6.297709923664121,Very Low,28.72137404580153,Very Low
48491,Texas,TX,Williamson,90.10814249363868,Relatively Moderate,69.04463913224865,Relatively Low,91.31679389312977,Relatively Moderate,,Not Applicable,91.04046242774567,Relatively Moderate,36.45038167938932,Very Low,24.077608142493638,Very Low,87.81806615776081,Relatively Low
48493,Texas,TX,Wilson,75.54071246819338,Relatively Low,63.7880684188569,Relatively Low,84.38295165394402,Relatively Moderate,,Not Applicable,73.85998715478485,Relatively Low,15.267175572519085,Very Low,12.754452926208652,Very Low,71.66030534351145,Relatively Low
48495,Texas,TX,Winkler,4.134860050890586,Very Low,11.222361284939508,Very Low,4.643765903307888,Very Low,,Not Applicable,29.31920359666024,Very Low,16.189567430025445,Very Low,0.604325699745547,Very Low,57.347328244274806,Very Low
48497,Texas,TX,Wise,58.96946564885496,Relatively Low,33.79224030037547,Very Low,60.01908396946565,Relatively Low,,Not Applicable,85.70969813744381,Relatively Moderate,39.662849872773535,Very Low,60.591603053435115,Very Low,93.73409669211196,Relatively Moderate
48499,Texas,TX,Wood,63.231552162849866,Relatively Low,66.08260325406758,Relatively Low,59.28753180661578,Relatively Low,,Not Applicable,84.8747591522158,Relatively Moderate,45.76972010178117,Very Low,45.29262086513995,Very Low,73.18702290076335,Relatively Low
48501,Texas,TX,Yoakum,46.0559796437659,Relatively Low,30.037546933667088,Very Low,36.354961832061065,Relatively Low,,Not Applicable,26.878612716763005,Very Low,13.994910941475828,Very Low,1.717557251908397,Very Low,86.4821882951654,Relatively Low
48503,Texas,TX,Young,36.354961832061065,Very Low,41.92740926157697,Very Low,34.891857506361326,Very Low,,Not Applicable,59.82658959537572,Relatively Low,27.19465648854962,Very Low,52.989821882951645,Very Low,90.10814249363868,Relatively Moderate
48505,Texas,TX,Zapata,31.361323155216287,Very Low,65.99916562369629,Relatively Low,19.87913486005089,Very Low,,Not Applicable,42.164418754014136,Relatively Low,18.447837150127228,Very Low,14.058524173027989,Very Low,70.86513994910942,Relatively Low
48507,Texas,TX,Zavala,53.62595419847328,Relatively Low,60.28368794326241,Relatively Low,67.01653944020356,Relatively Low,,Not Applicable,76.78227360308286,Relatively Low,7.15648854961832,Very Low,8.746819338422391,Very Low,35.337150127226465,Very Low
49001,Utah,UT,Beaver,10.368956743002544,Very Low,,Not Applicable,7.951653944020356,Very Low,,Not Applicable,32.048811817597944,Very Low,74.39567430025446,Relatively Low,93.12977099236642,Relatively Moderate,85.30534351145039,Relatively Low
49003,Utah,UT,Box Elder,55.916030534351144,Relatively Low,,Not Applicable,19.49745547073791,Very Low,,Not Applicable,43.770070648683365,Relatively Low,93.28880407124683,Relatively Moderate,46.9147582697201,Very Low,95.35623409669212,Relatively Moderate
49005,Utah,UT,Cache,66.53944020356234,Relatively Low,,Not Applicable,45.76972010178117,Relatively Low,,Not Applicable,56.229929351316635,Relatively Low,94.59287531806616,Relatively Moderate,84.51017811704835,Relatively Low,85.33715012722645,Relatively Low
49007,Utah,UT,Carbon,8.68320610687023,Very Low,,Not Applicable,22.7735368956743,Very Low,,Not Applicable,26.140012845215153,Very Low,64.8854961832061,Relatively Low,79.99363867684478,Relatively Low,66.82569974554707,Relatively Low
49009,Utah,UT,Daggett,3.689567430025445,Very Low,,Not Applicable,0.858778625954199,Very Low,,Not Applicable,0.0,No Rating,18.924936386768447,Very Low,61.800254452926204,Very Low,77.735368956743,Relatively Low
49011,Utah,UT,Davis,87.81806615776081,Relatively Moderate,,Not Applicable,59.478371501272264,Relatively Low,0.0,No Rating,86.25561978163134,Relatively Moderate,97.99618320610686,Relatively Moderate,94.65648854961832,Relatively Moderate,90.5852417302799,Relatively Moderate
49013,Utah,UT,Duchesne,7.601781170483461,Very Low,,Not Applicable,15.330788804071247,Very Low,,Not Applicable,21.001926782273603,Very Low,59.95547073791349,Relatively Low,89.63104325699746,Relatively Moderate,80.43893129770993,Relatively Low
49015,Utah,UT,Emery,6.997455470737914,Very Low,,Not Applicable,12.404580152671755,Very Low,,Not Applicable,32.080924855491325,Very Low,65.96692111959288,Relatively Low,80.50254452926208,Relatively Low,59.28753180661578,Very Low
49017,Utah,UT,Garfield,37.62722646310432,Very Low,,Not Applicable,48.82315521628499,Relatively Low,,Not Applicable,82.49839434810534,Relatively Moderate,64.09033078880407,Relatively Low,96.2150127226463,Relatively Moderate,78.27608142493638,Relatively Low
49019,Utah,UT,Grand,10.2735368956743,Very Low,,Not Applicable,25.38167938931298,Very Low,,Not Applicable,32.273603082851636,Very Low,32.69720101781171,Very Low,82.41094147582697,Relatively Low,58.5559796437659,Very Low
49021,Utah,UT,Iron,61.41857506361323,Relatively Low,,Not Applicable,44.62468193384224,Relatively Low,,Not Applicable,44.38021836865767,Relatively Low,86.83206106870229,Relatively Low,90.93511450381679,Relatively Moderate,97.74173027989822,Relatively High
49023,Utah,UT,Juab,15.298982188295165,Very Low,,Not Applicable,4.770992366412214,Very Low,,Not Applicable,37.31535003211304,Very Low,79.32569974554707,Relatively Low,37.05470737913486,Very Low,91.03053435114504,Relatively Moderate
49025,Utah,UT,Kane,39.662849872773535,Very Low,,Not Applicable,56.424936386768444,Relatively Low,,Not Applicable,86.64097623635196,Relatively Moderate,37.94529262086514,Very Low,94.78371501272265,Relatively Moderate,88.04071246819338,Relatively Low
49027,Utah,UT,Millard,22.169211195928753,Very Low,,Not Applicable,16.253180661577606,Very Low,,Not Applicable,37.37957610789981,Very Low,83.23791348600508,Relatively Low,26.049618320610683,Very Low,91.22137404580153,Relatively Moderate
49029,Utah,UT,Morgan,3.466921119592875,Very Low,,Not Applicable,10.687022900763358,Very Low,,Not Applicable,7.931920359666024,Very Low,32.85623409669211,Very Low,90.29898218829516,Relatively Moderate,84.0966921119593,Relatively Low
49031,Utah,UT,Piute,0.89058524173028,Very Low,,Not Applicable,3.435114503816794,Very Low,,Not Applicable,9.12010276172126,Very Low,49.17302798982188,Very Low,93.00254452926208,Relatively Moderate,58.71501272264631,Very Low
49033,Utah,UT,Rich,0.826972010178117,Very Low,,Not Applicable,3.021628498727735,Very Low,,Not Applicable,1.798330122029544,Very Low,36.76844783715013,Very Low,85.20992366412213,Relatively Low,75.89058524173028,Relatively Low
49035,Utah,UT,Salt Lake,98.56870229007633,Relatively High,,Not Applicable,92.93893129770993,Relatively Moderate,0.0,No Rating,92.93513166345537,Relatively Moderate,99.61832061068702,Relatively High,86.35496183206108,Relatively Low,98.34605597964376,Relatively High
49037,Utah,UT,San Juan,26.81297709923664,Very Low,,Not Applicable,23.950381679389313,Very Low,,Not Applicable,78.1631342324984,Relatively Low,55.69338422391857,Very Low,98.47328244274809,Relatively High,82.3473282442748,Relatively Low
49039,Utah,UT,Sanpete,38.61323155216285,Very Low,,Not Applicable,24.52290076335878,Very Low,,Not Applicable,45.31149646756583,Relatively Low,83.42875318066157,Relatively Low,79.13486005089058,Relatively Low,89.02671755725191,Relatively Moderate
49041,Utah,UT,Sevier,22.74173027989822,Very Low,,Not Applicable,22.137404580152673,Very Low,,Not Applicable,27.842003853564545,Very Low,86.99109414758269,Relatively Low,79.83460559796438,Relatively Low,78.5941475826972,Relatively Low
49043,Utah,UT,Summit,60.08269720101781,Relatively Low,,Not Applicable,49.61832061068702,Relatively Low,,Not Applicable,14.033397559409119,Very Low,55.534351145038165,Very Low,92.33460559796438,Relatively Moderate,96.53307888040712,Relatively Moderate
49045,Utah,UT,Tooele,48.88676844783715,Relatively Low,,Not Applicable,18.28880407124682,Very Low,,Not Applicable,53.94990366088632,Relatively Low,83.5559796437659,Relatively Low,33.74681933842239,Very Low,97.264631043257,Relatively Moderate
49047,Utah,UT,Uintah,3.975826972010178,Very Low,,Not Applicable,10.2735368956743,Very Low,,Not Applicable,26.49325626204239,Very Low,56.87022900763359,Very Low,85.97328244274809,Relatively Low,71.37404580152672,Relatively Low
49049,Utah,UT,Utah,95.32442748091603,Relatively High,,Not Applicable,90.48982188295165,Relatively Moderate,,Not Applicable,94.3159922928709,Relatively Moderate,98.82315521628499,Relatively High,76.04961832061069,Relatively Low,98.85496183206108,Relatively High
49051,Utah,UT,Wasatch,33.524173027989825,Very Low,,Not Applicable,32.347328244274806,Very Low,,Not Applicable,17.052023121387283,Very Low,58.96946564885496,Very Low,95.64249363867684,Relatively Moderate,94.21119592875317,Relatively Moderate
49053,Utah,UT,Washington,92.8117048346056,Relatively Moderate,,Not Applicable,93.35241730279898,Relatively High,,Not Applicable,90.81567116249197,Relatively Moderate,81.07506361323156,Relatively Low,98.60050890585241,Relatively High,99.84096692111959,Relatively High
49055,Utah,UT,Wayne,1.876590330788804,Very Low,,Not Applicable,6.902035623409669,Very Low,,Not Applicable,39.59537572254335,Relatively Low,47.773536895674305,Very Low,94.17938931297711,Relatively Moderate,53.68956743002544,Very Low
49057,Utah,UT,Weber,87.02290076335878,Relatively Moderate,,Not Applicable,67.55725190839695,Relatively Low,,Not Applicable,81.43866409762364,Relatively Moderate,97.67811704834605,Relatively Moderate,46.85114503816794,Very Low,94.11577608142494,Relatively Moderate
50001,Vermont,VT,Addison,26.78117048346056,Very Low,67.45932415519398,Relatively Low,47.70992366412214,Relatively Low,,Not Applicable,45.63262684649968,Relatively Low,55.78880407124682,Very Low,72.264631043257,Relatively Low,21.43765903307888,Very Low
50003,Vermont,VT,Bennington,52.32188295165394,Relatively Low,71.88151856487276,Relatively Low,64.53562340966921,Relatively Low,,Not Applicable,27.039177906229927,Very Low,45.45165394402035,Very Low,80.02544529262087,Relatively Low,20.10178117048346,Very Low
50005,Vermont,VT,Caledonia,30.15267175572519,Very Low,71.25573633708802,Relatively Low,52.79898218829516,Relatively Low,,Not Applicable,27.328195247270394,Very Low,44.87913486005089,Very Low,78.53053435114504,Relatively Low,17.779898218829516,Very Low
50007,Vermont,VT,Chittenden,63.899491094147585,Relatively Low,65.91572799332499,Relatively Low,76.3676844783715,Relatively Moderate,,Not Applicable,73.15350032113038,Relatively Low,76.65394402035624,Relatively Low,76.59033078880407,Relatively Low,25.38167938931298,Very Low
50009,Vermont,VT,Essex,3.212468193384224,Very Low,56.362119315811434,Very Low,15.362595419847327,Very Low,,Not Applicable,12.524084778420038,Very Low,22.519083969465647,Very Low,60.43256997455471,Very Low,3.816793893129771,Very Low
50011,Vermont,VT,Franklin,29.198473282442748,Very Low,59.11556111806424,Relatively Low,52.09923664122137,Relatively Low,,Not Applicable,37.44380218368658,Very Low,60.05089058524173,Relatively Low,69.46564885496184,Relatively Low,12.595419847328243,Very Low
50013,Vermont,VT,Grand Isle,1.908396946564886,Very Low,34.54317897371715,Very Low,12.786259541984732,Very Low,,Not Applicable,13.680154142581888,Very Low,30.56615776081425,Very Low,8.333333333333332,Very Low,4.611959287531807,Very Low
50015,Vermont,VT,Lamoille,18.25699745547074,Very Low,61.61869002920317,Relatively Low,42.8117048346056,Relatively Low,,Not Applicable,21.67630057803468,Very Low,40.48982188295165,Very Low,74.93638676844783,Relatively Low,13.963104325699746,Very Low
50017,Vermont,VT,Orange,26.431297709923662,Very Low,65.45682102628285,Relatively Low,50.0,Relatively Low,,Not Applicable,36.70520231213873,Very Low,37.786259541984734,Very Low,83.04707379134861,Relatively Low,17.17557251908397,Very Low
50019,Vermont,VT,Orleans,36.83206106870229,Very Low,67.25073007926575,Relatively Low,60.68702290076335,Relatively Low,,Not Applicable,25.369299935773924,Very Low,46.69211195928753,Very Low,72.80534351145039,Relatively Low,18.893129770992367,Very Low
50021,Vermont,VT,Rutland,50.47709923664122,Relatively Low,70.04589069670422,Relatively Low,67.30279898218829,Relatively Low,,Not Applicable,55.52344251766217,Relatively Low,58.23791348600509,Very Low,82.66539440203562,Relatively Low,22.99618320610687,Very Low
50023,Vermont,VT,Washington,52.2264631043257,Relatively Low,67.33416770963704,Relatively Low,70.8969465648855,Relatively Low,,Not Applicable,55.81245985870263,Relatively Low,52.41730279898219,Very Low,97.01017811704835,Relatively Moderate,19.115776081424936,Very Low
50025,Vermont,VT,Windham,56.93384223918575,Relatively Low,74.55152273675426,Relatively Low,71.27862595419847,Relatively Low,,Not Applicable,38.27874116891458,Very Low,49.74554707379134,Very Low,85.36895674300254,Relatively Low,20.896946564885496,Very Low
50027,Vermont,VT,Windsor,61.57760814249363,Relatively Low,72.96620775969961,Relatively Low,76.7175572519084,Relatively Moderate,,Not Applicable,69.97430956968529,Relatively Low,53.9440203562341,Very Low,90.55343511450383,Relatively Moderate,26.94020356234097,Very Low
51001,Virginia,VA,Accomack,81.01145038167938,Relatively Moderate,94.45139758030872,Relatively High,50.604325699745544,Relatively Low,96.8,Very High,52.28002569043031,Relatively Low,51.14503816793893,Very Low,15.267175572519085,Very Low,79.54834605597965,Relatively Low
51003,Virginia,VA,Albemarle,78.14885496183206,Relatively Low,82.64497288277013,Relatively Moderate,85.14631043256998,Relatively Moderate,,Not Applicable,69.23570969813746,Relatively Low,85.59160305343512,Relatively Low,83.81043256997455,Relatively Low,64.34478371501272,Relatively Low
51005,Virginia,VA,Alleghany,38.07251908396946,Very Low,54.90196078431373,Very Low,56.329516539440206,Relatively Low,,Not Applicable,3.692999357739242,Very Low,34.223918575063614,Very Low,83.61959287531806,Relatively Low,18.06615776081425,Very Low
51007,Virginia,VA,Amelia,11.959287531806616,Very Low,67.75135586149354,Relatively Low,11.38676844783715,Very Low,,Not Applicable,25.497752087347465,Very Low,49.4910941475827,Very Low,19.49745547073791,Very Low,6.297709923664121,Very Low
51009,Virginia,VA,Amherst,20.99236641221374,Very Low,66.24947851481018,Relatively Low,41.57124681933842,Relatively Low,,Not Applicable,21.483622350674374,Very Low,54.38931297709924,Very Low,64.56743002544529,Relatively Low,45.13358778625955,Very Low
51011,Virginia,VA,Appomattox,5.089058524173027,Very Low,60.99290780141844,Relatively Low,14.662849872773537,Very Low,,Not Applicable,20.070648683365448,Very Low,41.157760814249365,Very Low,38.99491094147582,Very Low,21.342239185750635,Very Low
51013,Virginia,VA,Arlington,66.79389312977099,Relatively Low,80.43387567793074,Relatively Low,73.79134860050891,Relatively Moderate,41.6,Very Low,89.88439306358381,Relatively Moderate,73.02798982188295,Relatively Low,20.801526717557252,Very Low,5.725190839694656,Very Low
51015,Virginia,VA,Augusta,68.60687022900763,Relatively Low,79.22403003754694,Relatively Low,80.18447837150127,Relatively Moderate,,Not Applicable,52.76172125883109,Relatively Low,70.61068702290076,Relatively Low,90.13994910941476,Relatively Moderate,72.01017811704835,Relatively Low
51017,Virginia,VA,Bath,5.375318066157761,Very Low,47.559449311639554,Very Low,16.698473282442748,Very Low,,Not Applicable,2.312138728323699,Very Low,21.564885496183205,Very Low,84.03307888040712,Relatively Low,20.99236641221374,Very Low
51019,Virginia,VA,Bedford,51.17684478371501,Relatively Low,73.00792657488527,Relatively Low,68.25699745547074,Relatively Low,,Not Applicable,31.213872832369944,Very Low,60.17811704834606,Relatively Low,62.56361323155216,Relatively Low,66.63486005089058,Relatively Low
51021,Virginia,VA,Bland,13.040712468193385,Very Low,33.58364622444723,Very Low,29.51653944020356,Very Low,,Not Applicable,0.0,No Rating,27.512722646310433,Very Low,85.1145038167939,Relatively Low,6.361323155216285,Very Low
51023,Virginia,VA,Botetourt,18.09796437659033,Very Low,56.02836879432624,Very Low,42.36641221374045,Relatively Low,,Not Applicable,10.211946050096339,Very Low,35.655216284987276,Very Low,86.86386768447836,Relatively Low,25.06361323155216,Very Low
51025,Virginia,VA,Brunswick,28.117048346055977,Very Low,79.89153108051731,Relatively Low,28.78498727735369,Very Low,,Not Applicable,38.63198458574181,Very Low,44.11577608142493,Very Low,16.539440203562343,Very Low,21.501272264631044,Very Low
51027,Virginia,VA,Buchanan,50.604325699745544,Relatively Low,46.09929078014184,Very Low,70.19720101781171,Relatively Low,,Not Applicable,11.175337186897881,Very Low,48.091603053435115,Very Low,96.02417302798982,Relatively Moderate,72.04198473282443,Relatively Low
51029,Virginia,VA,Buckingham,18.956743002544528,Very Low,75.46933667083854,Relatively Low,24.84096692111959,Very Low,,Not Applicable,27.970456005138082,Very Low,62.945292620865146,Relatively Low,52.639949109414765,Very Low,20.737913486005088,Very Low
51031,Virginia,VA,Campbell,31.99745547073791,Very Low,71.96495619524406,Relatively Low,49.650127226463106,Relatively Low,,Not Applicable,40.71933204881182,Relatively Low,60.973282442748086,Relatively Low,57.76081424936387,Very Low,42.970737913486005,Very Low
51033,Virginia,VA,Caroline,20.706106870229007,Very Low,78.97371714643305,Relatively Low,26.78117048346056,Very Low,26.200000000000003,Very Low,39.113680154142585,Relatively Low,59.92366412213741,Relatively Low,59.00127226463104,Very Low,19.43384223918575,Very Low
51035,Virginia,VA,Carroll,45.13358778625955,Relatively Low,61.284939507717986,Relatively Low,42.652671755725194,Relatively Low,,Not Applicable,0.0,No Rating,47.487277353689564,Very Low,92.77989821882952,Relatively Moderate,55.88422391857506,Very Low
51036,Virginia,VA,Charles City,9.319338422391857,Very Low,66.62494785148102,Relatively Low,9.319338422391857,Very Low,45.2,Relatively Low,23.795761078998073,Very Low,36.9910941475827,Very Low,15.458015267175574,Very Low,21.564885496183205,Very Low
51037,Virginia,VA,Charlotte,17.36641221374046,Very Low,74.09261576971214,Relatively Low,19.81552162849873,Very Low,,Not Applicable,24.470134874759154,Very Low,45.73791348600509,Very Low,31.711195928753185,Very Low,11.323155216284988,Very Low
51041,Virginia,VA,Chesterfield,84.82824427480917,Relatively Moderate,85.81560283687944,Relatively Moderate,89.47201017811705,Relatively Moderate,44.800000000000004,Relatively Low,86.51252408477842,Relatively Moderate,89.63104325699746,Relatively Low,46.75572519083969,Very Low,44.02035623409669,Very Low
51043,Virginia,VA,Clarke,6.933842239185751,Very Low,55.694618272841055,Very Low,16.603053435114504,Very Low,,Not Applicable,54.2068079640334,Relatively Low,34.82824427480916,Very Low,48.282442748091604,Very Low,32.95165394402035,Very Low
51045,Virginia,VA,Craig,6.23409669211196,Very Low,34.62661660408845,Very Low,26.240458015267176,Very Low,,Not Applicable,2.023121387283237,Very Low,18.3206106870229,Very Low,83.26972010178118,Relatively Low,8.651399491094146,Very Low
51047,Virginia,VA,Culpeper,46.24681933842239,Relatively Low,70.88026700041719,Relatively Low,61.99109414758269,Relatively Low,,Not Applicable,60.308285163776496,Relatively Low,65.10814249363868,Relatively Low,41.475826972010175,Very Low,35.49618320610687,Very Low
51049,Virginia,VA,Cumberland,19.720101781170484,Very Low,72.88277012932832,Relatively Low,16.50763358778626,Very Low,,Not Applicable,22.28644829800899,Very Low,60.527989821882954,Relatively Low,28.085241730279897,Very Low,8.078880407124682,Very Low
51051,Virginia,VA,Dickenson,17.938931297709924,Very Low,42.052565707133915,Very Low,37.56361323155216,Relatively Low,,Not Applicable,6.775850995504175,Very Low,35.973282442748086,Very Low,93.44783715012723,Relatively Moderate,83.26972010178118,Relatively Low
51053,Virginia,VA,Dinwiddie,19.338422391857506,Very Low,66.54151022110972,Relatively Low,22.105597964376592,Very Low,,Not Applicable,42.29287090558767,Relatively Low,55.40712468193384,Very Low,11.291348600508906,Very Low,21.882951653944023,Very Low
51057,Virginia,VA,Essex,18.575063613231553,Very Low,80.01668752607426,Relatively Low,10.400763358778626,Very Low,55.60000000000001,Relatively Low,27.681438664097623,Very Low,43.161577608142494,Very Low,40.903307888040715,Very Low,10.241730279898219,Very Low
51059,Virginia,VA,Fairfax,94.65648854961832,Relatively High,93.03295786399666,Relatively Moderate,97.01017811704835,Relatively High,52.6,Relatively Low,97.07771355170199,Relatively High,92.8117048346056,Relatively Moderate,72.96437659033079,Relatively Low,33.969465648854964,Very Low
51061,Virginia,VA,Fauquier,47.67811704834606,Relatively Low,72.13183145598666,Relatively Low,65.77608142493638,Relatively Low,,Not Applicable,62.58831085420681,Relatively Low,61.19592875318066,Relatively Low,54.961832061068705,Very Low,34.79643765903308,Very Low
51063,Virginia,VA,Floyd,6.615776081424936,Very Low,53.274926992073425,Very Low,17.270992366412212,Very Low,,Not Applicable,2.376364804110469,Very Low,28.24427480916031,Very Low,86.00508905852418,Relatively Low,49.36386768447837,Very Low
51065,Virginia,VA,Fluvanna,13.486005089058525,Very Low,67.70963704630788,Relatively Low,26.11323155216285,Very Low,,Not Applicable,33.911368015414254,Very Low,67.30279898218829,Relatively Low,44.05216284987277,Very Low,16.253180661577606,Very Low
51067,Virginia,VA,Franklin,42.716284987277355,Very Low,69.21151439299123,Relatively Low,62.150127226463106,Relatively Low,,Not Applicable,25.40141297366731,Very Low,55.152671755725194,Very Low,79.64376590330788,Relatively Low,38.13613231552163,Very Low
51069,Virginia,VA,Frederick,44.720101781170484,Relatively Low,76.38715060492281,Relatively Low,59.98727735368957,Relatively Low,,Not Applicable,64.38664097623635,Relatively Low,59.732824427480914,Relatively Low,79.70737913486005,Relatively Low,57.82442748091603,Very Low
51071,Virginia,VA,Giles,16.571246819338423,Very Low,36.87943262411347,Very Low,42.17557251908397,Relatively Low,,Not Applicable,0.0,No Rating,43.225190839694655,Very Low,87.78625954198473,Relatively Moderate,12.913486005089059,Very Low
51073,Virginia,VA,Gloucester,22.614503816793892,Very Low,75.7613683771381,Relatively Low,25.858778625954198,Very Low,66.60000000000001,Relatively Moderate,45.7931920359666,Relatively Low,42.525445292620866,Very Low,27.639949109414758,Very Low,45.19720101781171,Very Low
51075,Virginia,VA,Goochland,15.521628498727736,Very Low,60.15853149770547,Relatively Low,28.72137404580153,Very Low,,Not Applicable,28.676942838792552,Very Low,71.50127226463104,Relatively Low,32.82442748091603,Very Low,9.478371501272264,Very Low
51077,Virginia,VA,Grayson,24.650127226463102,Very Low,54.23445974134334,Very Low,28.435114503816795,Very Low,,Not Applicable,0.0,No Rating,39.94910941475827,Very Low,91.34860050890585,Relatively Moderate,45.578880407124686,Very Low
51079,Virginia,VA,Greene,9.287531806615776,Very Low,63.454317897371716,Relatively Low,24.80916030534351,Very Low,,Not Applicable,31.27809890815671,Very Low,41.98473282442748,Very Low,46.18320610687023,Very Low,42.8117048346056,Very Low
51081,Virginia,VA,Greensville,17.779898218829516,Very Low,79.30746766791823,Relatively Low,16.189567430025445,Very Low,,Not Applicable,39.72382787411689,Relatively Low,40.839694656488554,Very Low,4.134860050890586,Very Low,12.245547073791348,Very Low
51083,Virginia,VA,Halifax,47.01017811704835,Relatively Low,78.55652899457655,Relatively Low,54.35750636132316,Relatively Low,,Not Applicable,47.97687861271676,Relatively Low,63.26335877862596,Relatively Low,48.091603053435115,Very Low,25.540712468193384,Very Low
51085,Virginia,VA,Hanover,53.49872773536896,Relatively Low,74.88527325823947,Relatively Low,61.54580152671756,Relatively Low,25.2,Very Low,58.1888246628131,Relatively Low,83.77862595419847,Relatively Low,32.410941475826974,Very Low,31.743002544529265,Very Low
51087,Virginia,VA,Henrico,83.3969465648855,Relatively Moderate,81.81059657905716,Relatively Moderate,85.36895674300254,Relatively Moderate,35.8,Very Low,87.86127167630057,Relatively Moderate,93.44783715012723,Relatively Moderate,59.12849872773537,Very Low,34.541984732824424,Very Low
51089,Virginia,VA,Henry,63.61323155216285,Relatively Low,74.0508969545265,Relatively Low,76.55852417302799,Relatively Moderate,,Not Applicable,37.25112395632627,Very Low,67.93893129770993,Relatively Low,86.57760814249363,Relatively Low,22.264631043256998,Very Low
51091,Virginia,VA,Highland,2.512722646310432,Very Low,42.30287859824781,Very Low,11.736641221374047,Very Low,,Not Applicable,2.601156069364162,Very Low,13.486005089058525,Very Low,80.1208651399491,Relatively Low,13.326972010178118,Very Low
51093,Virginia,VA,Isle of Wight,37.913486005089055,Very Low,82.56153525239883,Relatively Moderate,36.86386768447837,Relatively Low,61.8,Relatively Moderate,49.743095696852926,Relatively Low,46.0559796437659,Very Low,30.884223918575067,Very Low,48.44147582697201,Very Low
51095,Virginia,VA,James City,53.33969465648855,Relatively Low,82.10262828535669,Relatively Moderate,60.81424936386769,Relatively Low,53.2,Relatively Low,61.62491971740527,Relatively Low,61.06870229007634,Relatively Low,53.21246819338422,Very Low,46.4058524173028,Very Low
51097,Virginia,VA,King and Queen,16.189567430025445,Very Low,68.41885690446391,Relatively Low,16.475826972010175,Very Low,51.6,Relatively Low,22.4791265253693,Very Low,34.35114503816794,Very Low,39.63104325699746,Very Low,17.557251908396946,Very Low
51099,Virginia,VA,King George,12.754452926208652,Very Low,79.76637463496037,Relatively Low,19.27480916030534,Very Low,43.6,Relatively Low,37.026332691072575,Very Low,39.726463104325695,Very Low,72.10559796437659,Relatively Low,12.372773536895675,Very Low
51101,Virginia,VA,King William,8.269720101781171,Very Low,63.66291197329996,Relatively Low,14.376590330788805,Very Low,50.6,Relatively Low,26.39691714836224,Very Low,36.60941475826972,Very Low,32.220101781170484,Very Low,8.9058524173028,Very Low
51103,Virginia,VA,Lancaster,32.283715012722645,Very Low,85.48185231539425,Relatively Moderate,13.708651399491096,Very Low,60.6,Relatively Moderate,29.80089916506101,Very Low,42.907124681933844,Very Low,25.127226463104325,Very Low,18.384223918575064,Very Low
51105,Virginia,VA,Lee,57.31552162849872,Relatively Low,41.34334584897789,Very Low,72.80534351145039,Relatively Low,,Not Applicable,4.335260115606936,Very Low,60.43256997455471,Relatively Low,94.05216284987277,Relatively Moderate,80.56615776081425,Relatively Low
51107,Virginia,VA,Loudoun,78.11704834605598,Relatively Low,80.10012515644556,Relatively Low,83.93765903307889,Relatively Moderate,,Not Applicable,91.10468850353244,Relatively Moderate,77.89440203562341,Relatively Low,51.24045801526718,Very Low,37.43638676844784,Very Low
51109,Virginia,VA,Louisa,32.1882951653944,Very Low,79.84981226533166,Relatively Low,38.48600508905852,Relatively Low,,Not Applicable,41.61849710982659,Relatively Low,76.3676844783715,Relatively Low,33.23791348600509,Very Low,22.709923664122137,Very Low
51111,Virginia,VA,Lunenburg,19.84732824427481,Very Low,76.51230705047976,Relatively Low,17.080152671755723,Very Low,,Not Applicable,34.36095054592164,Very Low,52.79898218829516,Very Low,27.25826972010178,Very Low,15.362595419847327,Very Low
51113,Virginia,VA,Madison,8.428753180661577,Very Low,70.29620358781811,Relatively Low,19.529262086513995,Very Low,,Not Applicable,27.29608220937701,Very Low,44.274809160305345,Very Low,49.07760814249364,Very Low,39.75826972010178,Very Low
51115,Virginia,VA,Mathews,12.181933842239186,Very Low,70.58823529411765,Relatively Low,11.60941475826972,Very Low,80.0,Relatively Moderate,25.112395632626843,Very Low,33.396946564885496,Very Low,2.703562340966921,Very Low,40.13994910941476,Very Low
51117,Virginia,VA,Mecklenburg,54.32569974554708,Relatively Low,85.273258239466,Relatively Moderate,56.583969465648856,Relatively Low,,Not Applicable,51.637764932562625,Relatively Low,65.01272264631042,Relatively Low,39.47201017811705,Very Low,24.30025445292621,Very Low
51119,Virginia,VA,Middlesex,23.791348600508904,Very Low,85.5235711305799,Relatively Moderate,11.323155216284988,Very Low,57.99999999999999,Relatively Low,28.25947334617855,Very Low,36.86386768447837,Very Low,27.70356234096692,Very Low,31.424936386768447,Very Low
51121,Virginia,VA,Montgomery,47.51908396946565,Relatively Low,57.113057989153106,Very Low,63.61323155216285,Relatively Low,,Not Applicable,2.408477842003854,Very Low,73.40966921119593,Relatively Low,90.99872773536896,Relatively Moderate,36.959287531806616,Very Low
51125,Virginia,VA,Nelson,34.096692111959285,Very Low,67.58448060075094,Relatively Low,58.23791348600509,Relatively Low,,Not Applicable,27.360308285163775,Very Low,45.35623409669211,Very Low,75.76335877862596,Relatively Low,46.660305343511446,Very Low
51127,Virginia,VA,New Kent,14.122137404580155,Very Low,66.91697955778055,Relatively Low,22.519083969465647,Very Low,52.800000000000004,Relatively Low,32.91586384071933,Very Low,40.966921119592875,Very Low,44.30661577608143,Very Low,27.32188295165394,Very Low
51131,Virginia,VA,Northampton,44.465648854961835,Relatively Low,89.48685857321652,Relatively Moderate,12.818066157760812,Very Low,57.199999999999996,Relatively Low,32.43416827231856,Very Low,32.25190839694657,Very Low,6.774809160305344,Very Low,29.802798982188293,Very Low
51133,Virginia,VA,Northumberland,39.98091603053435,Very Low,86.9002920317063,Relatively Moderate,19.65648854961832,Very Low,68.4,Relatively Moderate,31.406551059730248,Very Low,38.93129770992366,Very Low,35.337150127226465,Very Low,19.62468193384224,Very Low
51135,Virginia,VA,Nottoway,28.975826972010175,Very Low,78.89027951606174,Relatively Low,12.754452926208652,Very Low,,Not Applicable,35.51701991008349,Very Low,59.637404580152676,Relatively Low,24.109414758269722,Very Low,8.778625954198473,Very Low
51137,Virginia,VA,Orange,25.572519083969464,Very Low,76.92949520233626,Relatively Low,35.6234096692112,Relatively Low,,Not Applicable,42.742453436095055,Relatively Low,61.92748091603053,Relatively Low,33.5559796437659,Very Low,30.62977099236641,Very Low
51139,Virginia,VA,Page,37.88167938931298,Very Low,77.01293283270755,Relatively Low,56.55216284987278,Relatively Low,,Not Applicable,35.26011560693642,Very Low,43.09796437659033,Very Low,75.95419847328245,Relatively Low,53.33969465648855,Very Low
51141,Virginia,VA,Patrick,20.865139949109416,Very Low,64.20525657071339,Relatively Low,42.270992366412216,Relatively Low,,Not Applicable,7.418111753371869,Very Low,37.5,Very Low,72.90076335877863,Relatively Low,22.328244274809162,Very Low
51143,Virginia,VA,Pittsylvania,63.77226463104325,Relatively Low,77.63871506049227,Relatively Low,77.41730279898219,Relatively Moderate,,Not Applicable,52.50481695568401,Relatively Low,66.98473282442748,Relatively Low,70.54707379134861,Relatively Low,44.62468193384224,Very Low
51145,Virginia,VA,Powhatan,21.087786259541986,Very Low,61.53525239883187,Relatively Low,29.739185750636132,Very Low,,Not Applicable,33.204881181759795,Very Low,72.16921119592875,Relatively Low,24.427480916030532,Very Low,12.849872773536896,Very Low
51147,Virginia,VA,Prince Edward,32.37913486005089,Very Low,76.47058823529412,Relatively Low,25.254452926208653,Very Low,,Not Applicable,36.03082851637765,Very Low,65.235368956743,Relatively Low,42.39821882951654,Very Low,12.818066157760812,Very Low
51149,Virginia,VA,Prince George,13.899491094147582,Very Low,70.00417188151856,Relatively Low,17.938931297709924,Very Low,40.0,Very Low,44.1233140655106,Relatively Low,51.781170483460556,Very Low,25.03180661577608,Very Low,24.236641221374043,Very Low
51153,Virginia,VA,Prince William,83.17430025445293,Relatively Moderate,82.97872340425532,Relatively Moderate,87.97709923664122,Relatively Moderate,48.8,Relatively Low,93.41682723185613,Relatively Moderate,80.85241730279898,Relatively Low,57.06106870229007,Very Low,18.22519083969466,Very Low
51155,Virginia,VA,Pulaski,45.92875318066158,Relatively Low,51.93992490613266,Very Low,65.80788804071247,Relatively Low,,Not Applicable,0.0,No Rating,68.00254452926208,Relatively Low,87.56361323155217,Relatively Moderate,25.858778625954198,Very Low
51157,Virginia,VA,Rappahannock,6.902035623409669,Very Low,55.27743012098456,Very Low,20.483460559796438,Very Low,,Not Applicable,25.88310854206808,Very Low,27.639949109414758,Very Low,54.80279898218829,Very Low,38.51781170483461,Very Low
51159,Virginia,VA,Richmond,10.432569974554708,Very Low,79.47434292866082,Relatively Low,7.15648854961832,Very Low,48.199999999999996,Relatively Low,25.979447655748235,Very Low,33.587786259541986,Very Low,34.12849872773537,Very Low,4.134860050890586,Very Low
51161,Virginia,VA,Roanoke,52.19465648854962,Relatively Low,68.46057571964957,Relatively Low,69.21119592875317,Relatively Low,,Not Applicable,23.98843930635838,Very Low,57.88804071246819,Very Low,88.42239185750637,Relatively Moderate,32.31552162849873,Very Low
51163,Virginia,VA,Rockbridge,33.30152671755725,Very Low,69.12807676261994,Relatively Low,55.75699745547074,Relatively Low,,Not Applicable,9.858702633269107,Very Low,38.104325699745544,Very Low,91.50763358778626,Relatively Moderate,59.06488549618321,Very Low
51165,Virginia,VA,Rockingham,75.03180661577609,Relatively Low,82.51981643721318,Relatively Moderate,84.63740458015268,Relatively Moderate,,Not Applicable,72.31856133590237,Relatively Low,67.01653944020356,Relatively Low,86.67302798982189,Relatively Low,64.40839694656488,Relatively Low
51167,Virginia,VA,Russell,36.54580152671756,Very Low,50.8552357113058,Very Low,48.218829516539444,Relatively Low,,Not Applicable,0.0,No Rating,55.05725190839694,Very Low,95.10178117048346,Relatively Moderate,54.42111959287532,Very Low
51169,Virginia,VA,Scott,41.9529262086514,Very Low,37.838965373383395,Very Low,65.01272264631042,Relatively Low,,Not Applicable,4.238921001926782,Very Low,64.47201017811705,Relatively Low,96.31043256997455,Relatively Moderate,52.32188295165394,Very Low
51171,Virginia,VA,Shenandoah,59.82824427480916,Relatively Low,80.1418439716312,Relatively Low,73.88676844783714,Relatively Moderate,,Not Applicable,46.371226718047524,Relatively Low,56.55216284987278,Very Low,85.30534351145039,Relatively Low,63.358778625954194,Very Low
51173,Virginia,VA,Smyth,57.79262086513995,Relatively Low,57.989153108051724,Very Low,61.895674300254456,Relatively Low,,Not Applicable,0.0,No Rating,61.51399491094147,Relatively Low,87.18193384223919,Relatively Low,31.265903307888042,Very Low
51175,Virginia,VA,Southampton,29.802798982188293,Very Low,83.93825615352523,Relatively Moderate,29.770992366412212,Very Low,21.0,Very Low,43.96274887604367,Relatively Low,42.17557251908397,Very Low,15.998727735368956,Very Low,15.776081424936386,Very Low
51177,Virginia,VA,Spotsylvania,52.894402035623415,Relatively Low,72.17355027117229,Relatively Low,65.33078880407125,Relatively Low,17.599999999999998,Very Low,74.373795761079,Relatively Low,76.17684478371501,Relatively Low,37.62722646310432,Very Low,17.43002544529262,Very Low
51179,Virginia,VA,Stafford,65.04452926208651,Relatively Low,77.51355861493533,Relatively Low,75.47709923664122,Relatively Moderate,47.4,Relatively Low,78.86962106615286,Relatively Moderate,70.54707379134861,Relatively Low,57.029262086513995,Very Low,18.193384223918574,Very Low
51181,Virginia,VA,Surry,4.707379134860051,Very Low,69.58698372966208,Relatively Low,6.011450381679389,Very Low,42.0,Very Low,21.25883108542068,Very Low,28.085241730279897,Very Low,16.253180661577606,Very Low,16.889312977099237,Very Low
51183,Virginia,VA,Sussex,13.231552162849871,Very Low,73.25823946599917,Relatively Low,17.302798982188293,Very Low,,Not Applicable,32.947976878612714,Very Low,43.54325699745547,Very Low,11.036895674300254,Very Low,19.91094147582697,Very Low
51185,Virginia,VA,Tazewell,60.17811704834606,Relatively Low,51.81476846057572,Very Low,75.06361323155217,Relatively Moderate,,Not Applicable,0.0,No Rating,68.12977099236642,Relatively Low,92.970737913486,Relatively Moderate,57.729007633587784,Very Low
51187,Virginia,VA,Warren,31.583969465648853,Very Low,59.90821860659157,Relatively Low,55.69338422391857,Relatively Low,,Not Applicable,48.587026332691075,Relatively Low,45.16539440203562,Very Low,80.53435114503816,Relatively Low,36.418575063613225,Very Low
51191,Virginia,VA,Washington,46.56488549618321,Relatively Low,54.98539841468503,Very Low,63.51781170483461,Relatively Low,,Not Applicable,0.0,No Rating,72.67811704834605,Relatively Low,94.43384223918575,Relatively Moderate,33.17430025445292,Very Low
51193,Virginia,VA,Westmoreland,37.37277353689568,Very Low,86.5665415102211,Relatively Moderate,29.70737913486005,Very Low,64.8,Relatively Moderate,38.24662813102119,Very Low,47.45547073791349,Very Low,51.17684478371501,Very Low,16.634860050890584,Very Low
51195,Virginia,VA,Wise,50.413486005089055,Relatively Low,48.685857321652065,Very Low,66.2531806615776,Relatively Low,,Not Applicable,0.0,No Rating,57.79262086513995,Very Low,88.48600508905852,Relatively Moderate,84.2557251908397,Relatively Low
51197,Virginia,VA,Wythe,48.72773536895674,Relatively Low,58.57321652065082,Relatively Low,50.25445292620865,Relatively Low,,Not Applicable,0.0,No Rating,61.00508905852418,Relatively Low,84.35114503816794,Relatively Low,21.310432569974555,Very Low
51199,Virginia,VA,York,44.656488549618324,Relatively Low,81.68544013350021,Relatively Moderate,57.91984732824428,Relatively Low,57.4,Relatively Low,51.95889531149647,Relatively Low,54.26208651399491,Very Low,31.297709923664126,Very Low,55.916030534351144,Very Low
51510,Virginia,VA,Alexandria,73.69592875318067,Relatively Low,79.14059240717563,Relatively Low,81.8384223918575,Relatively Moderate,56.00000000000001,Relatively Low,88.4393063583815,Relatively Moderate,79.9618320610687,Relatively Low,31.138676844783713,Very Low,5.661577608142494,Very Low
51520,Virginia,VA,Bristol,8.619592875318066,Very Low,33.166458072590736,Very Low,23.123409669211195,Very Low,,Not Applicable,0.0,No Rating,59.541984732824424,Relatively Low,45.13358778625955,Very Low,0.636132315521628,Very Low
51530,Virginia,VA,Buena Vista,3.276081424936387,Very Low,53.02461410095953,Very Low,16.380407124681934,Very Low,,Not Applicable,4.463712267180475,Very Low,22.328244274809162,Very Low,20.642493638676847,Very Low,1.017811704834606,Very Low
51540,Virginia,VA,Charlottesville,24.33206106870229,Very Low,69.46182728410513,Relatively Low,33.26972010178117,Very Low,,Not Applicable,63.8728323699422,Relatively Low,70.86513994910942,Relatively Low,16.348600508905854,Very Low,0.318066157760814,Very Low
51550,Virginia,VA,Chesapeake,80.85241730279898,Relatively Low,92.0317062995411,Relatively Moderate,82.85623409669212,Relatively Moderate,80.60000000000001,Relatively Moderate,88.0539499036609,Relatively Moderate,71.11959287531806,Relatively Low,29.64376590330789,Very Low,66.38040712468194,Relatively Low
51570,Virginia,VA,Colonial Heights,6.043256997455471,Very Low,58.9904046725073,Relatively Low,19.561068702290076,Very Low,43.0,Very Low,29.254977520873478,Very Low,41.12595419847328,Very Low,1.431297709923664,Very Low,1.717557251908397,Very Low
51580,Virginia,VA,Covington,9.669211195928753,Very Low,43.92991239048811,Very Low,23.568702290076335,Very Low,,Not Applicable,2.954399486191394,Very Low,26.8765903307888,Very Low,18.543256997455472,Very Low,0.159033078880407,Very Low
51590,Virginia,VA,Danville,68.03435114503816,Relatively Low,76.63746349603672,Relatively Low,81.5203562340967,Relatively Moderate,,Not Applicable,50.89916506101477,Relatively Low,64.18575063613231,Relatively Low,34.73282442748092,Very Low,13.835877862595419,Very Low
51595,Virginia,VA,Emporia,4.993638676844784,Very Low,73.8840216937839,Relatively Low,13.454198473282442,Very Low,,Not Applicable,23.281952472703917,Very Low,37.595419847328245,Very Low,0.254452926208651,Very Low,0.922391857506361,Very Low
51600,Virginia,VA,Fairfax,5.279898218829516,Very Low,62.161034626616605,Relatively Low,13.517811704834607,Very Low,,Not Applicable,42.10019267822736,Relatively Low,47.837150127226465,Very Low,2.067430025445293,Very Low,1.049618320610687,Very Low
51610,Virginia,VA,Falls Church,1.622137404580153,Very Low,53.733833959115564,Very Low,5.438931297709924,Very Low,,Not Applicable,31.438664097623636,Very Low,30.08905852417303,Very Low,0.286259541984733,Very Low,0.127226463104326,Very Low
51620,Virginia,VA,Franklin,7.538167938931298,Very Low,78.84856070087609,Relatively Low,11.80025445292621,Very Low,16.6,Very Low,34.52151573538857,Very Low,36.54580152671756,Very Low,0.922391857506361,Very Low,2.067430025445293,Very Low
51630,Virginia,VA,Fredericksburg,8.71501272264631,Very Low,57.863996662494785,Very Low,20.578880407124682,Very Low,17.0,Very Low,39.04945407835581,Relatively Low,57.474554707379134,Very Low,7.315521628498728,Very Low,1.749363867684478,Very Low
51640,Virginia,VA,Galax,6.806615776081425,Very Low,46.18272841051314,Very Low,13.231552162849871,Very Low,,Not Applicable,0.0,No Rating,34.478371501272264,Very Low,38.16793893129771,Very Low,23.695928753180663,Very Low
51650,Virginia,VA,Hampton,61.73664122137404,Relatively Low,85.39841468502296,Relatively Moderate,62.59541984732825,Relatively Low,80.4,Relatively Moderate,78.7732819524727,Relatively Low,65.04452926208651,Relatively Low,5.947837150127226,Very Low,24.268447837150127,Very Low
51660,Virginia,VA,Harrisonburg,26.590330788804074,Very Low,70.6299541093033,Relatively Low,44.179389312977094,Relatively Low,,Not Applicable,41.20102761721259,Relatively Low,65.07633587786259,Relatively Low,26.272264631043257,Very Low,10.559796437659033,Very Low
51670,Virginia,VA,Hopewell,17.239185750636132,Very Low,75.55277430120985,Relatively Low,29.993638676844785,Very Low,48.6,Relatively Low,47.10982658959538,Relatively Low,63.99491094147582,Relatively Low,8.492366412213741,Very Low,3.244274809160305,Very Low
51678,Virginia,VA,Lexington,3.721374045801527,Very Low,58.030871923237385,Very Low,13.104325699745548,Very Low,,Not Applicable,5.17019910083494,Very Low,46.18320610687023,Very Low,18.09796437659033,Very Low,2.321882951653944,Very Low
51680,Virginia,VA,Lynchburg,49.300254452926204,Relatively Low,74.30120984564039,Relatively Low,65.2671755725191,Relatively Low,,Not Applicable,45.24727039177906,Relatively Low,72.99618320610686,Relatively Low,66.06234096692111,Relatively Low,8.68320610687023,Very Low
51683,Virginia,VA,Manassas,16.634860050890584,Very Low,65.24822695035462,Relatively Low,31.679389312977097,Very Low,,Not Applicable,58.220937700706486,Relatively Low,55.88422391857506,Very Low,2.003816793893129,Very Low,0.795165394402036,Very Low
51685,Virginia,VA,Manassas Park,4.930025445292621,Very Low,54.860241969128076,Very Low,15.108142493638677,Very Low,,Not Applicable,43.19203596660244,Relatively Low,32.79262086513995,Very Low,3.021628498727735,Very Low,0.381679389312977,Very Low
51690,Virginia,VA,Martinsville,9.573791348600508,Very Low,59.32415519399249,Relatively Low,23.059796437659035,Very Low,,Not Applicable,17.79062299293513,Very Low,60.718829516539444,Relatively Low,24.268447837150127,Very Low,0.604325699745547,Very Low
51700,Virginia,VA,Newport News,72.2328244274809,Relatively Low,88.31873174801835,Relatively Moderate,71.43765903307889,Relatively Low,60.199999999999996,Relatively Low,83.68657675016057,Relatively Moderate,76.27226463104326,Relatively Low,20.13358778625954,Very Low,34.63740458015267,Very Low
51710,Virginia,VA,Norfolk,81.23409669211196,Relatively Moderate,92.94952023362536,Relatively Moderate,75.3498727735369,Relatively Moderate,82.39999999999999,Relatively High,88.2466281310212,Relatively Moderate,78.14885496183206,Relatively Low,12.022900763358779,Very Low,32.91984732824427,Very Low
51720,Virginia,VA,Norton,1.55852417302799,Very Low,27.53441802252816,Very Low,7.283715012722647,Very Low,,Not Applicable,0.0,No Rating,31.774809160305345,Very Low,49.840966921119595,Very Low,23.6323155216285,Very Low
51730,Virginia,VA,Petersburg,16.9529262086514,Very Low,68.91948268669171,Relatively Low,34.033078880407125,Very Low,36.199999999999996,Very Low,50.417469492613996,Relatively Low,66.0941475826972,Relatively Low,4.325699745547073,Very Low,15.108142493638677,Very Low
51735,Virginia,VA,Poquoson,2.353689567430025,Very Low,60.450563204005,Relatively Low,7.061068702290077,Very Low,62.4,Relatively Moderate,21.612074502247914,Very Low,23.85496183206107,Very Low,0.190839694656489,Very Low,17.36641221374046,Very Low
51740,Virginia,VA,Portsmouth,53.975826972010175,Relatively Low,86.60826032540676,Relatively Moderate,53.33969465648855,Relatively Low,64.2,Relatively Moderate,74.27745664739885,Relatively Low,64.91730279898219,Relatively Low,7.410941475826973,Very Low,19.81552162849873,Very Low
51750,Virginia,VA,Radford,2.639949109414758,Very Low,28.452231956612433,Very Low,11.41857506361323,Very Low,,Not Applicable,0.0,No Rating,44.81552162849873,Very Low,33.9058524173028,Very Low,2.703562340966921,Very Low
51760,Virginia,VA,Richmond,78.4033078880407,Relatively Low,79.34918648310388,Relatively Low,82.63358778625954,Relatively Moderate,39.800000000000004,Very Low,88.31085420680796,Relatively Moderate,92.71628498727735,Relatively Moderate,20.99236641221374,Very Low,18.03435114503817,Very Low
51770,Virginia,VA,Roanoke,72.86895674300254,Relatively Low,74.59324155193993,Relatively Low,84.12849872773536,Relatively Moderate,,Not Applicable,30.12202954399486,Very Low,74.68193384223919,Relatively Low,62.086513994910945,Very Low,8.524173027989821,Very Low
51775,Virginia,VA,Salem,18.638676844783713,Very Low,57.69712140175219,Very Low,44.783715012722645,Relatively Low,,Not Applicable,11.11111111111111,Very Low,49.04580152671756,Very Low,27.353689567430024,Very Low,1.367684478371501,Very Low
51790,Virginia,VA,Staunton,10.623409669211197,Very Low,62.286191072173544,Relatively Low,30.407124681933844,Very Low,,Not Applicable,23.827874116891458,Very Low,41.38040712468193,Very Low,51.908396946564885,Very Low,11.164122137404581,Very Low
51800,Virginia,VA,Suffolk,60.1145038167939,Relatively Low,88.19357530246141,Relatively Moderate,53.975826972010175,Relatively Low,61.0,Relatively Moderate,71.93320488118175,Relatively Low,53.975826972010175,Very Low,37.468193384223916,Very Low,55.597964376590326,Very Low
51810,Virginia,VA,Virginia Beach,57.85623409669212,Relatively Low,88.94451397580309,Relatively Moderate,27.92620865139949,Very Low,67.4,Relatively Moderate,91.71483622350675,Relatively Moderate,67.49363867684478,Relatively Low,15.712468193384224,Very Low,55.8206106870229,Very Low
51820,Virginia,VA,Waynesboro,10.337150127226463,Very Low,61.36837713808928,Relatively Low,31.075063613231553,Very Low,,Not Applicable,22.350674373795762,Very Low,48.25063613231552,Very Low,19.59287531806616,Very Low,2.639949109414758,Very Low
51830,Virginia,VA,Williamsburg,2.417302798982188,Very Low,66.95869837296621,Relatively Low,6.615776081424936,Very Low,37.4,Very Low,24.887604367373154,Very Low,40.521628498727736,Very Low,10.782442748091603,Very Low,8.237913486005088,Very Low
51840,Virginia,VA,Winchester,16.857506361323153,Very Low,69.92073425114727,Relatively Low,31.90203562340967,Very Low,,Not Applicable,48.747591522158,Relatively Low,62.97709923664122,Relatively Low,11.83206106870229,Very Low,5.152671755725191,Very Low
53001,Washington,WA,Adams,23.21882951653944,Very Low,,Not Applicable,34.31933842239186,Very Low,,Not Applicable,51.8946692357097,Relatively Low,64.56743002544529,Relatively Low,32.06106870229007,Very Low,85.20992366412213,Relatively Low
53003,Washington,WA,Asotin,17.90712468193384,Very Low,,Not Applicable,38.51781170483461,Relatively Low,,Not Applicable,53.82145150931278,Relatively Low,32.729007633587784,Very Low,72.29643765903307,Relatively Low,89.3765903307888,Relatively Moderate
53005,Washington,WA,Benton,87.08651399491094,Relatively Moderate,,Not Applicable,89.7264631043257,Relatively Moderate,,Not Applicable,94.38021836865768,Relatively Moderate,93.12977099236642,Relatively Moderate,77.54452926208651,Relatively Low,96.69211195928753,Relatively Moderate
53007,Washington,WA,Chelan,90.87150127226464,Relatively Moderate,,Not Applicable,91.2531806615776,Relatively Moderate,,Not Applicable,77.16763005780348,Relatively Low,88.77226463104326,Relatively Low,95.51526717557252,Relatively Moderate,99.55470737913485,Relatively High
53009,Washington,WA,Clallam,89.7264631043257,Relatively Moderate,,Not Applicable,75.0,Relatively Moderate,55.800000000000004,Relatively Low,42.00385356454721,Relatively Low,98.05979643765903,Relatively Moderate,86.83206106870229,Relatively Low,39.726463104325695,Very Low
53011,Washington,WA,Clark,92.23918575063614,Relatively Moderate,,Not Applicable,92.55725190839695,Relatively Moderate,29.2,Very Low,95.92164418754014,Relatively Moderate,97.64631043256998,Relatively Moderate,81.1704834605598,Relatively Low,69.59287531806616,Relatively Low
53013,Washington,WA,Columbia,8.555979643765903,Very Low,,Not Applicable,30.661577608142494,Very Low,,Not Applicable,25.56197816313423,Very Low,33.969465648854964,Very Low,67.27099236641222,Relatively Low,73.34605597964376,Relatively Low
53015,Washington,WA,Cowlitz,90.29898218829516,Relatively Moderate,,Not Applicable,88.26335877862596,Relatively Moderate,51.0,Relatively Low,91.42581888246627,Relatively Moderate,97.45547073791349,Relatively Moderate,83.68320610687023,Relatively Low,61.29134860050891,Very Low
53017,Washington,WA,Douglas,74.07760814249363,Relatively Low,,Not Applicable,82.06106870229007,Relatively Moderate,,Not Applicable,67.82273603082851,Relatively Low,81.58396946564885,Relatively Low,49.904580152671755,Very Low,94.72010178117048,Relatively Moderate
53019,Washington,WA,Ferry,51.653944020356235,Relatively Low,,Not Applicable,52.32188295165394,Relatively Low,,Not Applicable,30.60372511239563,Very Low,45.13358778625955,Very Low,96.85114503816794,Relatively Moderate,97.36005089058524,Relatively Moderate
53021,Washington,WA,Franklin,72.48727735368958,Relatively Low,,Not Applicable,83.52417302798982,Relatively Moderate,,Not Applicable,87.73281952472703,Relatively Moderate,80.69338422391857,Relatively Low,51.781170483460556,Very Low,84.60559796437659,Relatively Low
53023,Washington,WA,Garfield,1.590330788804071,Very Low,,Not Applicable,10.337150127226463,Very Low,,Not Applicable,14.900449582530506,Very Low,18.861323155216287,Very Low,60.464376590330794,Very Low,69.21119592875317,Relatively Low
53025,Washington,WA,Grant,76.94020356234097,Relatively Low,,Not Applicable,77.19465648854961,Relatively Moderate,,Not Applicable,87.09055876685935,Relatively Moderate,89.2175572519084,Relatively Low,78.88040712468194,Relatively Low,95.83333333333334,Relatively Moderate
53027,Washington,WA,Grays Harbor,96.97837150127226,Relatively High,,Not Applicable,83.84223918575063,Relatively Moderate,99.0,Very High,58.86319845857418,Relatively Low,98.1234096692112,Relatively High,95.29262086513995,Relatively Moderate,33.9058524173028,Very Low
53029,Washington,WA,Island,77.98982188295165,Relatively Low,,Not Applicable,54.86641221374045,Relatively Low,73.4,Relatively Moderate,29.704560051380863,Very Low,96.27862595419847,Relatively Moderate,99.90458015267176,Relatively High,35.43256997455471,Very Low
53031,Washington,WA,Jefferson,64.3765903307888,Relatively Low,,Not Applicable,53.657760814249365,Relatively Low,64.4,Relatively Moderate,34.81053307642903,Very Low,95.00636132315522,Relatively Moderate,95.99236641221374,Relatively Moderate,23.505089058524174,Very Low
53033,Washington,WA,King,99.68193384223919,Very High,,Not Applicable,99.45928753180662,Very High,71.0,Relatively Moderate,98.16955684007708,Relatively High,99.90458015267176,Very High,98.9821882951654,Relatively High,79.45292620865139,Relatively Low
53035,Washington,WA,Kitsap,92.30279898218829,Relatively Moderate,,Not Applicable,79.1030534351145,Relatively Moderate,79.4,Relatively Moderate,89.49903660886321,Relatively Moderate,98.66412213740458,Relatively High,99.17302798982189,Relatively High,39.853689567430024,Very Low
53037,Washington,WA,Kittitas,89.12213740458014,Relatively Moderate,,Not Applicable,74.77735368956743,Relatively Moderate,,Not Applicable,66.1849710982659,Relatively Low,93.86132315521628,Relatively Moderate,98.15521628498728,Relatively High,99.68193384223919,Relatively High
53039,Washington,WA,Klickitat,73.88676844783714,Relatively Low,,Not Applicable,66.6030534351145,Relatively Low,,Not Applicable,40.55876685934489,Relatively Low,78.37150127226464,Relatively Low,80.6615776081425,Relatively Low,98.40966921119593,Relatively High
53041,Washington,WA,Lewis,89.69465648854961,Relatively Moderate,,Not Applicable,90.9033078880407,Relatively Moderate,,Not Applicable,77.90622992935131,Relatively Low,97.32824427480917,Relatively Moderate,96.53307888040712,Relatively Moderate,76.68575063613231,Relatively Low
53043,Washington,WA,Lincoln,54.898218829516544,Relatively Low,,Not Applicable,49.968193384223916,Relatively Low,,Not Applicable,39.98073217726397,Relatively Low,63.00890585241731,Relatively Low,91.41221374045801,Relatively Moderate,96.66030534351145,Relatively Moderate
53045,Washington,WA,Mason,85.33715012722645,Relatively Moderate,,Not Applicable,79.29389312977099,Relatively Moderate,75.2,Relatively Moderate,67.95118818240205,Relatively Low,97.20101781170484,Relatively Moderate,98.09160305343512,Relatively High,44.05216284987277,Very Low
53047,Washington,WA,Okanogan,89.18575063613231,Relatively Moderate,,Not Applicable,89.12213740458014,Relatively Moderate,,Not Applicable,72.38278741168914,Relatively Low,86.22773536895674,Relatively Low,94.91094147582697,Relatively Moderate,99.30025445292621,Relatively High
53049,Washington,WA,Pacific,92.74809160305344,Relatively Moderate,,Not Applicable,63.295165394402034,Relatively Low,75.0,Relatively Moderate,45.05459216441876,Relatively Low,95.13358778625954,Relatively Moderate,84.66921119592875,Relatively Low,27.70356234096692,Very Low
53051,Washington,WA,Pend Oreille,28.021628498727736,Very Low,,Not Applicable,54.32569974554708,Relatively Low,,Not Applicable,32.81952472703918,Very Low,27.671755725190838,Very Low,90.01272264631042,Relatively Moderate,76.8765903307888,Relatively Low
53053,Washington,WA,Pierce,98.53689567430025,Relatively High,,Not Applicable,96.2150127226463,Relatively High,71.39999999999999,Relatively Moderate,97.33461785484907,Relatively High,99.55470737913485,Relatively High,97.04198473282443,Relatively Moderate,76.78117048346056,Relatively Low
53055,Washington,WA,San Juan,35.36895674300254,Very Low,,Not Applicable,42.11195928753181,Relatively Low,58.4,Relatively Low,13.937058445728967,Very Low,89.44020356234097,Relatively Low,62.27735368956743,Very Low,41.31679389312977,Very Low
53057,Washington,WA,Skagit,88.77226463104326,Relatively Moderate,,Not Applicable,87.8498727735369,Relatively Moderate,91.4,Relatively High,68.9145793192036,Relatively Low,96.97837150127226,Relatively Moderate,92.36641221374046,Relatively Moderate,52.51272264631043,Very Low
53059,Washington,WA,Skamania,49.68193384223918,Relatively Low,,Not Applicable,49.77735368956743,Relatively Low,17.4,Very Low,38.69621066152858,Very Low,87.08651399491094,Relatively Low,81.20229007633588,Relatively Low,93.92493638676844,Relatively Moderate
53061,Washington,WA,Snohomish,97.86895674300254,Relatively High,,Not Applicable,95.73791348600508,Relatively High,77.60000000000001,Relatively Moderate,96.94926140012845,Relatively High,99.33206106870229,Relatively High,99.96819338422391,Very High,61.48218829516539,Very Low
53063,Washington,WA,Spokane,89.98091603053436,Relatively Moderate,,Not Applicable,91.6030534351145,Relatively Moderate,,Not Applicable,94.86191393705845,Relatively Moderate,85.90966921119593,Relatively Low,56.902035623409674,Very Low,96.56488549618321,Relatively Moderate
53065,Washington,WA,Stevens,60.33715012722646,Relatively Low,,Not Applicable,68.60687022900763,Relatively Low,,Not Applicable,62.01027617212588,Relatively Low,42.970737913486005,Very Low,95.96055979643766,Relatively Moderate,96.46946564885496,Relatively Moderate
53067,Washington,WA,Thurston,94.49745547073792,Relatively High,,Not Applicable,90.80788804071247,Relatively Moderate,58.599999999999994,Relatively Low,90.59087989723828,Relatively Moderate,98.91857506361323,Relatively High,98.95038167938931,Relatively High,57.12468193384224,Very Low
53069,Washington,WA,Wahkiakum,19.27480916030534,Very Low,,Not Applicable,17.557251908396946,Very Low,70.39999999999999,Relatively Moderate,39.884393063583815,Relatively Low,75.19083969465649,Relatively Low,80.62977099236642,Relatively Low,12.213740458015266,Very Low
53071,Washington,WA,Walla Walla,60.36895674300254,Relatively Low,,Not Applicable,64.79007633587787,Relatively Low,,Not Applicable,81.53500321130379,Relatively Moderate,90.55343511450383,Relatively Moderate,69.56106870229007,Relatively Low,83.52417302798982,Relatively Low
53073,Washington,WA,Whatcom,90.96692111959288,Relatively Moderate,,Not Applicable,88.8676844783715,Relatively Moderate,63.2,Relatively Moderate,78.93384714193962,Relatively Moderate,97.83715012722645,Relatively Moderate,97.70992366412213,Relatively Moderate,61.67302798982188,Very Low
53075,Washington,WA,Whitman,39.75826972010178,Very Low,,Not Applicable,58.842239185750635,Relatively Low,,Not Applicable,60.75786769428389,Relatively Low,55.1208651399491,Very Low,91.73027989821882,Relatively Moderate,68.25699745547074,Relatively Low
53077,Washington,WA,Yakima,94.0203562340967,Relatively Moderate,,Not Applicable,92.87531806615776,Relatively Moderate,,Not Applicable,93.51316634553629,Relatively Moderate,97.39185750636132,Relatively Moderate,98.40966921119593,Relatively High,98.91857506361323,Relatively High
54001,West Virginia,WV,Barbour,24.013994910941474,Very Low,47.68460575719649,Very Low,51.74936386768449,Relatively Low,,Not Applicable,9.60179833012203,Very Low,24.52290076335878,Very Low,86.76844783715013,Relatively Low,11.641221374045802,Very Low
54003,West Virginia,WV,Berkeley,68.25699745547074,Relatively Low,80.35043804755945,Relatively Low,79.83460559796438,Relatively Moderate,,Not Applicable,71.80475272960823,Relatively Low,66.06234096692111,Relatively Low,75.85877862595419,Relatively Low,31.647582697201017,Very Low
54005,West Virginia,WV,Boone,69.37022900763358,Relatively Low,44.13850646641635,Very Low,85.01908396946564,Relatively Moderate,,Not Applicable,60.14771997430957,Relatively Low,38.80407124681934,Very Low,90.64885496183206,Relatively Moderate,74.26844783715013,Relatively Low
54007,West Virginia,WV,Braxton,36.16412213740458,Very Low,45.72382144347101,Very Low,63.58142493638677,Relatively Low,,Not Applicable,21.51573538856776,Very Low,27.449109414758272,Very Low,94.62468193384224,Relatively Moderate,5.438931297709924,Very Low
54009,West Virginia,WV,Brooke,54.230279898218825,Relatively Low,52.4822695035461,Very Low,75.66793893129771,Relatively Moderate,,Not Applicable,27.585099550417468,Very Low,29.293893129770993,Very Low,70.35623409669212,Relatively Low,16.28498727735369,Very Low
54011,West Virginia,WV,Cabell,85.36895674300254,Relatively Moderate,57.23821443471005,Very Low,91.92111959287533,Relatively Moderate,,Not Applicable,91.39370584457289,Relatively Moderate,71.78753180661577,Relatively Low,87.65903307888041,Relatively Moderate,69.24300254452926,Relatively Low
54013,West Virginia,WV,Calhoun,16.825699745547073,Very Low,44.55569461827284,Very Low,45.5470737913486,Relatively Low,,Not Applicable,19.524727039177904,Very Low,24.55470737913486,Very Low,90.71246819338423,Relatively Moderate,3.784987277353689,Very Low
54015,West Virginia,WV,Clay,22.296437659033078,Very Low,28.53566958698373,Very Low,53.46692111959288,Relatively Low,,Not Applicable,22.382787411689144,Very Low,25.763358778625957,Very Low,92.71628498727735,Relatively Moderate,28.021628498727736,Very Low
54017,West Virginia,WV,Doddridge,14.440203562340967,Very Low,36.71255736337088,Very Low,43.57506361323155,Relatively Low,,Not Applicable,14.129736673089274,Very Low,21.692111959287534,Very Low,89.75826972010178,Relatively Moderate,10.687022900763358,Very Low
54019,West Virginia,WV,Fayette,53.43511450381679,Relatively Low,42.01084689194827,Very Low,72.93256997455471,Relatively Low,,Not Applicable,11.528580603725112,Very Low,52.25826972010178,Very Low,88.99491094147582,Relatively Moderate,49.52290076335878,Very Low
54021,West Virginia,WV,Gilmer,11.450381679389313,Very Low,41.80225281602002,Very Low,39.217557251908396,Relatively Low,,Not Applicable,14.418754014129737,Very Low,18.28880407124682,Very Low,89.53562340966921,Relatively Moderate,1.33587786259542,Very Low
54023,West Virginia,WV,Grant,33.17430025445292,Very Low,64.58072590738423,Relatively Low,57.85623409669212,Relatively Low,,Not Applicable,17.0199100834939,Very Low,28.56234096692112,Very Low,85.94147582697201,Relatively Low,51.463104325699746,Very Low
54025,West Virginia,WV,Greenbrier,75.76335877862596,Relatively Low,53.40008343763037,Very Low,84.60559796437659,Relatively Moderate,,Not Applicable,2.119460500963391,Very Low,55.97964376590331,Very Low,99.04580152671755,Relatively High,57.220101781170484,Very Low
54027,West Virginia,WV,Hampshire,38.0089058524173,Very Low,65.6654151022111,Relatively Low,62.81806615776081,Relatively Low,,Not Applicable,26.750160565189468,Very Low,32.63358778625955,Very Low,89.34478371501272,Relatively Moderate,54.93002544529262,Very Low
54029,West Virginia,WV,Hancock,40.68066157760814,Very Low,51.31414267834794,Very Low,66.31679389312977,Relatively Low,,Not Applicable,27.1034039820167,Very Low,30.62977099236641,Very Low,66.66666666666666,Relatively Low,16.50763358778626,Very Low
54031,West Virginia,WV,Hardy,42.461832061068705,Very Low,72.67417605340009,Relatively Low,65.29898218829516,Relatively Low,,Not Applicable,20.68079640333976,Very Low,33.078880407124686,Very Low,89.79007633587787,Relatively Moderate,57.029262086513995,Very Low
54033,West Virginia,WV,Harrison,73.60050890585241,Relatively Low,60.575719649561954,Relatively Low,86.70483460559797,Relatively Moderate,,Not Applicable,39.43481053307643,Relatively Low,51.94020356234097,Very Low,84.7328244274809,Relatively Low,25.222646310432573,Very Low
54035,West Virginia,WV,Jackson,56.45674300254453,Relatively Low,56.52899457655403,Very Low,75.82697201017811,Relatively Moderate,,Not Applicable,58.124598587026334,Relatively Low,41.603053435114504,Very Low,92.27099236641222,Relatively Moderate,20.388040712468193,Very Low
54037,West Virginia,WV,Jefferson,47.80534351145038,Relatively Low,69.0863579474343,Relatively Low,64.18575063613231,Relatively Low,,Not Applicable,61.078998073217726,Relatively Low,62.849872773536894,Relatively Low,56.170483460559794,Very Low,21.85114503816794,Very Low
54039,West Virginia,WV,Kanawha,94.529262086514,Relatively High,64.41385064664163,Relatively Low,97.90076335877863,Relatively High,,Not Applicable,91.65061014771997,Relatively Moderate,76.30407124681933,Relatively Low,96.15139949109415,Relatively Moderate,61.54580152671756,Very Low
54041,West Virginia,WV,Lewis,43.70229007633588,Relatively Low,47.3508552357113,Very Low,69.08396946564885,Relatively Low,,Not Applicable,19.7495183044316,Very Low,25.954198473282442,Very Low,89.05852417302799,Relatively Moderate,7.251908396946565,Very Low
54043,West Virginia,WV,Lincoln,59.70101781170484,Relatively Low,47.43429286608261,Very Low,78.68956743002545,Relatively Moderate,,Not Applicable,72.99293513166344,Relatively Low,37.24554707379134,Very Low,94.21119592875317,Relatively Moderate,71.97837150127226,Relatively Low
54045,West Virginia,WV,Logan,79.23027989821882,Relatively Low,54.276178556529,Very Low,89.3765903307888,Relatively Moderate,,Not Applicable,66.79511881824021,Relatively Low,48.918575063613225,Very Low,91.57124681933843,Relatively Moderate,82.56997455470739,Relatively Low
54047,West Virginia,WV,McDowell,76.65394402035624,Relatively Low,55.19399249061326,Very Low,84.70101781170484,Relatively Moderate,,Not Applicable,12.363519588953114,Very Low,58.61959287531806,Very Low,95.26081424936386,Relatively Moderate,69.30661577608143,Relatively Low
54049,West Virginia,WV,Marion,71.50127226463104,Relatively Low,58.78181059657906,Relatively Low,85.68702290076335,Relatively Moderate,,Not Applicable,37.797045600513805,Very Low,42.08015267175573,Very Low,86.16412213740458,Relatively Low,30.18447837150127,Very Low
54051,West Virginia,WV,Marshall,56.80661577608143,Relatively Low,51.73133083020443,Very Low,76.74936386768448,Relatively Moderate,,Not Applicable,31.63134232498394,Very Low,28.18066157760814,Very Low,90.20356234096693,Relatively Moderate,23.85496183206107,Very Low
54053,West Virginia,WV,Mason,57.44274809160306,Relatively Low,57.5302461410096,Very Low,76.30407124681933,Relatively Moderate,,Not Applicable,69.36416184971098,Relatively Low,43.95674300254453,Very Low,88.00890585241731,Relatively Moderate,30.916030534351147,Very Low
54055,West Virginia,WV,Mercer,65.235368956743,Relatively Low,50.02085940759282,Very Low,78.33969465648855,Relatively Moderate,,Not Applicable,2.215799614643545,Very Low,70.99236641221374,Relatively Low,90.52162849872774,Relatively Moderate,62.849872773536894,Very Low
54057,West Virginia,WV,Mineral,52.83078880407125,Relatively Low,59.69962453066333,Relatively Low,74.23664122137404,Relatively Moderate,,Not Applicable,33.30122029543995,Very Low,32.347328244274806,Very Low,86.32315521628499,Relatively Low,25.795165394402037,Very Low
54059,West Virginia,WV,Mingo,72.58269720101781,Relatively Low,51.606174384647474,Very Low,86.03689567430025,Relatively Moderate,,Not Applicable,66.50610147719973,Relatively Low,48.50508905852418,Very Low,93.79770992366412,Relatively Moderate,81.77480916030534,Relatively Low
54061,West Virginia,WV,Monongalia,71.53307888040712,Relatively Low,63.16228619107217,Relatively Low,84.98727735368958,Relatively Moderate,,Not Applicable,41.45793192035966,Relatively Low,44.43384223918575,Very Low,88.23155216284987,Relatively Moderate,30.788804071246815,Very Low
54063,West Virginia,WV,Monroe,28.27608142493639,Very Low,45.6403838130997,Very Low,49.26844783715013,Relatively Low,,Not Applicable,1.830443159922929,Very Low,44.14758269720102,Very Low,89.18575063613231,Relatively Moderate,50.25445292620865,Very Low
54065,West Virginia,WV,Morgan,30.438931297709924,Very Low,62.619941593658744,Relatively Low,55.88422391857506,Relatively Low,,Not Applicable,34.84264611432242,Very Low,30.375318066157757,Very Low,82.28371501272265,Relatively Low,20.229007633587788,Very Low
54067,West Virginia,WV,Nicholas,58.17430025445292,Relatively Low,46.14100959532749,Very Low,67.04834605597965,Relatively Low,,Not Applicable,7.996146435452794,Very Low,39.53562340966921,Very Low,90.87150127226464,Relatively Moderate,40.5852417302799,Very Low
54069,West Virginia,WV,Ohio,69.81552162849873,Relatively Low,52.10680016687525,Very Low,85.30534351145039,Relatively Moderate,,Not Applicable,32.53050738599871,Very Low,28.912213740458014,Very Low,75.79516539440203,Relatively Low,15.267175572519085,Very Low
54071,West Virginia,WV,Pendleton,30.12086513994911,Very Low,60.82603254067585,Relatively Low,58.460559796437664,Relatively Low,,Not Applicable,3.660886319845857,Very Low,18.702290076335878,Very Low,88.16793893129771,Relatively Moderate,26.78117048346056,Very Low
54073,West Virginia,WV,Pleasants,20.260814249363868,Very Low,43.012098456403834,Very Low,50.031806615776084,Relatively Low,,Not Applicable,19.717405266538215,Very Low,15.458015267175574,Very Low,79.9618320610687,Relatively Low,3.657760814249364,Very Low
54075,West Virginia,WV,Pocahontas,27.544529262086513,Very Low,48.10179390905298,Very Low,54.230279898218825,Relatively Low,,Not Applicable,0.0,No Rating,23.059796437659035,Very Low,89.82188295165395,Relatively Moderate,13.231552162849871,Very Low
54077,West Virginia,WV,Preston,33.842239185750635,Very Low,55.11055486024197,Very Low,59.573791348600516,Relatively Low,,Not Applicable,17.91907514450867,Very Low,27.767175572519083,Very Low,85.43256997455471,Relatively Low,27.385496183206108,Very Low
54079,West Virginia,WV,Putnam,74.01399491094148,Relatively Low,51.522736754276174,Very Low,86.89567430025446,Relatively Moderate,,Not Applicable,84.16827231856134,Relatively Moderate,43.00254452926209,Very Low,89.59923664122137,Relatively Moderate,50.349872773536894,Very Low
54081,West Virginia,WV,Raleigh,65.52162849872774,Relatively Low,52.899457655402585,Very Low,80.91603053435115,Relatively Moderate,,Not Applicable,13.359023763648043,Very Low,70.3880407124682,Relatively Low,92.14376590330788,Relatively Moderate,75.09541984732824,Relatively Low
54083,West Virginia,WV,Randolph,57.06106870229007,Relatively Low,50.81351689612015,Very Low,78.30788804071247,Relatively Moderate,,Not Applicable,1.926782273603083,Very Low,33.9058524173028,Very Low,90.04452926208651,Relatively Moderate,16.857506361323153,Very Low
54085,West Virginia,WV,Ritchie,16.125954198473284,Very Low,45.68210262828536,Very Low,44.43384223918575,Relatively Low,,Not Applicable,18.59344894026975,Very Low,21.946564885496183,Very Low,88.74045801526718,Relatively Moderate,3.912213740458016,Very Low
54087,West Virginia,WV,Roane,45.00636132315521,Relatively Low,51.481017939090535,Very Low,69.17938931297711,Relatively Low,,Not Applicable,38.53564547206166,Very Low,30.979643765903308,Very Low,94.37022900763358,Relatively Moderate,17.111959287531807,Very Low
54089,West Virginia,WV,Summers,40.235368956743,Very Low,41.63537755527743,Very Low,59.637404580152676,Relatively Low,,Not Applicable,2.24791265253693,Very Low,33.14249363867685,Very Low,87.97709923664122,Relatively Moderate,46.94656488549619,Very Low
54091,West Virginia,WV,Taylor,23.505089058524174,Very Low,45.431789737171464,Very Low,53.53053435114504,Relatively Low,,Not Applicable,13.326910725754656,Very Low,21.469465648854964,Very Low,83.49236641221374,Relatively Low,14.917302798982188,Very Low
54093,West Virginia,WV,Tucker,12.563613231552162,Very Low,47.05882352941176,Very Low,39.63104325699746,Relatively Low,,Not Applicable,2.697495183044316,Very Low,16.0941475826972,Very Low,78.02162849872774,Relatively Low,10.05089058524173,Very Low
54095,West Virginia,WV,Tyler,35.591603053435115,Very Low,48.81101376720901,Very Low,63.00890585241731,Relatively Low,,Not Applicable,21.162491971740526,Very Low,21.914758269720103,Very Low,83.84223918575063,Relatively Low,7.888040712468193,Very Low
54097,West Virginia,WV,Upshur,44.847328244274806,Relatively Low,47.80976220275344,Very Low,68.38422391857506,Relatively Low,,Not Applicable,11.014771997430957,Very Low,33.36513994910941,Very Low,90.36259541984732,Relatively Moderate,10.71882951653944,Very Low
54099,West Virginia,WV,Wayne,79.80279898218829,Relatively Low,46.725073007926575,Very Low,89.18575063613231,Relatively Moderate,,Not Applicable,91.07257546563905,Relatively Moderate,48.218829516539444,Very Low,94.72010178117048,Relatively Moderate,76.08142493638677,Relatively Low
54101,West Virginia,WV,Webster,35.273536895674305,Very Low,31.87317480183563,Very Low,60.464376590330794,Relatively Low,,Not Applicable,1.958895311496468,Very Low,24.33206106870229,Very Low,89.2175572519084,Relatively Moderate,2.162849872773537,Very Low
54103,West Virginia,WV,Wetzel,56.902035623409674,Relatively Low,50.89695452649144,Very Low,78.27608142493638,Relatively Moderate,,Not Applicable,22.96082209377007,Very Low,22.80534351145038,Very Low,88.64503816793892,Relatively Moderate,10.623409669211197,Very Low
54105,West Virginia,WV,Wirt,9.033078880407125,Very Low,29.870671672924487,Very Low,35.49618320610687,Relatively Low,,Not Applicable,18.304431599229286,Very Low,12.118320610687022,Very Low,81.29770992366412,Relatively Low,0.508905852417303,Very Low
54107,West Virginia,WV,Wood,79.83460559796438,Relatively Low,60.03337505214852,Relatively Low,89.59923664122137,Relatively Moderate,,Not Applicable,67.53371868978806,Relatively Low,53.62595419847328,Very Low,86.89567430025446,Relatively Low,26.017811704834603,Very Low
54109,West Virginia,WV,Wyoming,67.36641221374046,Relatively Low,51.105548602419695,Very Low,82.69720101781171,Relatively Moderate,,Not Applicable,14.707771355170198,Very Low,40.68066157760814,Very Low,94.30661577608143,Relatively Moderate,74.52290076335878,Relatively Low
55001,Wisconsin,WI,Adams,70.8969465648855,Relatively Low,9.470171047142262,Very Low,72.45547073791349,Relatively Low,,Not Applicable,72.41490044958253,Relatively Low,21.151399491094146,Very Low,50.413486005089055,Very Low,53.11704834605598,Very Low
55003,Wisconsin,WI,Ashland,31.679389312977097,Very Low,0.0,No Rating,28.24427480916031,Very Low,14.6,Very Low,23.249839434810532,Very Low,0.254452926208651,Very Low,10.49618320610687,Very Low,5.407124681933842,Very Low
55005,Wisconsin,WI,Barron,68.63867684478372,Relatively Low,0.0,No Rating,59.06488549618321,Relatively Low,,Not Applicable,76.33269107257547,Relatively Low,7.37913486005089,Very Low,17.080152671755723,Very Low,17.58905852417303,Very Low
55007,Wisconsin,WI,Bayfield,35.08269720101781,Very Low,0.0,No Rating,33.460559796437664,Very Low,24.4,Very Low,31.3102119460501,Very Low,0.0,No Rating,26.176844783715016,Very Low,17.4618320610687,Very Low
55009,Wisconsin,WI,Brown,90.04452926208651,Relatively Moderate,26.115978306216103,Very Low,91.85750636132316,Relatively Moderate,46.400000000000006,Relatively Low,75.97944765574823,Relatively Low,35.337150127226465,Very Low,57.79262086513995,Very Low,33.842239185750635,Very Low
55011,Wisconsin,WI,Buffalo,14.53562340966921,Very Low,0.0,No Rating,24.61832061068702,Very Low,,Not Applicable,29.993577392421322,Very Low,1.908396946564886,Very Low,91.38040712468194,Relatively Moderate,4.262086513994911,Very Low
55013,Wisconsin,WI,Burnett,49.33206106870229,Relatively Low,,Not Applicable,55.470737913486005,Relatively Low,,Not Applicable,38.59987154784842,Very Low,3.180661577608142,Very Low,16.125954198473284,Very Low,68.76590330788804,Relatively Low
55015,Wisconsin,WI,Calumet,30.18447837150127,Very Low,10.17939090529829,Very Low,33.14249363867685,Very Low,,Not Applicable,46.2106615285806,Relatively Low,15.426208651399492,Very Low,24.459287531806613,Very Low,10.082697201017812,Very Low
55017,Wisconsin,WI,Chippewa,67.33460559796438,Relatively Low,0.0,No Rating,71.02417302798982,Relatively Low,,Not Applicable,54.59216441875402,Relatively Low,10.2735368956743,Very Low,66.92111959287533,Relatively Low,20.0381679389313,Very Low
55019,Wisconsin,WI,Clark,68.44783715012723,Relatively Low,0.0,No Rating,69.11577608142494,Relatively Low,,Not Applicable,58.34938985228002,Relatively Low,14.122137404580155,Very Low,45.5470737913486,Very Low,19.783715012722645,Very Low
55021,Wisconsin,WI,Columbia,81.42493638676844,Relatively Moderate,10.596579057154777,Very Low,75.60432569974554,Relatively Moderate,,Not Applicable,80.41104688503532,Relatively Moderate,28.72137404580153,Very Low,72.93256997455471,Relatively Low,42.30279898218829,Very Low
55023,Wisconsin,WI,Crawford,46.21501272264631,Relatively Low,8.1351689612015,Very Low,56.10687022900763,Relatively Low,,Not Applicable,75.81888246628131,Relatively Low,19.942748091603054,Very Low,96.0559796437659,Relatively Moderate,13.931297709923665,Very Low
55025,Wisconsin,WI,Dane,93.86132315521628,Relatively Moderate,29.161451814768462,Very Low,94.30661577608143,Relatively High,,Not Applicable,95.34360950545921,Relatively Moderate,70.67430025445293,Relatively Low,89.40839694656488,Relatively Moderate,60.24173027989822,Very Low
55027,Wisconsin,WI,Dodge,69.91094147582697,Relatively Low,18.439716312056735,Very Low,68.00254452926208,Relatively Low,,Not Applicable,72.703917790623,Relatively Low,36.895674300254456,Very Low,63.295165394402034,Relatively Low,47.58269720101781,Very Low
55029,Wisconsin,WI,Door,46.88295165394402,Relatively Low,0.0,No Rating,52.06743002544529,Relatively Low,40.2,Very Low,9.53757225433526,Very Low,12.754452926208652,Very Low,39.56743002544529,Very Low,39.88549618320611,Very Low
55031,Wisconsin,WI,Douglas,62.37277353689568,Relatively Low,,Not Applicable,61.45038167938931,Relatively Low,24.0,Very Low,61.43224149004496,Relatively Low,2.544529262086514,Very Low,16.157760814249365,Very Low,39.217557251908396,Very Low
55033,Wisconsin,WI,Dunn,48.791348600508904,Relatively Low,0.0,No Rating,50.15903307888041,Relatively Low,,Not Applicable,54.78484264611432,Relatively Low,4.643765903307888,Very Low,84.06488549618321,Relatively Low,11.895674300254452,Very Low
55035,Wisconsin,WI,Eau Claire,78.30788804071247,Relatively Low,0.0,No Rating,79.93002544529261,Relatively Moderate,,Not Applicable,67.37315350032112,Relatively Low,9.82824427480916,Very Low,76.52671755725191,Relatively Low,30.12086513994911,Very Low
55037,Wisconsin,WI,Florence,54.19847328244275,Relatively Low,0.0,No Rating,10.973282442748092,Very Low,,Not Applicable,4.688503532434169,Very Low,0.477099236641221,Very Low,9.287531806615776,Very Low,8.619592875318066,Very Low
55039,Wisconsin,WI,Fond du Lac,76.30407124681933,Relatively Low,20.650813516896118,Very Low,74.33206106870229,Relatively Moderate,,Not Applicable,71.35517019910084,Relatively Low,34.95547073791349,Very Low,55.3117048346056,Very Low,50.699745547073796,Very Low
55041,Wisconsin,WI,Forest,47.391857506361326,Relatively Low,0.0,No Rating,20.737913486005088,Very Low,,Not Applicable,7.546563904945408,Very Low,1.622137404580153,Very Low,13.899491094147582,Very Low,13.42239185750636,Very Low
55043,Wisconsin,WI,Grant,61.06870229007634,Relatively Low,15.310805173133083,Very Low,62.24554707379135,Relatively Low,,Not Applicable,62.973667308927425,Relatively Low,29.802798982188293,Very Low,95.45165394402035,Relatively Moderate,16.666666666666664,Very Low
55045,Wisconsin,WI,Green,46.4058524173028,Relatively Low,10.721735502711722,Very Low,44.40203562340967,Relatively Low,,Not Applicable,52.344251766217084,Relatively Low,28.975826972010175,Very Low,84.4147582697201,Relatively Low,31.138676844783713,Very Low
55047,Wisconsin,WI,Green Lake,58.0470737913486,Relatively Low,12.682519816437212,Very Low,62.30916030534351,Relatively Low,,Not Applicable,54.91329479768786,Relatively Low,24.013994910941474,Very Low,46.978371501272264,Very Low,47.07379134860051,Very Low
55049,Wisconsin,WI,Iowa,23.377862595419845,Very Low,8.17688777638715,Very Low,31.743002544529265,Very Low,,Not Applicable,43.834296724470136,Relatively Low,19.306615776081426,Very Low,91.88931297709924,Relatively Moderate,19.46564885496183,Very Low
55051,Wisconsin,WI,Iron,11.482188295165395,Very Low,0.0,No Rating,18.384223918575064,Very Low,21.8,Very Low,11.432241490044959,Very Low,0.349872773536896,Very Low,11.354961832061068,Very Low,7.410941475826973,Very Low
55053,Wisconsin,WI,Jackson,48.05979643765903,Relatively Low,0.0,No Rating,54.70737913486005,Relatively Low,,Not Applicable,53.371868978805395,Relatively Low,6.393129770992366,Very Low,85.59160305343512,Relatively Low,30.979643765903308,Very Low
55055,Wisconsin,WI,Jefferson,75.79516539440203,Relatively Low,14.392991239048811,Very Low,79.48473282442748,Relatively Moderate,,Not Applicable,71.29094412331408,Relatively Low,43.416030534351144,Very Low,58.07888040712468,Very Low,39.91730279898219,Very Low
55057,Wisconsin,WI,Juneau,70.80152671755725,Relatively Low,8.552357113057989,Very Low,70.70610687022901,Relatively Low,,Not Applicable,95.11881824020553,Relatively Moderate,20.32442748091603,Very Low,80.72519083969466,Relatively Low,46.533078880407125,Very Low
55059,Wisconsin,WI,Kenosha,84.95547073791349,Relatively Moderate,18.1476846057572,Very Low,76.59033078880407,Relatively Moderate,30.8,Very Low,80.37893384714194,Relatively Moderate,61.45038167938931,Relatively Low,26.717557251908396,Very Low,29.103053435114507,Very Low
55061,Wisconsin,WI,Kewaunee,17.302798982188293,Very Low,16.562369628702545,Very Low,24.427480916030532,Very Low,30.2,Very Low,19.62106615285806,Very Low,12.563613231552162,Very Low,27.958015267175572,Very Low,9.860050890585242,Very Low
55063,Wisconsin,WI,La Crosse,80.53435114503816,Relatively Low,0.0,No Rating,74.04580152671755,Relatively Moderate,,Not Applicable,88.47141939627488,Relatively Moderate,22.7735368956743,Very Low,92.68447837150127,Relatively Moderate,11.83206106870229,Very Low
55065,Wisconsin,WI,Lafayette,33.14249363867685,Very Low,13.391739674593243,Very Low,27.25826972010178,Very Low,,Not Applicable,38.4393063583815,Very Low,20.960559796437657,Very Low,79.67557251908397,Relatively Low,14.726463104325699,Very Low
55067,Wisconsin,WI,Langlade,49.55470737913486,Relatively Low,0.0,No Rating,39.18575063613232,Relatively Low,,Not Applicable,15.960179833012203,Very Low,8.460559796437659,Very Low,11.100508905852417,Very Low,20.610687022900763,Very Low
55069,Wisconsin,WI,Lincoln,52.639949109414765,Relatively Low,0.0,No Rating,56.202290076335885,Relatively Low,,Not Applicable,18.625561978163134,Very Low,4.293893129770993,Very Low,10.71882951653944,Very Low,29.611959287531807,Very Low
55071,Wisconsin,WI,Manitowoc,68.92493638676844,Relatively Low,21.735502711722987,Very Low,69.65648854961832,Relatively Low,32.2,Very Low,79.92935131663455,Relatively Moderate,25.254452926208653,Very Low,44.11577608142493,Very Low,19.21119592875318,Very Low
55073,Wisconsin,WI,Marathon,87.1501272264631,Relatively Moderate,0.0,No Rating,87.65903307888041,Relatively Moderate,,Not Applicable,62.78098908156712,Relatively Low,18.03435114503817,Very Low,59.478371501272264,Very Low,40.0763358778626,Very Low
55075,Wisconsin,WI,Marinette,80.02544529262087,Relatively Low,0.0,No Rating,72.70992366412213,Relatively Low,15.8,Very Low,23.763648041104688,Very Low,11.927480916030534,Very Low,18.193384223918574,Very Low,46.723918575063614,Very Low
55077,Wisconsin,WI,Marquette,47.58269720101781,Relatively Low,7.592824363788068,Very Low,43.54325699745547,Relatively Low,,Not Applicable,62.68464996788696,Relatively Low,13.39058524173028,Very Low,46.21501272264631,Very Low,36.73664122137404,Very Low
55078,Wisconsin,WI,Menominee,9.12849872773537,Very Low,0.0,No Rating,7.410941475826973,Very Low,,Not Applicable,14.64354527938343,Very Low,1.208651399491094,Very Low,4.834605597964376,Very Low,3.085241730279898,Very Low
55079,Wisconsin,WI,Milwaukee,98.37786259541986,Relatively High,18.773466833541928,Very Low,97.04198473282443,Relatively High,35.6,Very Low,99.03660886319847,Relatively High,80.75699745547074,Relatively Low,30.979643765903308,Very Low,29.51653944020356,Very Low
55081,Wisconsin,WI,Monroe,78.84860050890585,Relatively Low,11.347517730496454,Very Low,78.43511450381679,Relatively Moderate,,Not Applicable,76.10789980732177,Relatively Low,17.58905852417303,Very Low,93.41603053435115,Relatively Moderate,33.26972010178117,Very Low
55083,Wisconsin,WI,Oconto,61.45038167938931,Relatively Low,0.0,No Rating,68.79770992366412,Relatively Low,37.8,Very Low,28.195247270391775,Very Low,13.040712468193385,Very Low,63.32697201017812,Relatively Low,38.80407124681934,Very Low
55085,Wisconsin,WI,Oneida,62.531806615776084,Relatively Low,0.0,No Rating,61.100508905852415,Relatively Low,,Not Applicable,14.804110468850354,Very Low,5.248091603053435,Very Low,19.6882951653944,Very Low,27.19465648854962,Very Low
55087,Wisconsin,WI,Outagamie,79.67557251908397,Relatively Low,18.189403420942845,Very Low,77.09923664122137,Relatively Moderate,,Not Applicable,71.09826589595376,Relatively Low,29.389312977099237,Very Low,36.51399491094148,Very Low,26.685750636132315,Very Low
55089,Wisconsin,WI,Ozaukee,50.31806615776081,Relatively Low,7.467667918231122,Very Low,58.333333333333336,Relatively Low,31.0,Very Low,56.00513808606294,Relatively Low,26.3676844783715,Very Low,15.362595419847327,Very Low,19.49745547073791,Very Low
55091,Wisconsin,WI,Pepin,7.188295165394402,Very Low,0.0,No Rating,16.221374045801525,Very Low,,Not Applicable,22.8965960179833,Very Low,1.145038167938931,Very Low,73.88676844783714,Relatively Low,2.194656488549618,Very Low
55093,Wisconsin,WI,Pierce,42.33460559796438,Very Low,,Not Applicable,48.69592875318066,Relatively Low,,Not Applicable,35.35645472061657,Very Low,3.276081424936387,Very Low,81.42493638676844,Relatively Low,17.84351145038168,Very Low
55095,Wisconsin,WI,Polk,63.295165394402034,Relatively Low,,Not Applicable,55.18447837150128,Relatively Low,,Not Applicable,60.083493898522796,Relatively Low,5.502544529262086,Very Low,19.21119592875318,Very Low,41.66666666666667,Very Low
55097,Wisconsin,WI,Portage,62.72264631043257,Relatively Low,0.0,No Rating,66.79389312977099,Relatively Low,,Not Applicable,43.0635838150289,Relatively Low,17.048346055979643,Very Low,49.74554707379134,Very Low,32.347328244274806,Very Low
55099,Wisconsin,WI,Price,32.31552162849873,Very Low,0.0,No Rating,38.67684478371501,Relatively Low,,Not Applicable,20.616570327552985,Very Low,2.417302798982188,Very Low,9.82824427480916,Very Low,13.708651399491096,Very Low
55101,Wisconsin,WI,Racine,85.43256997455471,Relatively Moderate,19.35753024614101,Very Low,85.65521628498728,Relatively Moderate,25.0,Very Low,83.04431599229287,Relatively Moderate,61.38676844783715,Relatively Low,34.31933842239186,Very Low,29.770992366412212,Very Low
55103,Wisconsin,WI,Richland,51.55852417302798,Relatively Low,8.635794743429287,Very Low,62.945292620865146,Relatively Low,,Not Applicable,65.15735388567758,Relatively Low,12.054707379134861,Very Low,96.18320610687023,Relatively Moderate,14.821882951653945,Very Low
55105,Wisconsin,WI,Rock,86.35496183206108,Relatively Moderate,14.935335836462244,Very Low,87.59541984732824,Relatively Moderate,,Not Applicable,80.79640333975594,Relatively Moderate,59.31933842239185,Very Low,60.05089058524173,Very Low,26.81297709923664,Very Low
55107,Wisconsin,WI,Rusk,37.27735368956743,Very Low,0.0,No Rating,44.6882951653944,Relatively Low,,Not Applicable,28.901734104046245,Very Low,2.512722646310432,Very Low,9.12849872773537,Very Low,6.615776081424936,Very Low
55109,Wisconsin,WI,St. Croix,64.12213740458014,Relatively Low,,Not Applicable,64.05852417302799,Relatively Low,,Not Applicable,48.94026974951831,Relatively Low,7.124681933842239,Very Low,68.60687022900763,Relatively Low,45.26081424936387,Very Low
55111,Wisconsin,WI,Sauk,72.10559796437659,Relatively Low,9.011264080100124,Very Low,77.54452926208651,Relatively Moderate,,Not Applicable,67.46949261400128,Relatively Low,25.318066157760814,Very Low,87.75445292620864,Relatively Moderate,27.16284987277354,Very Low
55113,Wisconsin,WI,Sawyer,74.49109414758269,Relatively Low,0.0,No Rating,62.086513994910945,Relatively Low,,Not Applicable,33.17276814386641,Very Low,0.795165394402036,Very Low,17.525445292620866,Very Low,17.748091603053435,Very Low
55115,Wisconsin,WI,Shawano,63.13613231552163,Relatively Low,0.0,No Rating,59.732824427480914,Relatively Low,,Not Applicable,41.779062299293514,Relatively Low,13.072519083969466,Very Low,60.49618320610687,Very Low,21.914758269720103,Very Low
55117,Wisconsin,WI,Sheboygan,70.19720101781171,Relatively Low,21.526908635794744,Very Low,71.7557251908397,Relatively Low,27.0,Very Low,68.01541425818883,Relatively Low,30.725190839694655,Very Low,46.087786259541986,Very Low,27.099236641221374,Very Low
55119,Wisconsin,WI,Taylor,37.18193384223918,Very Low,0.0,No Rating,42.525445292620866,Relatively Low,,Not Applicable,31.374438021836866,Very Low,4.103053435114504,Very Low,8.206106870229007,Very Low,14.408396946564887,Very Low
55121,Wisconsin,WI,Trempealeau,58.651399491094146,Relatively Low,0.0,No Rating,67.4618320610687,Relatively Low,,Not Applicable,60.56518946692358,Relatively Low,5.470737913486006,Very Low,90.39440203562341,Relatively Moderate,13.16793893129771,Very Low
55123,Wisconsin,WI,Vernon,74.96819338422391,Relatively Low,9.637046307884855,Very Low,70.16539440203562,Relatively Low,,Not Applicable,66.89145793192036,Relatively Low,13.231552162849871,Very Low,99.01399491094148,Relatively High,17.239185750636132,Very Low
55125,Wisconsin,WI,Vilas,63.26335877862596,Relatively Low,0.0,No Rating,60.87786259541985,Relatively Low,,Not Applicable,12.684649967886962,Very Low,2.735368956743003,Very Low,22.296437659033078,Very Low,22.137404580152673,Very Low
55127,Wisconsin,WI,Walworth,74.77735368956743,Relatively Low,12.599082186065916,Very Low,73.15521628498728,Relatively Moderate,,Not Applicable,73.956326268465,Relatively Low,52.06743002544529,Very Low,65.17175572519083,Relatively Low,25.254452926208653,Very Low
55129,Wisconsin,WI,Washburn,32.76081424936387,Very Low,,Not Applicable,32.538167938931295,Very Low,,Not Applicable,32.62684649967887,Very Low,1.049618320610687,Very Low,17.938931297709924,Very Low,39.47201017811705,Very Low
55131,Wisconsin,WI,Washington,68.32061068702289,Relatively Low,9.261576971214017,Very Low,66.12595419847328,Relatively Low,,Not Applicable,71.99743095696853,Relatively Low,32.50636132315521,Very Low,61.19592875318066,Very Low,49.04580152671756,Very Low
55133,Wisconsin,WI,Waukesha,88.8676844783715,Relatively Moderate,9.720483938256153,Very Low,89.75826972010178,Relatively Moderate,,Not Applicable,90.43031470777136,Relatively Moderate,57.44274809160306,Very Low,62.531806615776084,Relatively Low,49.68193384223918,Very Low
55135,Wisconsin,WI,Waupaca,67.58905852417303,Relatively Low,0.0,No Rating,66.2849872773537,Relatively Low,,Not Applicable,54.56005138086063,Relatively Low,19.27480916030534,Very Low,61.86386768447837,Very Low,40.87150127226463,Very Low
55137,Wisconsin,WI,Waushara,43.25699745547074,Relatively Low,8.927826449728828,Very Low,44.94274809160305,Relatively Low,,Not Applicable,44.15542710340398,Relatively Low,13.104325699745548,Very Low,52.83078880407125,Very Low,51.27226463104325,Very Low
55139,Wisconsin,WI,Winnebago,86.83206106870229,Relatively Moderate,16.896120150187734,Very Low,89.34478371501272,Relatively Moderate,,Not Applicable,75.0160565189467,Relatively Low,33.01526717557252,Very Low,21.342239185750635,Very Low,40.17175572519084,Very Low
55141,Wisconsin,WI,Wood,75.89058524173028,Relatively Low,0.0,No Rating,77.67175572519083,Relatively Moderate,,Not Applicable,49.582530507386,Relatively Low,21.374045801526716,Very Low,28.33969465648855,Very Low,48.155216284987276,Very Low
56001,Wyoming,WY,Albany,48.473282442748086,Relatively Low,,Not Applicable,44.083969465648856,Relatively Low,,Not Applicable,0.0,No Rating,61.54580152671756,Relatively Low,88.26335877862596,Relatively Moderate,84.66921119592875,Relatively Low
56003,Wyoming,WY,Big Horn,31.138676844783713,Very Low,,Not Applicable,52.41730279898219,Relatively Low,,Not Applicable,8.798972382787412,Very Low,61.35496183206107,Relatively Low,97.90076335877863,Relatively High,61.35496183206107,Very Low
56005,Wyoming,WY,Campbell,56.13867684478372,Relatively Low,,Not Applicable,40.235368956743,Relatively Low,,Not Applicable,12.202954399486192,Very Low,72.264631043257,Relatively Low,68.22519083969466,Relatively Low,92.90712468193384,Relatively Moderate
56007,Wyoming,WY,Carbon,42.68447837150127,Very Low,,Not Applicable,50.349872773536894,Relatively Low,,Not Applicable,0.0,No Rating,60.68702290076335,Relatively Low,89.66284987277355,Relatively Moderate,81.90203562340967,Relatively Low
56009,Wyoming,WY,Converse,31.424936386768447,Very Low,,Not Applicable,40.36259541984733,Relatively Low,,Not Applicable,7.000642260757868,Very Low,55.279898218829516,Very Low,60.14631043256997,Very Low,91.0941475826972,Relatively Moderate
56011,Wyoming,WY,Crook,16.06234096692112,Very Low,,Not Applicable,20.13358778625954,Very Low,,Not Applicable,4.206807964033398,Very Low,29.198473282442748,Very Low,47.391857506361326,Very Low,85.05089058524173,Relatively Low
56013,Wyoming,WY,Fremont,59.732824427480914,Relatively Low,,Not Applicable,66.50763358778626,Relatively Low,,Not Applicable,15.1252408477842,Very Low,86.16412213740458,Relatively Low,97.13740458015268,Relatively Moderate,92.55725190839695,Relatively Moderate
56015,Wyoming,WY,Goshen,28.466921119592875,Very Low,,Not Applicable,31.01145038167939,Very Low,,Not Applicable,13.648041104688504,Very Low,38.8676844783715,Very Low,20.32442748091603,Very Low,72.6145038167939,Relatively Low
56017,Wyoming,WY,Hot Springs,16.0941475826972,Very Low,,Not Applicable,39.3765903307888,Relatively Low,,Not Applicable,5.362877328195247,Very Low,60.782442748091604,Relatively Low,95.00636132315522,Relatively Moderate,66.4440203562341,Relatively Low
56019,Wyoming,WY,Johnson,19.306615776081426,Very Low,,Not Applicable,36.895674300254456,Relatively Low,,Not Applicable,6.711624919717406,Very Low,57.69720101781171,Very Low,74.61832061068702,Relatively Low,87.8498727735369,Relatively Low
56021,Wyoming,WY,Laramie,76.68575063613231,Relatively Low,,Not Applicable,66.95292620865139,Relatively Low,,Not Applicable,19.235709698137445,Very Low,69.97455470737913,Relatively Low,42.68447837150127,Very Low,91.85750636132316,Relatively Moderate
56023,Wyoming,WY,Lincoln,51.908396946564885,Relatively Low,,Not Applicable,35.46437659033079,Relatively Low,,Not Applicable,2.087347463070007,Very Low,87.81806615776081,Relatively Low,95.22900763358778,Relatively Moderate,83.61959287531806,Relatively Low
56025,Wyoming,WY,Natrona,68.86132315521628,Relatively Low,,Not Applicable,74.71374045801527,Relatively Moderate,,Not Applicable,17.21258831085421,Very Low,82.82442748091603,Relatively Low,91.69847328244275,Relatively Moderate,93.03435114503816,Relatively Moderate
56027,Wyoming,WY,Niobrara,3.339694656488549,Very Low,,Not Applicable,6.933842239185751,Very Low,,Not Applicable,5.619781631342325,Very Low,28.403307888040715,Very Low,35.30534351145038,Very Low,80.88422391857506,Relatively Low
56029,Wyoming,WY,Park,57.729007633587784,Relatively Low,,Not Applicable,60.782442748091604,Relatively Low,,Not Applicable,8.220937700706486,Very Low,78.18066157760815,Relatively Low,97.2328244274809,Relatively Moderate,82.72900763358778,Relatively Low
56031,Wyoming,WY,Platte,25.731552162849873,Very Low,,Not Applicable,33.17430025445292,Very Low,,Not Applicable,9.280667951188182,Very Low,40.5852417302799,Very Low,43.12977099236641,Very Low,87.59541984732824,Relatively Low
56033,Wyoming,WY,Sheridan,65.20356234096693,Relatively Low,,Not Applicable,74.42748091603053,Relatively Moderate,,Not Applicable,33.49389852280026,Very Low,65.48982188295165,Relatively Low,76.30407124681933,Relatively Low,93.89312977099237,Relatively Moderate
56035,Wyoming,WY,Sublette,21.62849872773537,Very Low,,Not Applicable,21.4058524173028,Very Low,,Not Applicable,0.0,No Rating,76.20865139949109,Relatively Low,93.73409669211196,Relatively Moderate,87.72264631043257,Relatively Low
56037,Wyoming,WY,Sweetwater,30.62977099236641,Very Low,,Not Applicable,52.44910941475827,Relatively Low,,Not Applicable,0.0,No Rating,65.55343511450383,Relatively Low,90.5852417302799,Relatively Moderate,66.15776081424937,Relatively Low
56039,Wyoming,WY,Teton,70.64249363867684,Relatively Low,,Not Applicable,34.73282442748092,Very Low,,Not Applicable,2.151573538856776,Very Low,87.11832061068702,Relatively Low,93.8295165394402,Relatively Moderate,90.64885496183206,Relatively Moderate
56041,Wyoming,WY,Uinta,16.698473282442748,Very Low,,Not Applicable,34.06488549618321,Very Low,,Not Applicable,0.0,No Rating,64.15394402035624,Relatively Low,79.89821882951654,Relatively Low,83.49236641221374,Relatively Low
56043,Wyoming,WY,Washakie,24.36386768447837,Very Low,,Not Applicable,48.60050890585242,Relatively Low,,Not Applicable,7.482337829158639,Very Low,71.72391857506362,Relatively Low,93.32061068702289,Relatively Moderate,66.73027989821882,Relatively Low
56045,Wyoming,WY,Weston,7.888040712468193,Very Low,,Not Applicable,8.206106870229007,Very Low,,Not Applicable,4.977520873474631,Very Low,31.265903307888042,Very Low,45.19720101781171,Very Low,83.7468193384224,Relatively Low
60010,American Samoa,AS,Eastern,,Insufficient Data,,Insufficient Data,,Insufficient Data,,Insufficient Data,,Insufficient Data,,Insufficient Data,,Insufficient Data,,Insufficient Data
60020,American Samoa,AS,Manu'a,,Insufficient Data,,Insufficient Data,,Insufficient Data,,Insufficient Data,,Insufficient Data,,Insufficient Data,,Insufficient Data,,Insufficient Data
60050,American Samoa,AS,Western,,Insufficient Data,,Insufficient Data,,Insufficient Data,,Insufficient Data,,Insufficient Data,,Insufficient Data,,Insufficient Data,,Insufficient Data
66010,Guam,GU,Guam,,Insufficient Data,,Insufficient Data,,Insufficient Data,,Insufficient Data,,Insufficient Data,,Insufficient Data,,Insufficient Data,,Insufficient Data
69100,Northern Mariana Islands,MP,Rota,,Insufficient Data,,Insufficient Data,,Insufficient Data,,Insufficient Data,,Insufficient Data,,Insufficient Data,,Insufficient Data,,Insufficient Data
69110,Northern Mariana Islands,MP,Saipan,,Insufficient Data,,Insufficient Data,,Insufficient Data,,Insufficient Data,,Insufficient Data,,Insufficient Data,,Insufficient Data,,Insufficient Data
69120,Northern Mariana Islands,MP,Tinian,,Insufficient Data,,Insufficient Data,,Insufficient Data,,Insufficient Data,,Insufficient Data,,Insufficient Data,,Insufficient Data,,Insufficient Data
72001,Puerto Rico,PR,Adjuntas,,Insufficient Data,,Insufficient Data,,Insufficient Data,,Insufficient Data,,Insufficient Data,,Insufficient Data,,Insufficient Data,,Insufficient Data
72003,Puerto Rico,PR,Aguada,,Insufficient Data,,Insufficient Data,,Insufficient Data,,Insufficient Data,,Insufficient Data,,Insufficient Data,,Insufficient Data,,Insufficient Data
72005,Puerto Rico,PR,Aguadilla,,Insufficient Data,,Insufficient Data,,Insufficient Data,,Insufficient Data,,Insufficient Data,,Insufficient Data,,Insufficient Data,,Insufficient Data
72007,Puerto Rico,PR,Aguas Buenas,,Insufficient Data,,Insufficient Data,,Insufficient Data,,Insufficient Data,,Insufficient Data,,Insufficient Data,,Insufficient Data,,Insufficient Data
72009,Puerto Rico,PR,Aibonito,,Insufficient Data,,Insufficient Data,,Insufficient Data,,Insufficient Data,,Insufficient Data,,Insufficient Data,,Insufficient Data,,Insufficient Data
72011,Puerto Rico,PR,Añasco,,Insufficient Data,,Insufficient Data,,Insufficient Data,,Insufficient Data,,Insufficient Data,,Insufficient Data,,Insufficient Data,,Insufficient Data
72013,Puerto Rico,PR,Arecibo,,Insufficient Data,,Insufficient Data,,Insufficient Data,,Insufficient Data,,Insufficient Data,,Insufficient Data,,Insufficient Data,,Insufficient Data
72015,Puerto Rico,PR,Arroyo,,Insufficient Data,,Insufficient Data,,Insufficient Data,,Insufficient Data,,Insufficient Data,,Insufficient Data,,Insufficient Data,,Insufficient Data
72017,Puerto Rico,PR,Barceloneta,,Insufficient Data,,Insufficient Data,,Insufficient Data,,Insufficient Data,,Insufficient Data,,Insufficient Data,,Insufficient Data,,Insufficient Data
72019,Puerto Rico,PR,Barranquitas,,Insufficient Data,,Insufficient Data,,Insufficient Data,,Insufficient Data,,Insufficient Data,,Insufficient Data,,Insufficient Data,,Insufficient Data
72021,Puerto Rico,PR,Bayamón,,Insufficient Data,,Insufficient Data,,Insufficient Data,,Insufficient Data,,Insufficient Data,,Insufficient Data,,Insufficient Data,,Insufficient Data
72023,Puerto Rico,PR,Cabo Rojo,,Insufficient Data,,Insufficient Data,,Insufficient Data,,Insufficient Data,,Insufficient Data,,Insufficient Data,,Insufficient Data,,Insufficient Data
72025,Puerto Rico,PR,Caguas,,Insufficient Data,,Insufficient Data,,Insufficient Data,,Insufficient Data,,Insufficient Data,,Insufficient Data,,Insufficient Data,,Insufficient Data
72027,Puerto Rico,PR,Camuy,,Insufficient Data,,Insufficient Data,,Insufficient Data,,Insufficient Data,,Insufficient Data,,Insufficient Data,,Insufficient Data,,Insufficient Data
72029,Puerto Rico,PR,Canóvanas,,Insufficient Data,,Insufficient Data,,Insufficient Data,,Insufficient Data,,Insufficient Data,,Insufficient Data,,Insufficient Data,,Insufficient Data
72031,Puerto Rico,PR,Carolina,,Insufficient Data,,Insufficient Data,,Insufficient Data,,Insufficient Data,,Insufficient Data,,Insufficient Data,,Insufficient Data,,Insufficient Data
72033,Puerto Rico,PR,Cataño,,Insufficient Data,,Insufficient Data,,Insufficient Data,,Insufficient Data,,Insufficient Data,,Insufficient Data,,Insufficient Data,,Insufficient Data
72035,Puerto Rico,PR,Cayey,,Insufficient Data,,Insufficient Data,,Insufficient Data,,Insufficient Data,,Insufficient Data,,Insufficient Data,,Insufficient Data,,Insufficient Data
72037,Puerto Rico,PR,Ceiba,,Insufficient Data,,Insufficient Data,,Insufficient Data,,Insufficient Data,,Insufficient Data,,Insufficient Data,,Insufficient Data,,Insufficient Data
72039,Puerto Rico,PR,Ciales,,Insufficient Data,,Insufficient Data,,Insufficient Data,,Insufficient Data,,Insufficient Data,,Insufficient Data,,Insufficient Data,,Insufficient Data
72041,Puerto Rico,PR,Cidra,,Insufficient Data,,Insufficient Data,,Insufficient Data,,Insufficient Data,,Insufficient Data,,Insufficient Data,,Insufficient Data,,Insufficient Data
72043,Puerto Rico,PR,Coamo,,Insufficient Data,,Insufficient Data,,Insufficient Data,,Insufficient Data,,Insufficient Data,,Insufficient Data,,Insufficient Data,,Insufficient Data
72045,Puerto Rico,PR,Comerío,,Insufficient Data,,Insufficient Data,,Insufficient Data,,Insufficient Data,,Insufficient Data,,Insufficient Data,,Insufficient Data,,Insufficient Data
72047,Puerto Rico,PR,Corozal,,Insufficient Data,,Insufficient Data,,Insufficient Data,,Insufficient Data,,Insufficient Data,,Insufficient Data,,Insufficient Data,,Insufficient Data
72049,Puerto Rico,PR,Culebra,,Insufficient Data,,Insufficient Data,,Insufficient Data,,Insufficient Data,,Insufficient Data,,Insufficient Data,,Insufficient Data,,Insufficient Data
72051,Puerto Rico,PR,Dorado,,Insufficient Data,,Insufficient Data,,Insufficient Data,,Insufficient Data,,Insufficient Data,,Insufficient Data,,Insufficient Data,,Insufficient Data
72053,Puerto Rico,PR,Fajardo,,Insufficient Data,,Insufficient Data,,Insufficient Data,,Insufficient Data,,Insufficient Data,,Insufficient Data,,Insufficient Data,,Insufficient Data
72054,Puerto Rico,PR,Florida,,Insufficient Data,,Insufficient Data,,Insufficient Data,,Insufficient Data,,Insufficient Data,,Insufficient Data,,Insufficient Data,,Insufficient Data
72055,Puerto Rico,PR,Guánica,,Insufficient Data,,Insufficient Data,,Insufficient Data,,Insufficient Data,,Insufficient Data,,Insufficient Data,,Insufficient Data,,Insufficient Data
72057,Puerto Rico,PR,Guayama,,Insufficient Data,,Insufficient Data,,Insufficient Data,,Insufficient Data,,Insufficient Data,,Insufficient Data,,Insufficient Data,,Insufficient Data
72059,Puerto Rico,PR,Guayanilla,,Insufficient Data,,Insufficient Data,,Insufficient Data,,Insufficient Data,,Insufficient Data,,Insufficient Data,,Insufficient Data,,Insufficient Data
72061,Puerto Rico,PR,Guaynabo,,Insufficient Data,,Insufficient Data,,Insufficient Data,,Insufficient Data,,Insufficient Data,,Insufficient Data,,Insufficient Data,,Insufficient Data
72063,Puerto Rico,PR,Gurabo,,Insufficient Data,,Insufficient Data,,Insufficient Data,,Insufficient Data,,Insufficient Data,,Insufficient Data,,Insufficient Data,,Insufficient Data
72065,Puerto Rico,PR,Hatillo,,Insufficient Data,,Insufficient Data,,Insufficient Data,,Insufficient Data,,Insufficient Data,,Insufficient Data,,Insufficient Data,,Insufficient Data
72067,Puerto Rico,PR,Hormigueros,,Insufficient Data,,Insufficient Data,,Insufficient Data,,Insufficient Data,,Insufficient Data,,Insufficient Data,,Insufficient Data,,Insufficient Data
72069,Puerto Rico,PR,Humacao,,Insufficient Data,,Insufficient Data,,Insufficient Data,,Insufficient Data,,Insufficient Data,,Insufficient Data,,Insufficient Data,,Insufficient Data
72071,Puerto Rico,PR,Isabela,,Insufficient Data,,Insufficient Data,,Insufficient Data,,Insufficient Data,,Insufficient Data,,Insufficient Data,,Insufficient Data,,Insufficient Data
72073,Puerto Rico,PR,Jayuya,,Insufficient Data,,Insufficient Data,,Insufficient Data,,Insufficient Data,,Insufficient Data,,Insufficient Data,,Insufficient Data,,Insufficient Data
72075,Puerto Rico,PR,Juana Díaz,,Insufficient Data,,Insufficient Data,,Insufficient Data,,Insufficient Data,,Insufficient Data,,Insufficient Data,,Insufficient Data,,Insufficient Data
72077,Puerto Rico,PR,Juncos,,Insufficient Data,,Insufficient Data,,Insufficient Data,,Insufficient Data,,Insufficient Data,,Insufficient Data,,Insufficient Data,,Insufficient Data
72079,Puerto Rico,PR,Lajas,,Insufficient Data,,Insufficient Data,,Insufficient Data,,Insufficient Data,,Insufficient Data,,Insufficient Data,,Insufficient Data,,Insufficient Data
72081,Puerto Rico,PR,Lares,,Insufficient Data,,Insufficient Data,,Insufficient Data,,Insufficient Data,,Insufficient Data,,Insufficient Data,,Insufficient Data,,Insufficient Data
72083,Puerto Rico,PR,Las Marías,,Insufficient Data,,Insufficient Data,,Insufficient Data,,Insufficient Data,,Insufficient Data,,Insufficient Data,,Insufficient Data,,Insufficient Data
72085,Puerto Rico,PR,Las Piedras,,Insufficient Data,,Insufficient Data,,Insufficient Data,,Insufficient Data,,Insufficient Data,,Insufficient Data,,Insufficient Data,,Insufficient Data
72087,Puerto Rico,PR,Loíza,,Insufficient Data,,Insufficient Data,,Insufficient Data,,Insufficient Data,,Insufficient Data,,Insufficient Data,,Insufficient Data,,Insufficient Data
72089,Puerto Rico,PR,Luquillo,,Insufficient Data,,Insufficient Data,,Insufficient Data,,Insufficient Data,,Insufficient Data,,Insufficient Data,,Insufficient Data,,Insufficient Data
72091,Puerto Rico,PR,Manatí,,Insufficient Data,,Insufficient Data,,Insufficient Data,,Insufficient Data,,Insufficient Data,,Insufficient Data,,Insufficient Data,,Insufficient Data
72093,Puerto Rico,PR,Maricao,,Insufficient Data,,Insufficient Data,,Insufficient Data,,Insufficient Data,,Insufficient Data,,Insufficient Data,,Insufficient Data,,Insufficient Data
72095,Puerto Rico,PR,Maunabo,,Insufficient Data,,Insufficient Data,,Insufficient Data,,Insufficient Data,,Insufficient Data,,Insufficient Data,,Insufficient Data,,Insufficient Data
72097,Puerto Rico,PR,Mayagüez,,Insufficient Data,,Insufficient Data,,Insufficient Data,,Insufficient Data,,Insufficient Data,,Insufficient Data,,Insufficient Data,,Insufficient Data
72099,Puerto Rico,PR,Moca,,Insufficient Data,,Insufficient Data,,Insufficient Data,,Insufficient Data,,Insufficient Data,,Insufficient Data,,Insufficient Data,,Insufficient Data
72101,Puerto Rico,PR,Morovis,,Insufficient Data,,Insufficient Data,,Insufficient Data,,Insufficient Data,,Insufficient Data,,Insufficient Data,,Insufficient Data,,Insufficient Data
72103,Puerto Rico,PR,Naguabo,,Insufficient Data,,Insufficient Data,,Insufficient Data,,Insufficient Data,,Insufficient Data,,Insufficient Data,,Insufficient Data,,Insufficient Data
72105,Puerto Rico,PR,Naranjito,,Insufficient Data,,Insufficient Data,,Insufficient Data,,Insufficient Data,,Insufficient Data,,Insufficient Data,,Insufficient Data,,Insufficient Data
72107,Puerto Rico,PR,Orocovis,,Insufficient Data,,Insufficient Data,,Insufficient Data,,Insufficient Data,,Insufficient Data,,Insufficient Data,,Insufficient Data,,Insufficient Data
72109,Puerto Rico,PR,Patillas,,Insufficient Data,,Insufficient Data,,Insufficient Data,,Insufficient Data,,Insufficient Data,,Insufficient Data,,Insufficient Data,,Insufficient Data
72111,Puerto Rico,PR,Peñuelas,,Insufficient Data,,Insufficient Data,,Insufficient Data,,Insufficient Data,,Insufficient Data,,Insufficient Data,,Insufficient Data,,Insufficient Data
72113,Puerto Rico,PR,Ponce,,Insufficient Data,,Insufficient Data,,Insufficient Data,,Insufficient Data,,Insufficient Data,,Insufficient Data,,Insufficient Data,,Insufficient Data
72115,Puerto Rico,PR,Quebradillas,,Insufficient Data,,Insufficient Data,,Insufficient Data,,Insufficient Data,,Insufficient Data,,Insufficient Data,,Insufficient Data,,Insufficient Data
72117,Puerto Rico,PR,Rincón,,Insufficient Data,,Insufficient Data,,Insufficient Data,,Insufficient Data,,Insufficient Data,,Insufficient Data,,Insufficient Data,,Insufficient Data
72119,Puerto Rico,PR,Río Grande,,Insufficient Data,,Insufficient Data,,Insufficient Data,,Insufficient Data,,Insufficient Data,,Insufficient Data,,Insufficient Data,,Insufficient Data
72121,Puerto Rico,PR,Sabana Grande,,Insufficient Data,,Insufficient Data,,Insufficient Data,,Insufficient Data,,Insufficient Data,,Insufficient Data,,Insufficient Data,,Insufficient Data
72123,Puerto Rico,PR,Salinas,,Insufficient Data,,Insufficient Data,,Insufficient Data,,Insufficient Data,,Insufficient Data,,Insufficient Data,,Insufficient Data,,Insufficient Data
72125,Puerto Rico,PR,San Germán,,Insufficient Data,,Insufficient Data,,Insufficient Data,,Insufficient Data,,Insufficient Data,,Insufficient Data,,Insufficient Data,,Insufficient Data
72127,Puerto Rico,PR,San Juan,,Insufficient Data,,Insufficient Data,,Insufficient Data,,Insufficient Data,,Insufficient Data,,Insufficient Data,,Insufficient Data,,Insufficient Data
72129,Puerto Rico,PR,San Lorenzo,,Insufficient Data,,Insufficient Data,,Insufficient Data,,Insufficient Data,,Insufficient Data,,Insufficient Data,,Insufficient Data,,Insufficient Data
72131,Puerto Rico,PR,San Sebastián,,Insufficient Data,,Insufficient Data,,Insufficient Data,,Insufficient Data,,Insufficient Data,,Insufficient Data,,Insufficient Data,,Insufficient Data
72133,Puerto Rico,PR,Santa Isabel,,Insufficient Data,,Insufficient Data,,Insufficient Data,,Insufficient Data,,Insufficient Data,,Insufficient Data,,Insufficient Data,,Insufficient Data
72135,Puerto Rico,PR,Toa Alta,,Insufficient Data,,Insufficient Data,,Insufficient Data,,Insufficient Data,,Insufficient Data,,Insufficient Data,,Insufficient Data,,Insufficient Data
72137,Puerto Rico,PR,Toa Baja,,Insufficient Data,,Insufficient Data,,Insufficient Data,,Insufficient Data,,Insufficient Data,,Insufficient Data,,Insufficient Data,,Insufficient Data
72139,Puerto Rico,PR,Trujillo Alto,,Insufficient Data,,Insufficient Data,,Insufficient Data,,Insufficient Data,,Insufficient Data,,Insufficient Data,,Insufficient Data,,Insufficient Data
72141,Puerto Rico,PR,Utuado,,Insufficient Data,,Insufficient Data,,Insufficient Data,,Insufficient Data,,Insufficient Data,,Insufficient Data,,Insufficient Data,,Insufficient Data
72143,Puerto Rico,PR,Vega Alta,,Insufficient Data,,Insufficient Data,,Insufficient Data,,Insufficient Data,,Insufficient Data,,Insufficient Data,,Insufficient Data,,Insufficient Data
72145,Puerto Rico,PR,Vega Baja,,Insufficient Data,,Insufficient Data,,Insufficient Data,,Insufficient Data,,Insufficient Data,,Insufficient Data,,Insufficient Data,,Insufficient Data
72147,Puerto Rico,PR,Vieques,,Insufficient Data,,Insufficient Data,,Insufficient Data,,Insufficient Data,,Insufficient Data,,Insufficient Data,,Insufficient Data,,Insufficient Data
72149,Puerto Rico,PR,Villalba,,Insufficient Data,,Insufficient Data,,Insufficient Data,,Insufficient Data,,Insufficient Data,,Insufficient Data,,Insufficient Data,,Insufficient Data
72151,Puerto Rico,PR,Yabucoa,,Insufficient Data,,Insufficient Data,,Insufficient Data,,Insufficient Data,,Insufficient Data,,Insufficient Data,,Insufficient Data,,Insufficient Data
72153,Puerto Rico,PR,Yauco,,Insufficient Data,,Insufficient Data,,Insufficient Data,,Insufficient Data,,Insufficient Data,,Insufficient Data,,Insufficient Data,,Insufficient Data
78010,Virgin Islands,VI,St. Croix,,Insufficient Data,,Insufficient Data,,Insufficient Data,,Insufficient Data,,Insufficient Data,,Insufficient Data,,Insufficient Data,,Insufficient Data
78020,Virgin Islands,VI,St. John,,Insufficient Data,,Insufficient Data,,Insufficient Data,,Insufficient Data,,Insufficient Data,,Insufficient Data,,Insufficient Data,,Insufficient Data
78030,Virgin Islands,VI,St. Thomas,,Insufficient Data,,Insufficient Data,,Insufficient Data,,Insufficient Data,,Insufficient Data,,Insufficient Data,,Insufficient Data,,Insufficient Data
